customer_id,customer_name,gender,city,state,signup_date,membership,age
C00001,Sourabh,Male,Mangaluru,KA,2024-04-06,Silver,22
C00002,Sharda,Female,Jalandhar,PB,2025-05-28,None,65
C00003,Arafat,Male,Vasai,MH,2023-12-26,Platinum,27
C00004,Nitesh,Male,Dadar,MH,2023-11-13,None,56
C00005,Prince,Male,Belagavi,KA,2024-08-28,Silver,55
C00006,Sourabh,Male,Patiala,PB,2024-06-24,Gold,28
C00007,Anamika,Female,Jalandhar,PB,2025-01-15,Silver,68
C00008,Brijesh,Male,Patiala,PB,2023-05-31,None,26
C00009,Prem,Male,Jalandhar,PB,2025-01-20,Platinum,68
C00010,Briti,Female,Palghar,MH,2025-01-28,Silver,22
C00011,Brijesh,Male,Mysuru,KA,2023-01-13,None,45
C00012,Sakhshi,Female,Udaipur,RJ,2023-04-09,None,33
C00013,Prince,Male,Palghar,MH,2023-03-26,Platinum,56
C00014,Sakhshi,Female,Mysuru,KA,2023-07-28,Gold,58
C00015,Param,Male,Palghar,MH,2025-01-30,None,32
C00016,Dhriti,Female,Jalandhar,PB,2024-08-27,Silver,32
C00017,Dhriti,Female,Belagavi,KA,2024-05-25,Silver,32
C00018,Sakhshi,Female,Nashik,MH,2023-06-08,Platinum,61
C00019,Sourabh,Male,Patiala,PB,2023-12-24,Gold,24
C00020,Dhoni,Male,Pune,MH,2024-04-04,Platinum,44
C00021,Briti,Female,Palghar,MH,2025-05-13,Silver,33
C00022,Anamika,Female,Hubballi-Dharwad,KA,2023-03-29,Platinum,68
C00023,Brijesh,Male,Thane,MH,2023-12-20,Platinum,50
C00024,Aarti,Female,Hubballi-Dharwad,KA,2023-11-05,Silver,64
C00025,Brijesh,Male,Udaipur,RJ,2023-02-12,Silver,44
C00026,Anamika,Female,Jalandhar,PB,2024-01-17,None,52
C00027,Sharda,Female,Belagavi,KA,2025-05-31,Gold,62
C00028,Sourabh,Male,Patiala,PB,2024-02-21,Platinum,41
C00029,Dhoni,Male,Mysuru,KA,2023-01-12,Gold,43
C00030,Anamika,Female,Jalandhar,PB,2023-08-22,Gold,57
C00031,Anamika,Female,Palghar,MH,2024-08-07,None,29
C00032,Dhoni,Male,Jaipur,RJ,2024-04-07,None,20
C00033,Sourabh,Male,Mangaluru,KA,2024-03-10,Platinum,59
C00034,Anjali,Female,Mysuru,KA,2024-06-12,Gold,24
C00035,Ajay,Male,Patiala,PB,2024-12-29,Gold,51
C00036,Suraj,Male,Dadar,MH,2025-05-10,Silver,43
C00037,Sonu,Male,Palghar,MH,2024-02-22,Platinum,33
C00038,Dhoni,Male,Ludhiyana,PB,2024-06-10,Silver,22
C00039,Shreya,Female,Palghar,MH,2023-04-26,Silver,26
C00040,Dhoni,Male,Nashik,MH,2023-01-08,Silver,30
C00041,Arafat,Male,Vasai,MH,2024-08-22,Platinum,19
C00042,Briti,Female,Patiala,PB,2024-11-10,Platinum,24
C00043,Brijesh,Male,Nashik,MH,2023-04-14,Gold,42
C00044,Nitesh,Male,Hubballi-Dharwad,KA,2023-10-30,Gold,66
C00045,Anamika,Female,Amritsar,PB,2023-05-11,Gold,57
C00046,Nitesh,Male,Amritsar,PB,2024-10-28,Silver,31
C00047,Aarti,Female,Amritsar,PB,2024-10-21,Silver,23
C00048,Anjali,Female,Mysuru,KA,2024-12-16,Silver,68
C00049,Briti,Female,Belagavi,KA,2025-05-22,Silver,54
C00050,Shreya,Female,Belagavi,KA,2024-08-03,Silver,41
C00051,Dhriti,Female,Jalandhar,PB,2024-01-21,Silver,70
C00052,Anamika,Female,Palghar,MH,2023-08-09,Silver,19
C00053,Anamika,Female,Belagavi,KA,2025-06-07,Platinum,47
C00054,Minakshi,Female,Mangaluru,KA,2024-09-13,Platinum,47
C00055,Arafat,Male,Belagavi,KA,2024-04-08,None,56
C00056,Suraj,Male,Hubballi-Dharwad,KA,2023-03-06,Platinum,26
C00057,Aarti,Female,Hubballi-Dharwad,KA,2025-05-31,Silver,25
C00058,Briti,Female,Patiala,PB,2024-11-27,None,48
C00059,Sourabh,Male,Ahmedabad,GJ,2024-05-10,None,68
C00060,Sakhshi,Female,Nashik,MH,2023-04-13,Gold,26
C00061,Rahul,Male,Nashik,MH,2023-03-19,Gold,31
C00062,Dhoni,Male,Mumbai,MH,2024-11-01,None,60
C00063,Param,Male,Jalandhar,PB,2025-03-08,Gold,55
C00064,Sharda,Female,Chennai,TN,2024-08-29,Gold,33
C00065,Vivek,Male,Patiala,PB,2024-09-22,Platinum,19
C00066,Sonu,Male,Surat,GJ,2025-05-17,Platinum,32
C00067,Arafat,Male,Jalandhar,PB,2023-04-25,Platinum,68
C00068,Priya,Female,Pune,MH,2024-07-05,Platinum,30
C00069,Aarti,Female,Dadar,MH,2023-11-14,None,25
C00070,Anamika,Female,Dadar,MH,2024-07-21,Silver,41
C00071,Sourabh,Male,Solapur,MH,2024-03-27,None,29
C00072,Arafat,Male,Vasai,MH,2024-12-07,Platinum,62
C00073,Ankita,Female,Patiala,PB,2023-04-06,Platinum,67
C00074,Aarti,Female,Dadar,MH,2025-05-27,None,40
C00075,Rahul,Male,Mysuru,KA,2023-12-14,Silver,47
C00076,Suraj,Male,Amritsar,PB,2025-05-19,Gold,65
C00077,Sourabh,Male,Mangaluru,KA,2024-04-17,Gold,36
C00078,Suraj,Male,Amritsar,PB,2023-05-05,None,67
C00079,Sonu,Male,Palghar,MH,2024-02-23,None,36
C00080,Brijesh,Male,Thane,MH,2023-10-22,Gold,51
C00081,Rahul,Male,Patiala,PB,2024-11-15,None,65
C00082,Sakhshi,Female,Nashik,MH,2023-05-05,Platinum,18
C00083,Dhoni,Male,Pune,MH,2024-10-05,None,35
C00084,Dhoni,Male,Jaipur,RJ,2024-07-10,None,48
C00085,Ajay,Male,Palghar,MH,2024-12-02,Silver,44
C00086,Anamika,Female,Belagavi,KA,2024-07-21,Silver,69
C00087,Nitesh,Male,Hubballi-Dharwad,KA,2023-10-21,Gold,67
C00088,Dhoni,Male,Pune,MH,2023-08-04,Gold,50
C00089,Minakshi,Female,Mangaluru,KA,2024-06-19,None,34
C00090,Dhoni,Male,Bengaluru,KA,2024-08-02,None,43
C00091,Shreya,Female,Belagavi,KA,2025-04-13,None,30
C00092,Brijesh,Male,Mysuru,KA,2023-04-07,None,36
C00093,Priya,Female,Jaipur,RJ,2023-07-08,Silver,30
C00094,Sakhshi,Female,Patiala,PB,2023-07-01,Silver,26
C00095,Dhriti,Female,Belagavi,KA,2025-03-26,None,21
C00096,Brijesh,Male,Mysuru,KA,2023-01-19,Silver,60
C00097,Suraj,Male,Hubballi-Dharwad,KA,2023-05-06,None,41
C00098,Prince,Male,Belagavi,KA,2023-01-29,Gold,68
C00099,Priya,Female,Pune,MH,2025-03-04,Gold,25
C00100,Vishal,Male,Ludhiyana,PB,2024-05-13,Silver,32
C00101,Dhriti,Female,Belagavi,KA,2023-01-27,Platinum,54
C00102,Prem,Male,Belagavi,KA,2025-01-08,Platinum,59
C00103,Brijesh,Male,Mysuru,KA,2023-07-19,Platinum,31
C00104,Briti,Female,Palghar,MH,2025-03-17,Silver,62
C00105,Dhoni,Male,Mumbai,MH,2023-05-01,Platinum,29
C00106,Ankita,Female,Udaipur,RJ,2024-04-19,Silver,45
C00107,Sakhshi,Female,Mysuru,KA,2023-09-18,Silver,40
C00108,Sourabh,Male,Patiala,PB,2024-05-05,Silver,54
C00109,Amol,Male,Naigaon,MH,2024-09-19,Platinum,52
C00110,Vivek,Male,Solapur,MH,2024-08-25,None,26
C00111,Anjali,Female,Mysuru,KA,2023-02-14,Silver,27
C00112,Suraj,Male,Dadar,MH,2025-05-16,Silver,46
C00113,Suraj,Male,Hubballi-Dharwad,KA,2025-03-29,None,66
C00114,Rahul,Male,Patiala,PB,2023-10-15,None,51
C00115,Sourabh,Male,Patiala,PB,2023-12-26,None,36
C00116,Vishal,Male,Patiala,PB,2024-03-14,Platinum,64
C00117,Prince,Male,Belagavi,KA,2023-04-30,None,22
C00118,Rahul,Male,Nashik,MH,2023-09-18,None,53
C00119,Prince,Male,Jalandhar,PB,2024-12-26,Gold,23
C00120,Sourabh,Male,Patiala,PB,2024-03-18,Platinum,22
C00121,Nitesh,Male,Hubballi-Dharwad,KA,2023-11-12,Gold,34
C00122,Anamika,Female,Amritsar,PB,2023-03-13,None,56
C00123,Anamika,Female,Vasai,MH,2024-07-15,None,48
C00124,Sourabh,Male,Solapur,MH,2024-03-07,Silver,47
C00125,Brijesh,Male,Nashik,MH,2023-02-19,Silver,66
C00126,Brijesh,Male,Udaipur,RJ,2024-01-20,Silver,39
C00127,Anjali,Female,Nashik,MH,2023-04-12,Platinum,42
C00128,Minakshi,Female,Mangaluru,KA,2024-03-20,Platinum,62
C00129,Prince,Male,Belagavi,KA,2024-08-31,Silver,31
C00130,Sonu,Male,Jalandhar,PB,2025-06-13,Gold,36
C00131,Samiksha,Female,Hubballi-Dharwad,KA,2024-09-27,Platinum,35
C00132,Nitesh,Male,Hubballi-Dharwad,KA,2024-10-31,Silver,65
C00133,Sourabh,Male,Mangaluru,KA,2024-05-01,Gold,64
C00134,Brijesh,Male,Mysuru,KA,2023-07-04,Silver,69
C00135,Briti,Female,Palghar,MH,2025-02-25,None,61
C00136,Priya,Female,Pune,MH,2023-10-05,Platinum,66
C00137,Sonu,Male,Belagavi,KA,2024-09-22,Platinum,35
C00138,Minakshi,Female,Mangaluru,KA,2024-05-30,Platinum,32
C00139,Briti,Female,Surat,GJ,2025-05-19,Platinum,61
C00140,Sakhshi,Female,Nashik,MH,2023-04-30,Silver,51
C00141,Priya,Female,Ludhiyana,PB,2024-06-08,Gold,62
C00142,Minakshi,Female,Mangaluru,KA,2024-01-13,Platinum,41
C00143,Sourabh,Male,Patiala,PB,2024-01-06,None,32
C00144,Ankita,Female,Mysuru,KA,2023-01-18,Silver,58
C00145,Sourabh,Male,Mangaluru,KA,2024-06-26,None,44
C00146,Arafat,Male,Vasai,MH,2025-02-16,None,56
C00147,Rahul,Male,Nashik,MH,2024-08-15,Platinum,29
C00148,Ankita,Female,Mysuru,KA,2023-01-05,Silver,53
C00149,Sonu,Male,Belagavi,KA,2025-03-23,None,38
C00150,Sakhshi,Female,Thane,MH,2023-09-09,Gold,39
C00151,Samiksha,Female,Amritsar,PB,2024-09-22,Silver,45
C00152,Dhriti,Female,Belagavi,KA,2025-03-22,Gold,42
C00153,Anjali,Female,Nashik,MH,2024-09-17,None,59
C00154,Briti,Female,Jalandhar,PB,2025-02-13,Platinum,20
C00155,Sakhshi,Female,Nashik,MH,2023-06-05,Gold,32
C00156,Priya,Female,Nashik,MH,2023-10-08,Silver,60
C00158,Param,Male,Belagavi,KA,2025-01-27,Platinum,63
C00159,Sneha,Female,Mumbai,MH,2023-06-03,Silver,22
C00160,Sakhshi,Female,Mysuru,KA,2023-08-03,None,52
C00161,Arafat,Male,Belagavi,KA,2023-02-18,Gold,32
C00162,Neha,Female,Ludhiyana,PB,2024-10-08,Platinum,44
C00163,Priya,Female,Bengaluru,KA,2025-05-08,None,68
C00164,Minakshi,Female,Patiala,PB,2023-12-31,Silver,24
C00165,Priya,Female,Nashik,MH,2024-08-08,Platinum,61
C00166,Suraj,Male,Hubballi-Dharwad,KA,2023-03-12,Gold,37
C00167,Minakshi,Female,Ahmedabad,GJ,2024-04-01,Silver,44
C00168,Dhoni,Male,Pune,MH,2024-05-05,None,19
C00169,Priya,Female,Ludhiyana,PB,2023-02-08,Platinum,44
C00170,Arafat,Male,Vasai,MH,2023-02-01,Gold,24
C00171,Dhoni,Male,Jaipur,RJ,2024-09-09,None,62
C00172,Dhoni,Male,Bengaluru,KA,2024-03-03,Gold,19
C00173,Brijesh,Male,Mysuru,KA,2023-12-20,Platinum,22
C00174,Arafat,Male,Jalandhar,PB,2024-12-31,None,62
C00175,Neha,Female,Nashik,MH,2023-08-09,None,67
C00176,Anamika,Female,Vasai,MH,2024-07-06,Silver,37
C00177,Sakhshi,Female,Patiala,PB,2023-10-31,Platinum,66
C00178,Aarti,Female,Dadar,MH,2023-11-23,Platinum,19
C00179,Anjali,Female,Udaipur,RJ,2023-11-17,Platinum,68
C00180,Neha,Female,Mysuru,KA,2023-09-09,Gold,39
C00181,Minakshi,Female,Ahmedabad,GJ,2024-05-27,None,40
C00182,Amol,Male,Hubballi-Dharwad,KA,2024-09-28,Silver,30
C00183,Amit,Male,Vasai,MH,2024-07-11,None,57
C00184,Brijesh,Male,Mysuru,KA,2023-10-15,Silver,36
C00185,Suraj,Male,Amritsar,PB,2023-06-26,Gold,65
C00186,Brijesh,Male,Mangaluru,KA,2023-12-23,Platinum,48
C00187,Aarti,Female,Naigaon,MH,2023-09-03,Silver,53
C00188,Anamika,Female,Dadar,MH,2024-06-19,Platinum,59
C00189,Priya,Female,Ludhiyana,PB,2025-03-04,Silver,40
C00190,Rahul,Male,Mysuru,KA,2023-04-18,Platinum,22
C00191,Anamika,Female,Palghar,MH,2023-08-18,None,57
C00192,Dhriti,Female,Palghar,MH,2023-05-24,Gold,24
C00193,Anamika,Female,Vasai,MH,2024-01-05,Silver,24
C00194,Dhoni,Male,Bengaluru,KA,2023-08-02,Silver,62
C00195,Anamika,Female,Hubballi-Dharwad,KA,2023-05-12,Platinum,57
C00196,Anjali,Female,Nashik,MH,2023-04-15,None,22
C00197,Anjali,Female,Jaipur,RJ,2025-03-15,Platinum,66
C00198,Briti,Female,Palghar,MH,2025-05-14,Platinum,23
C00199,Sharda,Female,Jalandhar,PB,2023-05-30,Silver,69
C00200,Suraj,Male,Amritsar,PB,2023-05-28,None,27
C00201,Aarti,Female,Hubballi-Dharwad,KA,2024-11-23,Silver,47
C00202,Anamika,Female,Belagavi,KA,2024-01-03,Gold,65
C00203,Dhoni,Male,Mysuru,KA,2025-06-11,None,70
C00204,Anamika,Female,Belagavi,KA,2023-01-29,Gold,37
C00205,Nitesh,Male,Dadar,MH,2024-10-04,None,45
C00206,Prince,Male,Madhurai,TN,2023-06-30,None,51
C00207,Briti,Female,Patiala,PB,2024-11-12,Gold,32
C00208,Dhoni,Male,Bengaluru,KA,2024-11-08,Platinum,38
C00209,Prince,Male,Madhurai,TN,2025-04-06,None,68
C00210,Sonu,Male,Jalandhar,PB,2023-11-22,Gold,67
C00211,Brijesh,Male,Thane,MH,2023-10-05,Gold,25
C00212,Anamika,Female,Hubballi-Dharwad,KA,2024-03-21,None,46
C00213,Samiksha,Female,Naigaon,MH,2024-09-18,Gold,69
C00214,Anamika,Female,Dadar,MH,2025-05-04,None,26
C00215,Aarti,Female,Amritsar,PB,2023-05-26,Silver,44
C00216,Sourabh,Male,Ahmedabad,GJ,2024-05-23,Gold,60
C00217,Anamika,Female,Belagavi,KA,2023-03-02,Platinum,33
C00218,Ajay,Male,Patiala,PB,2024-11-25,None,67
C00219,Sourabh,Male,Patiala,PB,2024-04-07,Platinum,57
C00220,Sourabh,Male,Mangaluru,KA,2024-02-23,None,66
C00221,Minakshi,Female,Solapur,MH,2024-07-18,None,48
C00222,Suraj,Male,Hubballi-Dharwad,KA,2025-03-23,Silver,58
C00223,Ankita,Female,Patiala,PB,2024-12-18,Silver,40
C00224,Arafat,Male,Vasai,MH,2024-02-15,Platinum,30
C00225,Nitesh,Male,Dadar,MH,2024-10-16,None,39
C00226,Minakshi,Female,Mangaluru,KA,2024-09-24,None,49
C00227,Anjali,Female,Mysuru,KA,2024-11-17,Platinum,27
C00228,Sakhshi,Female,Mysuru,KA,2023-05-14,Gold,51
C00229,Brijesh,Male,Nashik,MH,2023-05-08,Gold,46
C00230,Sharda,Female,Belagavi,KA,2024-01-29,Silver,31
C00231,Arafat,Male,Belagavi,KA,2023-12-06,None,28
C00232,Suraj,Male,Amritsar,PB,2025-03-04,Gold,23
C00233,Brijesh,Male,Thane,MH,2023-10-21,Silver,49
C00234,Sourabh,Male,Patiala,PB,2024-05-29,Gold,30
C00235,Brijesh,Male,Thane,MH,2023-08-06,Platinum,18
C00236,Nitesh,Male,Dadar,MH,2023-10-04,Silver,48
C00237,Priya,Female,Ludhiyana,PB,2024-10-05,Gold,56
C00238,Minakshi,Female,Thane,MH,2023-11-22,Silver,28
C00239,Nitesh,Male,Amritsar,PB,2024-10-05,Gold,30
C00240,Nitesh,Male,Amritsar,PB,2023-09-02,Silver,42
C00241,Anjali,Female,Patiala,PB,2023-05-18,Gold,52
C00242,Sakhshi,Female,Mysuru,KA,2023-09-03,Platinum,60
C00243,Sakhshi,Female,Mysuru,KA,2023-07-08,Platinum,63
C00244,Param,Male,Belagavi,KA,2025-04-13,Gold,34
C00245,Sneha,Female,Mumbai,MH,2025-02-02,Platinum,51
C00246,Prince,Male,Jalandhar,PB,2024-06-29,Platinum,60
C00247,Sneha,Female,Mumbai,MH,2025-01-03,Platinum,59
C00248,Sourabh,Male,Solapur,MH,2024-05-25,Silver,67
C00249,Minakshi,Female,Solapur,MH,2024-06-08,Platinum,23
C00250,Vivek,Male,Solapur,MH,2024-09-28,Silver,19
C00251,Priya,Female,Pune,MH,2025-02-05,Gold,32
C00252,Sharda,Female,Jalandhar,PB,2024-07-30,Platinum,66
C00253,Rahul,Male,Nashik,MH,2023-06-16,Silver,42
C00254,Shreya,Female,Palghar,MH,2023-04-07,Gold,63
C00255,Dhoni,Male,Bengaluru,KA,2023-09-01,Silver,23
C00256,Suraj,Male,Belagavi,KA,2024-06-11,None,34
C00257,Dhriti,Female,Belagavi,KA,2023-01-26,Silver,22
C00258,Suraj,Male,Amritsar,PB,2023-03-30,None,47
C00259,Brijesh,Male,Thane,MH,2023-10-15,Platinum,51
C00260,Briti,Female,Surat,GJ,2024-12-26,Gold,32
C00261,Dhriti,Female,Chennai,TN,2024-11-25,Gold,30
C00262,Sakhshi,Female,Nashik,MH,2023-05-09,None,58
C00263,Anjali,Female,Nashik,MH,2023-08-12,Gold,65
C00264,Dhriti,Female,Jalandhar,PB,2023-02-22,None,28
C00265,Dhoni,Male,Nashik,MH,2023-11-07,Platinum,64
C00266,Prem,Male,Jalandhar,PB,2023-01-02,Gold,27
C00267,Brijesh,Male,Mysuru,KA,2024-01-20,Platinum,30
C00268,Dhriti,Female,Jalandhar,PB,2023-10-22,None,19
C00269,Brijesh,Male,Udaipur,RJ,2023-01-26,Silver,27
C00270,Nitesh,Male,Hubballi-Dharwad,KA,2023-10-23,Silver,59
C00271,Amit,Male,Belagavi,KA,2024-07-02,Gold,44
C00272,Aarti,Female,Amritsar,PB,2025-05-21,None,32
C00273,Amit,Male,Belagavi,KA,2024-07-05,None,30
C00274,Vishal,Male,Ludhiyana,PB,2024-02-13,Silver,58
C00275,Param,Male,Surat,GJ,2025-02-14,None,29
C00276,Dhoni,Male,Nashik,MH,2024-01-08,Platinum,45
C00277,Dhriti,Female,Belagavi,KA,2024-07-23,Platinum,62
C00278,Prince,Male,Belagavi,KA,2024-12-25,Gold,48
C00279,Neha,Female,Mysuru,KA,2024-06-10,Gold,19
C00280,Minakshi,Female,Mangaluru,KA,2024-04-28,Gold,66
C00281,Dhriti,Female,Palghar,MH,2024-05-27,Platinum,61
C00282,Arafat,Male,Vasai,MH,2023-08-26,Gold,47
C00283,Rahul,Male,Patiala,PB,2025-02-15,Silver,66
C00284,Anamika,Female,Vasai,MH,2023-07-17,Gold,27
C00285,Brijesh,Male,Thane,MH,2023-07-30,None,63
C00286,Dhoni,Male,Ludhiyana,PB,2024-02-09,None,58
C00287,Param,Male,Jalandhar,PB,2025-02-15,Platinum,41
C00288,Aarti,Female,Hubballi-Dharwad,KA,2024-10-05,Platinum,40
C00289,Anjali,Female,Mysuru,KA,2023-09-14,Gold,65
C00290,Sonu,Male,Palghar,MH,2025-04-23,Silver,37
C00291,Briti,Female,Palghar,MH,2025-05-22,Platinum,40
C00292,Suraj,Male,Dadar,MH,2025-05-31,None,61
C00293,Sourabh,Male,Patiala,PB,2024-03-12,None,19
C00294,Brijesh,Male,Nashik,MH,2023-04-28,Gold,61
C00295,Sakhshi,Female,Thane,MH,2023-09-06,None,29
C00296,Anamika,Female,Belagavi,KA,2023-12-30,Platinum,48
C00297,Shreya,Female,Madhurai,TN,2025-04-24,Silver,59
C00298,Brijesh,Male,Udaipur,RJ,2023-01-09,None,68
C00299,Dhoni,Male,Bengaluru,KA,2023-06-03,Gold,61
C00300,Samiksha,Female,Amritsar,PB,2024-09-27,Silver,46
C00301,Anamika,Female,Dadar,MH,2024-03-16,Gold,22
C00302,Anjali,Female,Patiala,PB,2024-01-18,Platinum,43
C00303,Minakshi,Female,Thane,MH,2023-12-26,Gold,31
C00304,Ajay,Male,Patiala,PB,2024-11-25,Gold,32
C00305,Sakhshi,Female,Patiala,PB,2023-07-17,None,46
C00306,Anamika,Female,Hubballi-Dharwad,KA,2024-05-09,Platinum,20
C00307,Arafat,Male,Vasai,MH,2023-02-03,Platinum,5
C00308,Vishal,Male,Patiala,PB,2023-10-14,None,47
C00309,Dhriti,Female,Belagavi,KA,2025-02-24,Gold,22
C00310,Briti,Female,Solapur,MH,2024-11-09,None,55
C00311,Param,Male,Palghar,MH,2025-03-17,Platinum,45
C00312,Vishal,Male,Jaipur,RJ,2024-11-14,Gold,37
C00313,Sakhshi,Female,Patiala,PB,2023-04-09,Platinum,27
C00315,Ankita,Female,Mysuru,KA,2023-04-05,Silver,70
C00316,Nitesh,Male,Dadar,MH,2024-10-13,Gold,60
C00317,Prince,Male,Palghar,MH,2023-12-27,Silver,19
C00318,Amit,Male,Belagavi,KA,2024-07-17,None,68
C00319,Neha,Female,Nashik,MH,2025-01-10,Gold,26
C00320,Prince,Male,Palghar,MH,2024-05-30,None,64
C00321,Dhoni,Male,Mysuru,KA,2024-05-11,Gold,26
C00322,Dhoni,Male,Nashik,MH,2024-11-11,None,44
C00323,Suraj,Male,Dadar,MH,2025-03-06,None,51
C00324,Dhriti,Female,Jalandhar,PB,2025-05-21,Gold,65
C00325,Dhoni,Male,Bengaluru,KA,2023-02-02,Gold,68
C00326,Arafat,Male,Madhurai,TN,2025-04-18,None,41
C00327,Sourabh,Male,Patiala,PB,2024-01-12,None,59
C00328,Param,Male,Palghar,MH,2025-01-24,None,64
C00329,Minakshi,Female,Mangaluru,KA,2024-07-21,Silver,35
C00330,Param,Male,Belagavi,KA,2025-04-26,Gold,64
C00331,Prince,Male,Belagavi,KA,2023-07-28,Platinum,18
C00332,Aarti,Female,Hubballi-Dharwad,KA,2023-10-01,None,26
C00333,Anamika,Female,Belagavi,KA,2023-12-17,Gold,41
C00334,Sakhshi,Female,Patiala,PB,2023-08-05,Gold,51
C00335,Anamika,Female,Amritsar,PB,2023-06-26,Silver,62
C00336,Minakshi,Female,Mangaluru,KA,2024-07-13,Gold,22
C00337,Ankita,Female,Patiala,PB,2024-01-19,Silver,35
C00338,Dhriti,Female,Belagavi,KA,2024-03-25,Platinum,27
C00339,Sakhshi,Female,Patiala,PB,2023-08-14,Silver,49
C00340,Arafat,Male,Vasai,MH,2024-12-06,Gold,69
C00341,Ankita,Female,Udaipur,RJ,2023-01-17,Platinum,68
C00342,Suraj,Male,Belagavi,KA,2023-07-30,Platinum,46
C00343,Briti,Female,Mangaluru,KA,2024-12-19,Silver,32
C00344,Sourabh,Male,Mangaluru,KA,2024-07-14,None,59
C00345,Briti,Female,Palghar,MH,2024-11-21,Gold,48
C00346,Brijesh,Male,Thane,MH,2023-12-02,Silver,65
C00347,Sourabh,Male,Ahmedabad,GJ,2024-04-05,None,23
C00348,Anamika,Female,Belagavi,KA,2023-02-23,Platinum,61
C00349,Sourabh,Male,Patiala,PB,2024-06-19,Gold,30
C00350,Anamika,Female,Belagavi,KA,2024-07-01,None,63
C00351,Amol,Male,Naigaon,MH,2024-09-18,Silver,21
C00352,Amit,Male,Belagavi,KA,2023-07-02,Gold,22
C00353,Anamika,Female,Vasai,MH,2023-02-05,Silver,19
C00354,Suraj,Male,Dadar,MH,2024-03-01,None,58
C00355,Sourabh,Male,Thane,MH,2023-12-27,Gold,38
C00356,Arafat,Male,Belagavi,KA,2023-12-25,Platinum,28
C00357,Minakshi,Female,Patiala,PB,2024-07-10,Silver,26
C00358,Dhoni,Male,Mysuru,KA,2025-01-10,Gold,50
C00359,Dhoni,Male,Bengaluru,KA,2025-02-07,Platinum,44
C00360,Priya,Female,Ludhiyana,PB,2023-07-08,Silver,65
C00361,Samiksha,Female,Amritsar,PB,2024-09-19,Silver,20
C00362,Anamika,Female,Jalandhar,PB,2025-02-07,None,69
C00363,Sharda,Female,Palghar,MH,2024-08-30,Platinum,29
C00364,Prem,Male,Belagavi,KA,2025-02-23,Silver,19
C00365,Ankita,Female,Nashik,MH,2023-03-15,None,31
C00366,Minakshi,Female,Thane,MH,2024-01-25,Gold,33
C00367,Anamika,Female,Amritsar,PB,2023-03-11,Platinum,62
C00368,Dhoni,Male,Jaipur,RJ,2023-03-07,None,55
C00369,Minakshi,Female,Mangaluru,KA,2024-02-13,None,22
C00370,Minakshi,Female,Patiala,PB,2023-12-10,Silver,40
C00371,Briti,Female,Surat,GJ,2024-11-25,None,20
C00372,Briti,Female,Belagavi,KA,2025-01-23,Platinum,19
C00373,Anamika,Female,Jalandhar,PB,2024-12-18,Platinum,61
C00374,Brijesh,Male,Patiala,PB,2023-04-08,Gold,46
C00375,Dhoni,Male,Mumbai,MH,2023-11-02,None,33
C00376,Amol,Male,Amritsar,PB,2023-09-14,Platinum,37
C00377,Anamika,Female,Belagavi,KA,2023-07-30,None,43
C00378,Brijesh,Male,Thane,MH,2023-09-17,Gold,24
C00379,Nitesh,Male,Dadar,MH,2024-11-10,Platinum,67
C00380,Param,Male,Palghar,MH,2025-03-10,Platinum,40
C00381,Suraj,Male,Hubballi-Dharwad,KA,2023-11-05,Gold,34
C00382,Brijesh,Male,Patiala,PB,2023-08-10,Gold,24
C00383,Brijesh,Male,Thane,MH,2023-10-18,None,67
C00384,Anamika,Female,Amritsar,PB,2024-07-30,Platinum,33
C00385,Nitesh,Male,Dadar,MH,2023-10-15,None,18
C00386,Amit,Male,Vasai,MH,2023-07-21,Silver,60
C00387,Anamika,Female,Amritsar,PB,2024-07-21,Gold,61
C00388,Shreya,Female,Belagavi,KA,2023-04-27,None,19
C00389,Dhoni,Male,Ludhiyana,PB,2025-04-04,Gold,26
C00390,Nitesh,Male,Amritsar,PB,2024-11-22,None,24
C00391,Anamika,Female,Belagavi,KA,2024-08-12,None,57
C00392,Vivek,Male,Ahmedabad,GJ,2024-09-06,Platinum,53
C00393,Suraj,Male,Dadar,MH,2023-05-07,Gold,67
C00394,Sharda,Female,Belagavi,KA,2024-12-28,Platinum,46
C00395,Sonu,Male,Jalandhar,PB,2023-07-23,Silver,24
C00396,Brijesh,Male,Thane,MH,2023-10-02,None,36
C00397,Sneha,Female,Mumbai,MH,2023-04-02,Silver,51
C00398,Sakhshi,Female,Nashik,MH,2023-05-11,Silver,58
C00399,Arafat,Male,Belagavi,KA,2025-02-02,None,54
C00400,Rahul,Male,Patiala,PB,2024-09-15,Platinum,31
C00401,Dhriti,Female,Palghar,MH,2024-12-24,None,46
C00402,Prince,Male,Palghar,MH,2024-05-28,Silver,44
C00403,Sonu,Male,Belagavi,KA,2023-09-23,Silver,61
C00404,Dhoni,Male,Pune,MH,2023-07-03,None,49
C00405,Suraj,Male,Amritsar,PB,2025-05-14,Silver,41
C00406,Priya,Female,Pune,MH,2024-02-04,Gold,63
C00407,Ajay,Male,Palghar,MH,2024-12-22,Gold,19
C00408,Arafat,Male,Vasai,MH,2023-02-06,Platinum,40
C00409,Amit,Male,Dadar,MH,2024-07-22,None,61
C00410,Briti,Female,Mangaluru,KA,2024-10-30,Platinum,42
C00411,Rahul,Male,Nashik,MH,2024-07-15,Platinum,51
C00412,Nitesh,Male,Hubballi-Dharwad,KA,2023-11-21,Silver,29
C00413,Prem,Male,Belagavi,KA,2023-02-24,Platinum,42
C00414,Arafat,Male,Jalandhar,PB,2024-02-08,Silver,28
C00415,Amit,Male,Belagavi,KA,2025-01-28,Platinum,62
C00416,Minakshi,Female,Mangaluru,KA,2024-07-12,None,18
C00417,Sourabh,Male,Patiala,PB,2024-07-05,Silver,36
C00418,Arafat,Male,Belagavi,KA,2023-12-11,Platinum,38
C00419,Vishal,Male,Ludhiyana,PB,2023-05-12,Gold,28
C00420,Prince,Male,Chennai,TN,2025-05-27,Platinum,24
C00421,Sneha,Female,Bengaluru,KA,2025-02-01,Silver,23
C00422,Brijesh,Male,Mysuru,KA,2023-04-21,Gold,25
C00423,Prince,Male,Palghar,MH,2023-07-31,Silver,24
C00424,Sourabh,Male,Patiala,PB,2024-05-26,Silver,41
C00425,Dhriti,Female,Palghar,MH,2025-01-24,Platinum,35
C00426,Anjali,Female,Nashik,MH,2025-05-15,Silver,41
C00427,Sonu,Male,Jalandhar,PB,2025-04-26,None,42
C00428,Param,Male,Palghar,MH,2025-04-21,Silver,21
C00429,Briti,Female,Jalandhar,PB,2025-04-17,Platinum,38
C00430,Anamika,Female,Belagavi,KA,2024-07-07,None,20
C00431,Nitesh,Male,Dadar,MH,2023-10-16,Gold,50
C00432,Aarti,Female,Hubballi-Dharwad,KA,2024-10-10,Gold,60
C00433,Sakhshi,Female,Nashik,MH,2023-04-09,Platinum,50
C00434,Ankita,Female,Nashik,MH,2023-01-07,None,19
C00435,Anamika,Female,Amritsar,PB,2023-07-12,None,50
C00436,Suraj,Male,Hubballi-Dharwad,KA,2024-05-02,Platinum,23
C00437,Suraj,Male,Belagavi,KA,2023-06-28,Platinum,46
C00438,Shreya,Female,Belagavi,KA,2023-04-27,Gold,40
C00439,Suraj,Male,Dadar,MH,2025-06-13,Gold,55
C00440,Briti,Female,Patiala,PB,2025-01-04,None,68
C00441,Dhoni,Male,Mumbai,MH,2024-10-02,Silver,37
C00442,Sakhshi,Female,Patiala,PB,2023-07-19,Platinum,62
C00443,Prince,Male,Palghar,MH,2025-01-27,None,55
C00444,Brijesh,Male,Udaipur,RJ,2023-02-13,None,23
C00445,Sharda,Female,Belagavi,KA,2024-09-28,Gold,38
C00446,Brijesh,Male,Mysuru,KA,2023-03-05,None,29
C00447,Dhoni,Male,Mysuru,KA,2023-02-10,Silver,23
C00448,Dhoni,Male,Ludhiyana,PB,2024-12-05,Gold,59
C00449,Dhoni,Male,Mumbai,MH,2023-11-01,None,26
C00450,Prince,Male,Chennai,TN,2024-06-29,Silver,57
C00451,Dhriti,Female,Chennai,TN,2024-04-28,Platinum,66
C00452,Sakhshi,Female,Thane,MH,2023-11-16,None,63
C00453,Suraj,Male,Amritsar,PB,2024-03-24,Gold,21
C00454,Sourabh,Male,Mangaluru,KA,2024-06-30,Gold,39
C00455,Brijesh,Male,Thane,MH,2023-10-09,Platinum,69
C00456,Param,Male,Patiala,PB,2025-01-20,Silver,19
C00457,Prince,Male,Palghar,MH,2024-12-27,Silver,37
C00458,Anamika,Female,Dadar,MH,2025-05-06,Gold,40
C00459,Aarti,Female,Hubballi-Dharwad,KA,2025-05-17,Gold,21
C00460,Minakshi,Female,Mangaluru,KA,2024-09-11,Platinum,61
C00461,Brijesh,Male,Mysuru,KA,2023-07-19,Gold,29
C00462,Prince,Male,Belagavi,KA,2024-10-31,Platinum,48
C00463,Anamika,Female,Vasai,MH,2024-12-23,Gold,49
C00464,Shreya,Female,Jalandhar,PB,2024-08-02,None,42
C00465,Nitesh,Male,Hubballi-Dharwad,KA,2024-11-09,Gold,37
C00466,Minakshi,Female,Patiala,PB,2024-01-08,Gold,31
C00467,Dhoni,Male,Ludhiyana,PB,2023-06-06,None,36
C00468,Ajay,Male,Mangaluru,KA,2024-11-10,Gold,19
C00469,Arafat,Male,Belagavi,KA,2024-04-25,None,62
C00470,Anamika,Female,Jalandhar,PB,2024-01-13,Silver,55
C00472,Anjali,Female,Nashik,MH,2023-09-14,Silver,64
C00473,Amit,Male,Belagavi,KA,2024-07-10,Gold,53
C00474,Anamika,Female,Vasai,MH,2023-01-04,Platinum,49
C00475,Arafat,Male,Vasai,MH,2023-12-15,Silver,52
C00476,Nitesh,Male,Hubballi-Dharwad,KA,2024-10-21,None,67
C00477,Suraj,Male,Amritsar,PB,2025-03-09,Platinum,57
C00478,Rahul,Male,Patiala,PB,2024-03-18,Platinum,66
C00479,Aarti,Female,Dadar,MH,2023-11-20,Gold,38
C00480,Ajay,Male,Mangaluru,KA,2024-11-17,Gold,34
C00481,Sakhshi,Female,Nashik,MH,2023-04-18,None,54
C00482,Nitesh,Male,Hubballi-Dharwad,KA,2024-11-29,Silver,55
C00483,Nitesh,Male,Hubballi-Dharwad,KA,2024-11-16,Silver,55
C00484,Ajay,Male,Surat,GJ,2024-11-24,Platinum,55
C00485,Dhoni,Male,Pune,MH,2023-06-06,Silver,24
C00486,Ankita,Female,Nashik,MH,2023-02-10,Platinum,24
C00487,Briti,Female,Belagavi,KA,2025-03-04,Gold,32
C00488,Neha,Female,Bengaluru,KA,2025-06-09,None,62
C00489,Aarti,Female,Hubballi-Dharwad,KA,2024-11-09,None,28
C00490,Suraj,Male,Dadar,MH,2023-05-25,None,47
C00491,Neha,Female,Bengaluru,KA,2023-06-09,Gold,24
C00492,Dhoni,Male,Jaipur,RJ,2024-02-12,Silver,64
C00493,Anamika,Female,Hubballi-Dharwad,KA,2025-05-16,Platinum,63
C00494,Sakhshi,Female,Thane,MH,2023-09-12,Silver,39
C00495,Param,Male,Belagavi,KA,2025-02-11,None,38
C00496,Sakhshi,Female,Mysuru,KA,2023-05-27,Silver,37
C00497,Ankita,Female,Mysuru,KA,2024-08-19,None,27
C00498,Rahul,Male,Mysuru,KA,2023-03-16,None,46
C00499,Samiksha,Female,Hubballi-Dharwad,KA,2024-09-05,Platinum,62
C00500,Sourabh,Male,Patiala,PB,2024-05-07,Platinum,51
C00501,Sourabh,Male,Mangaluru,KA,2024-07-02,Silver,68
C00502,Sharda,Female,Jalandhar,PB,2023-04-05,None,22
C00503,Prince,Male,Belagavi,KA,2024-06-30,Platinum,69
C00504,Anjali,Female,Mysuru,KA,2023-07-16,Silver,56
C00505,Anamika,Female,Amritsar,PB,2023-07-01,None,63
C00506,Sonu,Male,Palghar,MH,2024-03-22,Gold,50
C00507,Dhoni,Male,Pune,MH,2023-02-05,Silver,59
C00508,Sourabh,Male,Patiala,PB,2024-03-24,Gold,69
C00509,Anjali,Female,Mysuru,KA,2023-09-13,Gold,24
C00510,Ankita,Female,Nashik,MH,2024-11-18,Gold,63
C00511,Suraj,Male,Dadar,MH,2024-06-25,Platinum,22
C00512,Priya,Female,Ludhiyana,PB,2025-04-04,Gold,51
C00513,Ankita,Female,Udaipur,RJ,2023-12-19,Silver,31
C00514,Sakhshi,Female,Thane,MH,2023-11-05,None,34
C00515,Dhoni,Male,Mumbai,MH,2023-11-01,Platinum,26
C00516,Briti,Female,Palghar,MH,2025-05-27,Platinum,31
C00517,Suraj,Male,Amritsar,PB,2025-05-06,Platinum,39
C00518,Sakhshi,Female,Thane,MH,2023-08-31,Gold,43
C00519,Dhoni,Male,Bengaluru,KA,2025-01-07,None,50
C00520,Prince,Male,Belagavi,KA,2023-12-29,None,36
C00521,Minakshi,Female,Solapur,MH,2024-10-03,Silver,28
C00522,Dhoni,Male,Ludhiyana,PB,2024-01-10,Gold,27
C00523,Samiksha,Female,Hubballi-Dharwad,KA,2023-09-20,Platinum,59
C00524,Param,Male,Palghar,MH,2025-04-04,Silver,66
C00525,Nitesh,Male,Dadar,MH,2024-10-11,Silver,20
C00526,Brijesh,Male,Udaipur,RJ,2023-01-20,Platinum,38
C00527,Arafat,Male,Jalandhar,PB,2024-04-07,Silver,59
C00528,Shreya,Female,Madhurai,TN,2025-04-14,None,35
C00529,Priya,Female,Bengaluru,KA,2024-08-05,Silver,24
C00530,Dhriti,Female,Palghar,MH,2024-08-25,None,30
C00531,Anamika,Female,Jalandhar,PB,2025-01-07,Gold,55
C00532,Ankita,Female,Patiala,PB,2023-01-24,None,55
C00533,Anamika,Female,Dadar,MH,2024-05-07,Silver,63
C00534,Brijesh,Male,Thane,MH,2023-10-26,None,25
C00535,Rahul,Male,Patiala,PB,2024-02-17,None,60
C00536,Briti,Female,Belagavi,KA,2025-01-20,None,28
C00537,Ankita,Female,Patiala,PB,2023-02-15,Silver,52
C00538,Ankita,Female,Patiala,PB,2023-03-23,Gold,43
C00539,Sonu,Male,Jalandhar,PB,2025-05-24,Silver,59
C00540,Suraj,Male,Dadar,MH,2024-06-02,Platinum,43
C00541,Dhriti,Female,Jalandhar,PB,2024-03-26,None,26
C00542,Minakshi,Female,Ahmedabad,GJ,2024-09-11,Platinum,64
C00543,Brijesh,Male,Nashik,MH,2023-04-25,Silver,41
C00544,Sakhshi,Female,Mysuru,KA,2023-07-15,Platinum,44
C00545,Prem,Male,Belagavi,KA,2024-02-24,None,59
C00546,Brijesh,Male,Thane,MH,2023-11-22,Platinum,41
C00547,Vivek,Male,Ahmedabad,GJ,2024-10-22,Gold,58
C00548,Arafat,Male,Palghar,MH,2023-04-09,Platinum,28
C00549,Brijesh,Male,Mysuru,KA,2023-09-06,Gold,31
C00550,Prem,Male,Belagavi,KA,2024-01-11,None,54
C00551,Anamika,Female,Vasai,MH,2025-01-13,Gold,19
C00552,Sakhshi,Female,Mysuru,KA,2023-04-11,Gold,42
C00553,Brijesh,Male,Patiala,PB,2023-09-21,None,39
C00554,Prem,Male,Belagavi,KA,2023-01-10,Gold,63
C00555,Param,Male,Belagavi,KA,2025-01-31,Gold,38
C00556,Dhriti,Female,Jalandhar,PB,2023-02-24,Gold,60
C00557,Suraj,Male,Amritsar,PB,2024-05-19,Platinum,67
C00558,Brijesh,Male,Thane,MH,2023-11-11,None,47
C00559,Suraj,Male,Amritsar,PB,2025-06-18,Gold,59
C00560,Minakshi,Female,Thane,MH,2023-11-27,Platinum,29
C00561,Arafat,Male,Madhurai,TN,2024-08-19,Silver,41
C00562,Anjali,Female,Nashik,MH,2023-01-18,None,25
C00563,Minakshi,Female,Patiala,PB,2023-12-15,Silver,57
C00564,Brijesh,Male,Nashik,MH,2023-07-04,Silver,67
C00565,Prince,Male,Jalandhar,PB,2024-03-27,Silver,55
C00566,Vishal,Male,Mysuru,KA,2023-11-13,Platinum,63
C00567,Dhriti,Female,Belagavi,KA,2024-09-24,Gold,32
C00568,Sourabh,Male,Solapur,MH,2024-04-26,Silver,46
C00569,Anjali,Female,Mysuru,KA,2023-10-17,Gold,46
C00570,Briti,Female,Belagavi,KA,2025-04-16,None,50
C00571,Aarti,Female,Hubballi-Dharwad,KA,2023-10-15,None,69
C00572,Suraj,Male,Amritsar,PB,2023-06-20,None,19
C00573,Brijesh,Male,Mysuru,KA,2023-11-17,Silver,41
C00574,Ankita,Female,Patiala,PB,2023-08-20,Silver,37
C00575,Samiksha,Female,Amritsar,PB,2023-09-23,None,36
C00576,Dhoni,Male,Ludhiyana,PB,2024-01-06,None,32
C00577,Anamika,Female,Belagavi,KA,2023-02-25,None,53
C00578,Brijesh,Male,Nashik,MH,2023-05-18,None,27
C00579,Ankita,Female,Mysuru,KA,2023-02-14,Gold,31
C00580,Brijesh,Male,Patiala,PB,2023-06-15,Gold,47
C00581,Dhriti,Female,Palghar,MH,2025-05-21,Platinum,32
C00582,Param,Male,Jalandhar,PB,2025-03-14,Platinum,18
C00583,Briti,Female,Belagavi,KA,2025-01-04,None,66
C00584,Prince,Male,Chennai,TN,2023-11-29,Silver,41
C00585,Anamika,Female,Hubballi-Dharwad,KA,2024-03-28,None,34
C00586,Sonu,Male,Palghar,MH,2025-03-25,None,62
C00587,Sneha,Female,Bengaluru,KA,2024-05-03,Silver,52
C00588,Anamika,Female,Hubballi-Dharwad,KA,2025-03-02,Platinum,26
C00589,Sonu,Male,Palghar,MH,2023-03-24,Platinum,61
C00590,Vishal,Male,Nashik,MH,2024-05-14,Platinum,52
C00591,Minakshi,Female,Patiala,PB,2024-08-15,Platinum,50
C00592,Dhoni,Male,Ludhiyana,PB,2024-12-11,Platinum,66
C00593,Anjali,Female,Mysuru,KA,2024-05-14,Silver,29
C00594,Priya,Female,Nashik,MH,2023-06-07,Silver,70
C00595,Dhriti,Female,Palghar,MH,2023-07-23,Platinum,53
C00596,Prince,Male,Belagavi,KA,2023-10-30,Silver,70
C00597,Rahul,Male,Udaipur,RJ,2023-04-18,Silver,41
C00598,Param,Male,Palghar,MH,2025-03-23,Platinum,40
C00599,Minakshi,Female,Solapur,MH,2024-10-20,Silver,58
C00600,Amol,Male,Amritsar,PB,2023-09-19,Gold,18
C00601,Vivek,Male,Mangaluru,KA,2024-08-13,None,38
C00602,Sourabh,Male,Mangaluru,KA,2024-05-29,Gold,62
C00603,Samiksha,Female,Naigaon,MH,2024-09-21,Silver,25
C00604,Priya,Female,Bengaluru,KA,2025-06-04,Gold,26
C00605,Sourabh,Male,Mangaluru,KA,2024-07-22,Platinum,62
C00606,Minakshi,Female,Mangaluru,KA,2024-06-13,Silver,70
C00607,Ajay,Male,Palghar,MH,2024-11-27,Platinum,41
C00608,Samiksha,Female,Hubballi-Dharwad,KA,2023-09-07,Silver,59
C00609,Brijesh,Male,Patiala,PB,2023-05-29,Platinum,32
C00610,Nitesh,Male,Hubballi-Dharwad,KA,2024-10-18,None,27
C00611,Param,Male,Belagavi,KA,2025-02-16,Platinum,21
C00612,Aarti,Female,Hubballi-Dharwad,KA,2023-11-21,Silver,20
C00613,Samiksha,Female,Hubballi-Dharwad,KA,2023-09-25,Silver,19
C00614,Dhriti,Female,Chennai,TN,2024-03-26,Gold,5
C00615,Dhoni,Male,Mumbai,MH,2023-02-02,None,69
C00616,Dhoni,Male,Bengaluru,KA,2023-07-01,Gold,38
C00617,Dhriti,Female,Jalandhar,PB,2024-02-28,Gold,23
C00618,Sneha,Female,Mumbai,MH,2024-10-01,Silver,62
C00619,Ajay,Male,Belagavi,KA,2024-12-25,Silver,69
C00620,Anamika,Female,Belagavi,KA,2023-08-16,Silver,38
C00621,Brijesh,Male,Mysuru,KA,2023-06-30,Platinum,68
C00622,Ankita,Female,Mysuru,KA,2023-12-19,Gold,41
C00623,Ajay,Male,Palghar,MH,2024-11-20,None,41
C00624,Anjali,Female,Patiala,PB,2024-02-16,Gold,45
C00625,Dhoni,Male,Ludhiyana,PB,2024-01-05,None,36
C00626,Sakhshi,Female,Mysuru,KA,2023-08-08,Silver,57
C00627,Suraj,Male,Amritsar,PB,2024-05-17,Platinum,24
C00629,Sakhshi,Female,Nashik,MH,2023-06-01,Platinum,62
C00630,Arafat,Male,Jalandhar,PB,2024-12-30,Silver,65
C00631,Dhoni,Male,Jaipur,RJ,2025-05-10,Platinum,49
C00632,Brijesh,Male,Mysuru,KA,2023-03-15,Gold,55
C00633,Minakshi,Female,Mangaluru,KA,2024-06-23,Gold,25
C00634,Shreya,Female,Belagavi,KA,2023-04-26,Gold,46
C00635,Sakhshi,Female,Thane,MH,2023-09-30,None,53
C00636,Vishal,Male,Mysuru,KA,2024-03-13,None,42
C00637,Vishal,Male,Patiala,PB,2025-02-14,Silver,32
C00638,Nitesh,Male,Amritsar,PB,2023-10-13,Silver,69
C00639,Arafat,Male,Jalandhar,PB,2023-04-25,Gold,43
C00640,Dhoni,Male,Ludhiyana,PB,2023-05-02,Gold,27
C00641,Arafat,Male,Jalandhar,PB,2025-02-01,Platinum,22
C00642,Sharda,Female,Jalandhar,PB,2023-05-30,Platinum,51
C00643,Sharda,Female,Chennai,TN,2024-10-28,Platinum,54
C00644,Prince,Male,Palghar,MH,2024-04-26,Platinum,64
C00645,Sonu,Male,Jalandhar,PB,2025-05-16,Gold,45
C00646,Priya,Female,Nashik,MH,2025-02-08,Gold,61
C00647,Dhoni,Male,Pune,MH,2024-12-04,Silver,62
C00648,Ankita,Female,Nashik,MH,2024-09-18,Gold,31
C00649,Briti,Female,Belagavi,KA,2024-12-24,Platinum,27
C00650,Minakshi,Female,Solapur,MH,2024-10-24,None,27
C00651,Shreya,Female,Madhurai,TN,2025-04-27,Silver,64
C00652,Anamika,Female,Palghar,MH,2023-08-17,Gold,26
C00653,Dhoni,Male,Pune,MH,2024-04-06,Gold,67
C00654,Sourabh,Male,Mangaluru,KA,2024-04-01,Gold,54
C00655,Prince,Male,Madhurai,TN,2024-09-30,Gold,24
C00656,Arafat,Male,Jalandhar,PB,2024-04-28,None,40
C00657,Briti,Female,Surat,GJ,2025-01-31,Gold,21
C00658,Anamika,Female,Hubballi-Dharwad,KA,2023-03-24,Platinum,31
C00659,Ajay,Male,Patiala,PB,2024-11-20,None,66
C00660,Nitesh,Male,Hubballi-Dharwad,KA,2023-10-04,Gold,42
C00661,Prince,Male,Chennai,TN,2023-05-26,None,35
C00662,Minakshi,Female,Solapur,MH,2024-09-16,None,66
C00663,Amol,Male,Naigaon,MH,2023-09-23,Platinum,29
C00664,Anamika,Female,Vasai,MH,2023-01-17,Platinum,34
C00665,Sonu,Male,Surat,GJ,2024-01-22,Platinum,49
C00666,Dhoni,Male,Nashik,MH,2023-09-09,Platinum,18
C00667,Amol,Male,Amritsar,PB,2023-09-23,Platinum,58
C00668,Sonu,Male,Belagavi,KA,2023-02-22,Silver,70
C00669,Brijesh,Male,Thane,MH,2023-12-14,Platinum,40
C00670,Ajay,Male,Mangaluru,KA,2024-12-19,Gold,50
C00671,Sharda,Female,Belagavi,KA,2025-01-30,Silver,31
C00672,Anjali,Female,Mysuru,KA,2024-08-17,Silver,45
C00673,Priya,Female,Nashik,MH,2023-06-08,Silver,70
C00674,Prem,Male,Belagavi,KA,2024-02-19,Gold,50
C00675,Dhoni,Male,Bengaluru,KA,2023-07-06,None,63
C00676,Dhoni,Male,Nashik,MH,2023-07-09,Silver,36
C00677,Param,Male,Jalandhar,PB,2025-04-11,Gold,70
C00678,Briti,Female,Patiala,PB,2024-10-31,Gold,23
C00679,Suraj,Male,Hubballi-Dharwad,KA,2024-05-12,None,35
C00680,Anamika,Female,Amritsar,PB,2024-03-23,Silver,58
C00681,Sakhshi,Female,Mysuru,KA,2023-11-17,None,31
C00682,Sneha,Female,Mumbai,MH,2025-04-01,Gold,69
C00683,Anamika,Female,Dadar,MH,2023-03-20,None,54
C00684,Sakhshi,Female,Patiala,PB,2023-06-22,None,63
C00685,Prem,Male,Jalandhar,PB,2025-01-20,None,37
C00686,Samiksha,Female,Hubballi-Dharwad,KA,2023-09-09,None,66
C00687,Suraj,Male,Hubballi-Dharwad,KA,2024-05-17,Platinum,63
C00688,Dhoni,Male,Ludhiyana,PB,2025-06-11,Gold,23
C00689,Ankita,Female,Nashik,MH,2023-01-25,None,67
C00690,Sourabh,Male,Patiala,PB,2024-02-13,Gold,22
C00691,Sneha,Female,Ludhiyana,PB,2025-05-03,Silver,24
C00692,Shreya,Female,Jalandhar,PB,2025-04-26,Platinum,60
C00693,Sonu,Male,Surat,GJ,2025-06-13,Gold,28
C00694,Brijesh,Male,Nashik,MH,2023-04-08,Platinum,42
C00695,Sourabh,Male,Patiala,PB,2024-02-24,Silver,30
C00696,Briti,Female,Palghar,MH,2025-03-21,None,27
C00697,Prince,Male,Jalandhar,PB,2024-06-27,Gold,62
C00698,Vivek,Male,Mangaluru,KA,2024-08-17,None,54
C00699,Vishal,Male,Mysuru,KA,2023-07-12,None,23
C00700,Arafat,Male,Jalandhar,PB,2023-12-04,Gold,28
C00701,Anjali,Female,Patiala,PB,2023-02-14,Silver,22
C00702,Nitesh,Male,Dadar,MH,2024-11-26,Gold,37
C00703,Neha,Female,Bengaluru,KA,2025-03-09,Platinum,65
C00704,Anamika,Female,Belagavi,KA,2023-08-10,Silver,19
C00705,Sourabh,Male,Patiala,PB,2024-04-10,Silver,31
C00706,Minakshi,Female,Thane,MH,2023-11-20,Gold,62
C00707,Sakhshi,Female,Mysuru,KA,2023-07-12,None,45
C00708,Minakshi,Female,Mangaluru,KA,2024-10-27,Gold,58
C00709,Sonu,Male,Surat,GJ,2025-05-10,Gold,59
C00710,Dhoni,Male,Ludhiyana,PB,2024-07-01,Gold,51
C00711,Brijesh,Male,Patiala,PB,2023-09-26,Platinum,40
C00712,Arafat,Male,Jalandhar,PB,2024-08-16,None,51
C00713,Suraj,Male,Amritsar,PB,2024-03-01,Silver,55
C00714,Anjali,Female,Patiala,PB,2024-08-14,Platinum,41
C00715,Brijesh,Male,Mysuru,KA,2023-01-02,Silver,68
C00716,Prince,Male,Jalandhar,PB,2023-10-29,Silver,54
C00717,Briti,Female,Jalandhar,PB,2025-05-12,Platinum,24
C00718,Minakshi,Female,Patiala,PB,2024-06-01,Platinum,35
C00719,Param,Male,Palghar,MH,2025-01-05,Silver,49
C00720,Neha,Female,Mysuru,KA,2023-06-11,Silver,67
C00721,Minakshi,Female,Solapur,MH,2024-07-15,Gold,55
C00722,Priya,Female,Ludhiyana,PB,2023-10-06,None,65
C00723,Ankita,Female,Nashik,MH,2023-03-09,None,45
C00724,Minakshi,Female,Patiala,PB,2024-04-20,Gold,22
C00725,Brijesh,Male,Nashik,MH,2023-04-15,None,37
C00726,Anamika,Female,Vasai,MH,2023-02-25,Platinum,44
C00727,Sakhshi,Female,Patiala,PB,2023-07-11,Platinum,36
C00728,Sonu,Male,Jalandhar,PB,2023-08-24,Gold,22
C00729,Anamika,Female,Dadar,MH,2025-06-06,Platinum,69
C00730,Sourabh,Male,Mangaluru,KA,2024-02-19,None,52
C00731,Sonu,Male,Jalandhar,PB,2025-05-07,None,47
C00732,Samiksha,Female,Naigaon,MH,2023-09-25,Silver,24
C00733,Brijesh,Male,Mysuru,KA,2023-02-20,Gold,59
C00734,Briti,Female,Surat,GJ,2025-05-15,Gold,62
C00735,Sneha,Female,Ludhiyana,PB,2025-04-02,Silver,52
C00736,Dhoni,Male,Mysuru,KA,2023-07-11,Gold,27
C00737,Briti,Female,Patiala,PB,2025-01-02,Silver,59
C00738,Ankita,Female,Mysuru,KA,2023-11-18,Gold,20
C00739,Dhoni,Male,Bengaluru,KA,2025-06-01,None,41
C00740,Anamika,Female,Hubballi-Dharwad,KA,2024-03-24,Platinum,23
C00741,Param,Male,Jalandhar,PB,2025-02-02,None,24
C00742,Sakhshi,Female,Mysuru,KA,2023-10-11,Platinum,38
C00743,Minakshi,Female,Solapur,MH,2024-07-01,Gold,67
C00744,Dhriti,Female,Belagavi,KA,2023-03-23,Silver,64
C00745,Anamika,Female,Jalandhar,PB,2024-02-02,Gold,39
C00746,Sakhshi,Female,Mysuru,KA,2023-10-20,Gold,44
C00747,Brijesh,Male,Mysuru,KA,2023-11-07,None,47
C00748,Anamika,Female,Dadar,MH,2023-03-24,None,65
C00749,Arafat,Male,Belagavi,KA,2024-08-29,Platinum,61
C00750,Sharda,Female,Chennai,TN,2023-03-29,Silver,36
C00751,Anamika,Female,Amritsar,PB,2025-03-17,Silver,33
C00752,Ankita,Female,Udaipur,RJ,2023-01-20,None,30
C00753,Dhoni,Male,Mysuru,KA,2023-09-09,Gold,36
C00754,Rahul,Male,Nashik,MH,2025-02-17,Gold,60
C00755,Briti,Female,Jalandhar,PB,2025-05-16,Gold,59
C00756,Arafat,Male,Palghar,MH,2025-04-20,Platinum,19
C00757,Dhoni,Male,Ludhiyana,PB,2024-12-01,Platinum,26
C00758,Ankita,Female,Nashik,MH,2023-02-10,None,53
C00759,Anamika,Female,Amritsar,PB,2024-07-28,Platinum,47
C00760,Rahul,Male,Patiala,PB,2023-03-18,Platinum,50
C00761,Minakshi,Female,Ahmedabad,GJ,2024-05-14,None,47
C00762,Briti,Female,Surat,GJ,2024-11-09,Silver,70
C00763,Vivek,Male,Solapur,MH,2024-08-15,Silver,70
C00764,Anamika,Female,Jalandhar,PB,2023-02-07,None,26
C00765,Amit,Male,Belagavi,KA,2023-07-04,Gold,70
C00766,Anamika,Female,Belagavi,KA,2024-06-23,Silver,66
C00767,Minakshi,Female,Thane,MH,2023-12-01,Platinum,40
C00768,Anamika,Female,Belagavi,KA,2023-02-10,Gold,23
C00769,Brijesh,Male,Nashik,MH,2023-05-12,Silver,60
C00770,Anamika,Female,Amritsar,PB,2023-03-07,None,54
C00771,Dhriti,Female,Belagavi,KA,2024-10-27,Silver,41
C00772,Minakshi,Female,Solapur,MH,2024-08-16,None,32
C00773,Dhoni,Male,Pune,MH,2024-05-06,Gold,35
C00774,Anjali,Female,Patiala,PB,2024-03-16,Gold,44
C00775,Anamika,Female,Vasai,MH,2025-02-03,Gold,44
C00776,Anjali,Female,Patiala,PB,2025-02-17,Gold,18
C00777,Brijesh,Male,Mysuru,KA,2023-02-07,Silver,39
C00778,Anamika,Female,Dadar,MH,2023-06-27,None,32
C00779,Dhoni,Male,Mysuru,KA,2024-09-11,Platinum,52
C00780,Dhriti,Female,Palghar,MH,2023-01-21,Silver,46
C00781,Minakshi,Female,Solapur,MH,2024-10-02,Silver,31
C00782,Neha,Female,Ludhiyana,PB,2023-12-08,Silver,40
C00783,Suraj,Male,Belagavi,KA,2025-06-09,Platinum,26
C00784,Sharda,Female,Madhurai,TN,2023-12-29,Gold,59
C00786,Anjali,Female,Mysuru,KA,2023-08-15,Gold,38
C00787,Anamika,Female,Vasai,MH,2024-01-17,Gold,52
C00788,Minakshi,Female,Mangaluru,KA,2024-06-05,Gold,22
C00789,Anjali,Female,Mysuru,KA,2024-07-12,Silver,37
C00790,Prince,Male,Jalandhar,PB,2023-03-31,Platinum,50
C00791,Amit,Male,Vasai,MH,2023-07-05,Gold,22
C00792,Suraj,Male,Hubballi-Dharwad,KA,2025-05-22,Platinum,19
C00793,Anjali,Female,Mysuru,KA,2023-05-15,Gold,28
C00794,Neha,Female,Nashik,MH,2024-12-11,Gold,58
C00795,Shreya,Female,Palghar,MH,2025-04-19,Platinum,35
C00796,Minakshi,Female,Solapur,MH,2024-09-10,Platinum,45
C00797,Prem,Male,Belagavi,KA,2024-01-20,Gold,52
C00798,Dhriti,Female,Belagavi,KA,2024-10-22,Gold,54
C00799,Anamika,Female,Jalandhar,PB,2023-02-20,Gold,27
C00800,Dhriti,Female,Chennai,TN,2025-02-26,Silver,57
C00801,Dhoni,Male,Ludhiyana,PB,2024-11-05,Platinum,50
C00802,Sneha,Female,Ludhiyana,PB,2023-05-02,Silver,61
C00803,Anamika,Female,Hubballi-Dharwad,KA,2024-03-09,Silver,53
C00804,Brijesh,Male,Mysuru,KA,2024-11-20,Silver,48
C00805,Minakshi,Female,Mangaluru,KA,2024-07-05,None,57
C00806,Brijesh,Male,Nashik,MH,2024-08-20,Gold,50
C00807,Anamika,Female,Amritsar,PB,2023-06-05,Platinum,24
C00808,Nitesh,Male,Hubballi-Dharwad,KA,2023-10-04,Silver,26
C00809,Anamika,Female,Palghar,MH,2024-08-08,Platinum,19
C00810,Anamika,Female,Belagavi,KA,2023-07-05,None,70
C00811,Rahul,Male,Udaipur,RJ,2024-01-19,Silver,46
C00812,Ankita,Female,Udaipur,RJ,2023-09-19,None,37
C00813,Anamika,Female,Belagavi,KA,2023-07-02,None,44
C00814,Rahul,Male,Udaipur,RJ,2023-02-16,None,66
C00815,Anjali,Female,Jaipur,RJ,2024-09-13,Silver,55
C00816,Sneha,Female,Mumbai,MH,2024-06-02,Gold,65
C00817,Ajay,Male,Palghar,MH,2024-12-17,Silver,19
C00818,Param,Male,Belagavi,KA,2025-03-23,Gold,32
C00819,Priya,Female,Ludhiyana,PB,2024-02-05,Gold,37
C00820,Minakshi,Female,Patiala,PB,2024-03-28,Platinum,51
C00821,Sonu,Male,Palghar,MH,2024-12-21,Gold,24
C00822,Dhriti,Female,Belagavi,KA,2023-10-27,None,28
C00823,Arafat,Male,Belagavi,KA,2023-02-13,None,50
C00824,Ankita,Female,Patiala,PB,2023-01-19,Gold,25
C00825,Sourabh,Male,Mangaluru,KA,2024-07-20,Gold,33
C00826,Dhriti,Female,Jalandhar,PB,2024-09-21,Silver,60
C00827,Priya,Female,Pune,MH,2023-08-04,None,23
C00828,Shreya,Female,Belagavi,KA,2023-04-23,None,58
C00829,Vishal,Male,Ludhiyana,PB,2025-02-12,Silver,69
C00830,Briti,Female,Surat,GJ,2025-05-04,Platinum,34
C00831,Minakshi,Female,Mangaluru,KA,2024-08-19,Silver,20
C00832,Suraj,Male,Hubballi-Dharwad,KA,2024-05-16,None,69
C00833,Rahul,Male,Udaipur,RJ,2025-05-18,Gold,51
C00834,Rahul,Male,Mysuru,KA,2023-04-15,Silver,44
C00835,Prem,Male,Jalandhar,PB,2024-01-10,None,30
C00836,Dhriti,Female,Jalandhar,PB,2023-11-22,Silver,19
C00837,Dhoni,Male,Mumbai,MH,2023-07-01,Silver,65
C00838,Nitesh,Male,Dadar,MH,2023-11-10,Silver,29
C00839,Sourabh,Male,Patiala,PB,2024-06-13,None,23
C00840,Brijesh,Male,Nashik,MH,2023-05-17,Platinum,33
C00841,Briti,Female,Jalandhar,PB,2025-05-25,Platinum,22
C00842,Ankita,Female,Patiala,PB,2023-10-18,None,56
C00843,Prem,Male,Vasai,MH,2023-01-13,None,27
C00844,Dhoni,Male,Ludhiyana,PB,2024-08-01,Gold,25
C00845,Sakhshi,Female,Patiala,PB,2023-05-01,None,54
C00846,Briti,Female,Jalandhar,PB,2025-05-03,None,35
C00847,Suraj,Male,Hubballi-Dharwad,KA,2025-03-08,Gold,31
C00848,Priya,Female,Nashik,MH,2023-07-07,Platinum,18
C00849,Minakshi,Female,Solapur,MH,2024-05-27,None,68
C00850,Sharda,Female,Palghar,MH,2024-09-30,Platinum,54
C00851,Minakshi,Female,Solapur,MH,2024-05-05,Silver,43
C00852,Sneha,Female,Bengaluru,KA,2024-07-02,Silver,67
C00853,Dhoni,Male,Pune,MH,2024-03-05,Platinum,58
C00854,Rahul,Male,Mysuru,KA,2024-03-17,Gold,23
C00855,Minakshi,Female,Patiala,PB,2024-07-29,Silver,42
C00856,Param,Male,Palghar,MH,2025-01-09,Gold,40
C00857,Dhoni,Male,Bengaluru,KA,2023-08-01,Silver,36
C00858,Priya,Female,Bengaluru,KA,2024-06-07,Gold,20
C00859,Priya,Female,Pune,MH,2023-03-06,Gold,21
C00860,Anjali,Female,Mysuru,KA,2025-02-12,Silver,67
C00861,Anamika,Female,Jalandhar,PB,2024-08-26,Platinum,20
C00862,Briti,Female,Belagavi,KA,2025-04-09,Gold,69
C00863,Nitesh,Male,Dadar,MH,2023-11-28,Gold,41
C00864,Anamika,Female,Belagavi,KA,2023-07-04,Silver,43
C00865,Sonu,Male,Surat,GJ,2025-02-21,None,63
C00866,Anjali,Female,Patiala,PB,2025-03-18,None,41
C00867,Vivek,Male,Patiala,PB,2024-10-10,Platinum,41
C00868,Rahul,Male,Patiala,PB,2024-06-17,None,20
C00869,Sharda,Female,Chennai,TN,2025-04-29,Gold,40
C00870,Suraj,Male,Belagavi,KA,2023-06-18,Silver,69
C00871,Priya,Female,Pune,MH,2024-05-05,None,64
C00872,Briti,Female,Patiala,PB,2024-11-29,Silver,56
C00873,Minakshi,Female,Thane,MH,2024-01-28,Gold,61
C00874,Minakshi,Female,Solapur,MH,2024-03-16,None,21
C00875,Aarti,Female,Amritsar,PB,2024-05-24,Platinum,23
C00876,Briti,Female,Surat,GJ,2025-02-05,Silver,28
C00877,Samiksha,Female,Hubballi-Dharwad,KA,2024-09-16,None,53
C00878,Briti,Female,Jalandhar,PB,2025-02-19,Platinum,41
C00879,Dhoni,Male,Ludhiyana,PB,2024-12-03,Platinum,50
C00880,Rahul,Male,Patiala,PB,2023-09-17,Platinum,70
C00881,Suraj,Male,Amritsar,PB,2023-03-03,Platinum,31
C00882,Suraj,Male,Belagavi,KA,2024-06-30,Silver,30
C00883,Rahul,Male,Nashik,MH,2023-03-19,None,27
C00884,Vivek,Male,Patiala,PB,2024-09-26,Platinum,53
C00885,Sakhshi,Female,Nashik,MH,2023-07-09,Platinum,25
C00886,Vivek,Male,Patiala,PB,2024-08-06,Platinum,42
C00887,Aarti,Female,Hubballi-Dharwad,KA,2024-11-04,None,61
C00888,Minakshi,Female,Solapur,MH,2024-09-15,Gold,21
C00889,Prince,Male,Palghar,MH,2023-04-03,Gold,49
C00890,Vivek,Male,Mangaluru,KA,2024-08-18,Platinum,62
C00891,Minakshi,Female,Mysuru,KA,2023-12-21,None,33
C00892,Arafat,Male,Jalandhar,PB,2025-04-15,Gold,20
C00893,Anamika,Female,Belagavi,KA,2023-08-07,None,26
C00894,Ankita,Female,Mysuru,KA,2023-12-19,Gold,38
C00895,Sakhshi,Female,Nashik,MH,2023-07-03,Gold,69
C00896,Vivek,Male,Ahmedabad,GJ,2024-09-04,None,68
C00897,Rahul,Male,Mysuru,KA,2023-01-15,Platinum,54
C00898,Sakhshi,Female,Mysuru,KA,2023-04-17,Silver,24
C00899,Ankita,Female,Patiala,PB,2023-04-07,None,61
C00900,Rahul,Male,Patiala,PB,2023-01-15,Gold,61
C00901,Anamika,Female,Amritsar,PB,2024-06-22,None,35
C00902,Minakshi,Female,Ahmedabad,GJ,2024-10-26,Gold,34
C00903,Briti,Female,Patiala,PB,2024-11-16,Platinum,50
C00904,Arafat,Male,Jalandhar,PB,2025-02-11,Gold,62
C00905,Minakshi,Female,Solapur,MH,2024-04-27,Gold,33
C00906,Prince,Male,Palghar,MH,2023-06-30,Silver,44
C00907,Prince,Male,Palghar,MH,2023-06-26,Gold,55
C00908,Anjali,Female,Udaipur,RJ,2023-07-16,Silver,33
C00909,Anamika,Female,Belagavi,KA,2024-02-19,Gold,59
C00910,Brijesh,Male,Thane,MH,2023-10-30,Platinum,59
C00911,Arafat,Male,Belagavi,KA,2024-08-20,Silver,63
C00912,Shreya,Female,Belagavi,KA,2024-04-26,None,32
C00913,Brijesh,Male,Patiala,PB,2023-01-27,Silver,60
C00914,Suraj,Male,Hubballi-Dharwad,KA,2024-03-25,Silver,49
C00915,Vishal,Male,Jaipur,RJ,2024-01-14,Gold,25
C00916,Aarti,Female,Hubballi-Dharwad,KA,2023-11-19,None,53
C00917,Ankita,Female,Nashik,MH,2024-12-20,Platinum,25
C00918,Sharda,Female,Palghar,MH,2024-05-31,Silver,56
C00919,Anamika,Female,Dadar,MH,2023-06-01,Platinum,65
C00920,Vivek,Male,Mangaluru,KA,2024-07-30,None,49
C00921,Anamika,Female,Belagavi,KA,2024-01-29,Platinum,5
C00922,Sneha,Female,Mumbai,MH,2023-05-01,Silver,32
C00923,Anjali,Female,Nashik,MH,2024-03-17,Gold,45
C00924,Shreya,Female,Madhurai,TN,2024-04-12,None,21
C00925,Anamika,Female,Belagavi,KA,2023-07-21,Gold,54
C00926,Aarti,Female,Hubballi-Dharwad,KA,2024-11-11,None,57
C00927,Ankita,Female,Udaipur,RJ,2023-06-18,Gold,70
C00928,Nitesh,Male,Amritsar,PB,2023-11-28,Platinum,67
C00929,Arafat,Male,Vasai,MH,2024-12-25,Platinum,26
C00930,Amit,Male,Belagavi,KA,2023-01-31,Gold,42
C00931,Anamika,Female,Amritsar,PB,2025-06-02,Platinum,63
C00932,Anamika,Female,Amritsar,PB,2023-01-29,None,25
C00933,Prince,Male,Belagavi,KA,2024-01-30,Silver,18
C00934,Anjali,Female,Jaipur,RJ,2024-09-14,Platinum,55
C00935,Sakhshi,Female,Mysuru,KA,2023-06-01,Platinum,27
C00936,Briti,Female,Belagavi,KA,2025-02-16,Silver,22
C00937,Amol,Male,Amritsar,PB,2024-09-26,Platinum,33
C00938,Prem,Male,Jalandhar,PB,2023-02-25,Silver,60
C00939,Anamika,Female,Dadar,MH,2024-03-13,Silver,19
C00940,Arafat,Male,Belagavi,KA,2024-12-06,Gold,36
C00941,Prince,Male,Jalandhar,PB,2023-10-29,Platinum,51
C00943,Anamika,Female,Dadar,MH,2024-06-17,None,24
C00944,Anamika,Female,Belagavi,KA,2023-02-28,Gold,22
C00945,Sneha,Female,Pune,MH,2024-10-03,Silver,36
C00946,Briti,Female,Palghar,MH,2025-05-21,Silver,30
C00947,Sourabh,Male,Patiala,PB,2023-12-24,Gold,54
C00948,Brijesh,Male,Thane,MH,2023-09-24,Gold,30
C00949,Prince,Male,Palghar,MH,2023-09-30,Silver,20
C00950,Sonu,Male,Belagavi,KA,2025-03-23,Platinum,61
C00951,Brijesh,Male,Mysuru,KA,2023-08-31,Platinum,61
C00952,Sakhshi,Female,Nashik,MH,2023-05-30,Platinum,19
C00953,Vivek,Male,Solapur,MH,2024-08-08,Gold,23
C00954,Dhoni,Male,Ludhiyana,PB,2025-06-07,Gold,31
C00955,Briti,Female,Palghar,MH,2025-01-23,Platinum,55
C00956,Briti,Female,Belagavi,KA,2025-03-05,Gold,54
C00957,Suraj,Male,Hubballi-Dharwad,KA,2023-11-05,None,42
C00958,Brijesh,Male,Patiala,PB,2023-01-06,Gold,19
C00959,Sourabh,Male,Patiala,PB,2024-02-18,None,51
C00960,Prince,Male,Belagavi,KA,2023-12-28,Gold,54
C00961,Sourabh,Male,Patiala,PB,2024-07-01,None,59
C00962,Vishal,Male,Nashik,MH,2024-12-13,Platinum,55
C00963,Neha,Female,Jaipur,RJ,2024-08-11,None,55
C00964,Minakshi,Female,Thane,MH,2024-01-31,Silver,28
C00965,Sharda,Female,Palghar,MH,2023-04-03,Silver,48
C00966,Anamika,Female,Amritsar,PB,2024-01-29,Gold,38
C00967,Prem,Male,Belagavi,KA,2023-01-09,None,68
C00968,Ankita,Female,Mysuru,KA,2025-03-19,None,37
C00969,Ankita,Female,Udaipur,RJ,2023-01-14,Gold,35
C00970,Param,Male,Belagavi,KA,2025-02-23,Gold,47
C00971,Sourabh,Male,Mangaluru,KA,2024-03-04,None,20
C00972,Brijesh,Male,Thane,MH,2023-12-02,Gold,20
C00973,Aarti,Female,Hubballi-Dharwad,KA,2025-05-18,Platinum,35
C00974,Anamika,Female,Vasai,MH,2024-07-19,Silver,54
C00975,Dhoni,Male,Nashik,MH,2024-02-07,Silver,51
C00976,Amol,Male,Hubballi-Dharwad,KA,2024-09-07,None,38
C00977,Anamika,Female,Dadar,MH,2023-05-13,Gold,66
C00978,Dhriti,Female,Palghar,MH,2024-05-25,Gold,43
C00979,Param,Male,Palghar,MH,2025-04-06,Gold,35
C00980,Sourabh,Male,Solapur,MH,2024-02-20,Platinum,65
C00981,Ankita,Female,Patiala,PB,2023-10-20,Platinum,30
C00982,Param,Male,Palghar,MH,2025-01-15,Silver,43
C00983,Dhriti,Female,Chennai,TN,2024-05-22,Gold,27
C00984,Arafat,Male,Palghar,MH,2024-08-20,Platinum,42
C00985,Arafat,Male,Jalandhar,PB,2023-04-12,Silver,68
C00986,Param,Male,Jalandhar,PB,2025-02-18,Gold,25
C00987,Priya,Female,Jaipur,RJ,2024-04-08,None,26
C00988,Suraj,Male,Hubballi-Dharwad,KA,2024-05-18,Platinum,54
C00989,Ankita,Female,Udaipur,RJ,2023-03-13,Silver,30
C00990,Brijesh,Male,Thane,MH,2023-11-05,Platinum,40
C00991,Arafat,Male,Belagavi,KA,2023-12-16,Platinum,56
C00992,Dhriti,Female,Belagavi,KA,2025-03-23,Platinum,41
C00993,Anamika,Female,Jalandhar,PB,2024-12-16,Gold,37
C00994,Anjali,Female,Jaipur,RJ,2023-06-15,Silver,33
C00995,Briti,Female,Surat,GJ,2024-11-21,Silver,48
C00996,Amit,Male,Dadar,MH,2023-07-23,Platinum,60
C00997,Arafat,Male,Palghar,MH,2023-04-11,Silver,45
C00998,Sakhshi,Female,Mysuru,KA,2023-07-06,None,68
C00999,Brijesh,Male,Mysuru,KA,2023-05-31,Platinum,20
C01000,Rahul,Male,Jaipur,RJ,2024-11-14,None,18
C01001,Vishal,Male,Jaipur,RJ,2025-04-14,Platinum,37
C01002,Neha,Female,Bengaluru,KA,2024-05-09,Silver,35
C01003,Priya,Female,Bengaluru,KA,2025-02-05,Platinum,29
C01004,Nitesh,Male,Amritsar,PB,2023-10-18,Gold,59
C01005,Prem,Male,Jalandhar,PB,2024-01-14,Silver,26
C01006,Ajay,Male,Belagavi,KA,2024-12-24,Silver,19
C01007,Ajay,Male,Palghar,MH,2024-11-15,Silver,35
C01008,Vishal,Male,Mysuru,KA,2025-03-14,Silver,56
C01009,Suraj,Male,Dadar,MH,2025-05-04,Gold,48
C01010,Arafat,Male,Vasai,MH,2024-12-23,None,22
C01011,Sharda,Female,Chennai,TN,2024-06-28,Platinum,64
C01012,Sneha,Female,Bengaluru,KA,2025-05-03,Platinum,63
C01013,Vishal,Male,Nashik,MH,2023-08-14,Silver,42
C01014,Sourabh,Male,Patiala,PB,2024-01-20,Gold,30
C01015,Anjali,Female,Nashik,MH,2025-04-18,Platinum,67
C01016,Sharda,Female,Madhurai,TN,2024-10-30,Gold,22
C01017,Prince,Male,Chennai,TN,2023-08-28,Platinum,48
C01018,Dhoni,Male,Bengaluru,KA,2025-03-05,Silver,35
C01019,Anamika,Female,Belagavi,KA,2023-01-23,None,30
C01020,Sonu,Male,Palghar,MH,2023-01-22,Platinum,24
C01021,Dhriti,Female,Palghar,MH,2023-07-21,Gold,48
C01022,Sonu,Male,Belagavi,KA,2023-10-24,None,67
C01023,Sonu,Male,Palghar,MH,2024-08-22,None,58
C01024,Brijesh,Male,Patiala,PB,2023-11-07,None,37
C01025,Arafat,Male,Belagavi,KA,2023-12-29,None,44
C01026,Nitesh,Male,Amritsar,PB,2023-10-28,Platinum,46
C01027,Shreya,Female,Belagavi,KA,2025-04-25,Silver,26
C01028,Rahul,Male,Jaipur,RJ,2024-11-14,Gold,55
C01029,Arafat,Male,Belagavi,KA,2024-02-07,Gold,55
C01030,Aarti,Female,Dadar,MH,2023-11-13,Platinum,52
C01031,Dhoni,Male,Ludhiyana,PB,2024-10-09,None,64
C01032,Suraj,Male,Hubballi-Dharwad,KA,2024-05-22,None,37
C01033,Ankita,Female,Udaipur,RJ,2024-10-20,None,69
C01034,Brijesh,Male,Nashik,MH,2023-06-05,Silver,24
C01035,Anamika,Female,Amritsar,PB,2025-06-14,Silver,64
C01036,Prem,Male,Jalandhar,PB,2025-02-28,Silver,41
C01037,Prince,Male,Chennai,TN,2023-09-29,Platinum,51
C01038,Priya,Female,Pune,MH,2025-02-05,Silver,36
C01039,Brijesh,Male,Mysuru,KA,2023-10-19,Platinum,44
C01040,Suraj,Male,Dadar,MH,2023-07-31,Silver,61
C01041,Sonu,Male,Jalandhar,PB,2025-06-17,Gold,33
C01042,Amol,Male,Amritsar,PB,2024-09-06,None,20
C01043,Dhoni,Male,Pune,MH,2023-04-06,None,21
C01044,Briti,Female,Jalandhar,PB,2025-05-25,None,20
C01045,Briti,Female,Belagavi,KA,2025-05-29,None,59
C01046,Prince,Male,Belagavi,KA,2023-10-25,Silver,26
C01047,Dhoni,Male,Pune,MH,2023-10-03,Silver,25
C01048,Aarti,Female,Hubballi-Dharwad,KA,2024-11-12,Silver,54
C01049,Param,Male,Palghar,MH,2025-01-25,Silver,52
C01050,Suraj,Male,Dadar,MH,2024-05-06,Silver,60
C01051,Prem,Male,Belagavi,KA,2023-01-21,None,33
C01052,Sakhshi,Female,Thane,MH,2023-07-21,None,34
C01053,Anamika,Female,Belagavi,KA,2025-01-28,Silver,55
C01054,Sourabh,Male,Solapur,MH,2024-05-09,Platinum,43
C01055,Minakshi,Female,Solapur,MH,2024-02-25,Platinum,25
C01056,Rahul,Male,Mysuru,KA,2024-09-17,Silver,50
C01057,Prince,Male,Palghar,MH,2024-01-30,None,67
C01058,Dhoni,Male,Bengaluru,KA,2024-01-02,Gold,65
C01059,Suraj,Male,Amritsar,PB,2023-05-21,None,66
C01060,Brijesh,Male,Thane,MH,2023-08-31,Silver,21
C01061,Ankita,Female,Nashik,MH,2023-04-20,Gold,65
C01062,Brijesh,Male,Thane,MH,2023-08-12,Silver,43
C01063,Dhoni,Male,Bengaluru,KA,2024-10-03,Gold,54
C01064,Anjali,Female,Patiala,PB,2023-09-13,Silver,67
C01065,Sharda,Female,Jalandhar,PB,2024-09-30,None,58
C01066,Briti,Female,Palghar,MH,2025-04-22,Platinum,51
C01067,Amit,Male,Belagavi,KA,2024-07-01,Platinum,34
C01068,Prince,Male,Jalandhar,PB,2024-07-29,Platinum,47
C01069,Anjali,Female,Jaipur,RJ,2024-01-13,None,65
C01070,Brijesh,Male,Mysuru,KA,2023-03-22,Gold,50
C01071,Sonu,Male,Belagavi,KA,2025-05-12,Silver,32
C01072,Anamika,Female,Vasai,MH,2023-02-04,None,32
C01073,Rahul,Male,Mysuru,KA,2025-05-15,Silver,24
C01074,Prince,Male,Belagavi,KA,2024-04-26,Platinum,25
C01075,Arafat,Male,Madhurai,TN,2024-08-30,Gold,46
C01076,Anjali,Female,Mysuru,KA,2023-08-17,Platinum,44
C01077,Anjali,Female,Patiala,PB,2024-08-13,Gold,61
C01078,Minakshi,Female,Patiala,PB,2024-10-26,Silver,23
C01079,Ajay,Male,Patiala,PB,2024-12-28,Gold,51
C01080,Dhriti,Female,Palghar,MH,2025-01-28,None,63
C01081,Anamika,Female,Madhurai,TN,2023-08-22,Platinum,62
C01082,Arafat,Male,Palghar,MH,2023-08-20,Gold,35
C01083,Vivek,Male,Ahmedabad,GJ,2024-09-24,Platinum,69
C01084,Anjali,Female,Nashik,MH,2024-04-17,Platinum,60
C01085,Sourabh,Male,Ahmedabad,GJ,2024-07-12,None,58
C01086,Sourabh,Male,Solapur,MH,2024-03-03,Silver,29
C01087,Minakshi,Female,Ahmedabad,GJ,2024-03-13,Platinum,67
C01088,Brijesh,Male,Nashik,MH,2023-06-20,Platinum,24
C01089,Dhoni,Male,Mumbai,MH,2024-03-02,Silver,50
C01090,Sourabh,Male,Thane,MH,2024-01-27,Gold,65
C01091,Nitesh,Male,Dadar,MH,2024-11-21,Platinum,22
C01092,Anamika,Female,Amritsar,PB,2023-07-20,None,19
C01093,Brijesh,Male,Udaipur,RJ,2025-06-19,Gold,47
C01094,Nitesh,Male,Dadar,MH,2024-10-20,None,33
C01095,Arafat,Male,Madhurai,TN,2024-04-21,Gold,33
C01096,Ankita,Female,Mysuru,KA,2024-04-19,Platinum,47
C01097,Dhoni,Male,Bengaluru,KA,2025-05-06,Gold,22
C01098,Dhoni,Male,Mysuru,KA,2024-02-10,Gold,64
C01100,Briti,Female,Palghar,MH,2024-12-28,Silver,24
C01101,Amit,Male,Amritsar,PB,2024-07-20,Silver,50
C01102,Sonu,Male,Palghar,MH,2025-05-06,Platinum,18
C01103,Minakshi,Female,Thane,MH,2023-12-16,Gold,24
C01104,Dhoni,Male,Ludhiyana,PB,2024-01-07,Platinum,67
C01105,Vivek,Male,Solapur,MH,2024-09-23,Silver,21
C01106,Anamika,Female,Belagavi,KA,2023-01-21,Platinum,66
C01107,Sonu,Male,Belagavi,KA,2025-06-02,Platinum,48
C01108,Suraj,Male,Amritsar,PB,2023-06-02,Platinum,33
C01109,Priya,Female,Pune,MH,2023-03-05,Platinum,43
C01110,Sakhshi,Female,Nashik,MH,2023-04-22,Silver,70
C01111,Ankita,Female,Mysuru,KA,2025-05-19,None,53
C01112,Amol,Male,Hubballi-Dharwad,KA,2024-09-30,Silver,65
C01113,Brijesh,Male,Mysuru,KA,2023-09-20,None,40
C01114,Amol,Male,Hubballi-Dharwad,KA,2023-09-30,Silver,49
C01115,Dhoni,Male,Bengaluru,KA,2024-05-03,Silver,28
C01116,Prince,Male,Chennai,TN,2023-11-26,Silver,70
C01117,Dhoni,Male,Ludhiyana,PB,2024-12-11,Platinum,62
C01118,Anamika,Female,Belagavi,KA,2024-07-15,None,43
C01119,Anamika,Female,Belagavi,KA,2024-07-20,Gold,65
C01120,Nitesh,Male,Amritsar,PB,2023-10-10,Platinum,20
C01121,Arafat,Male,Palghar,MH,2024-04-20,Gold,20
C01122,Brijesh,Male,Mysuru,KA,2023-06-09,None,59
C01123,Vivek,Male,Mangaluru,KA,2024-09-09,Silver,49
C01124,Priya,Female,Ludhiyana,PB,2023-09-05,Silver,53
C01125,Arafat,Male,Belagavi,KA,2025-04-08,Silver,36
C01126,Anjali,Female,Nashik,MH,2024-02-13,Silver,68
C01127,Neha,Female,Bengaluru,KA,2024-12-08,Silver,32
C01128,Suraj,Male,Hubballi-Dharwad,KA,2023-03-23,Silver,27
C01129,Amol,Male,Hubballi-Dharwad,KA,2023-09-19,Gold,50
C01130,Minakshi,Female,Ahmedabad,GJ,2024-08-05,Platinum,24
C01131,Sakhshi,Female,Nashik,MH,2023-05-16,None,23
C01132,Sneha,Female,Ludhiyana,PB,2023-04-02,Silver,46
C01133,Sonu,Male,Chennai,TN,2023-02-22,Platinum,43
C01134,Aarti,Female,Dadar,MH,2023-11-24,Platinum,52
C01135,Anamika,Female,Belagavi,KA,2023-12-08,Platinum,20
C01136,Amol,Male,Hubballi-Dharwad,KA,2024-09-28,Platinum,68
C01137,Vivek,Male,Ahmedabad,GJ,2024-08-16,Platinum,39
C01138,Brijesh,Male,Mysuru,KA,2023-06-22,Platinum,33
C01139,Anamika,Female,Vasai,MH,2023-07-11,None,56
C01140,Brijesh,Male,Patiala,PB,2023-01-08,Silver,53
C01141,Sonu,Male,Jalandhar,PB,2024-05-23,Gold,33
C01142,Priya,Female,Bengaluru,KA,2025-04-07,Platinum,52
C01143,Ankita,Female,Patiala,PB,2023-02-01,None,20
C01144,Dhriti,Female,Jalandhar,PB,2023-02-25,Platinum,44
C01145,Suraj,Male,Hubballi-Dharwad,KA,2023-05-24,Gold,27
C01146,Anamika,Female,Amritsar,PB,2024-06-02,Silver,70
C01147,Dhoni,Male,Ludhiyana,PB,2023-05-09,Platinum,56
C01148,Prem,Male,Jalandhar,PB,2024-02-26,Platinum,67
C01149,Sneha,Female,Mumbai,MH,2024-04-03,Gold,22
C01150,Anamika,Female,Vasai,MH,2023-02-06,Platinum,48
C01151,Sourabh,Male,Patiala,PB,2024-01-09,Platinum,59
C01152,Ankita,Female,Nashik,MH,2025-02-20,Silver,26
C01153,Priya,Female,Nashik,MH,2023-11-06,Gold,47
C01154,Brijesh,Male,Udaipur,RJ,2023-04-14,None,33
C01155,Dhoni,Male,Ludhiyana,PB,2025-04-03,Gold,33
C01156,Brijesh,Male,Mysuru,KA,2023-12-18,None,22
C01157,Arafat,Male,Jalandhar,PB,2023-02-01,Gold,26
C01158,Briti,Female,Palghar,MH,2024-12-04,None,69
C01159,Minakshi,Female,Thane,MH,2024-01-06,Platinum,22
C01160,Minakshi,Female,Mangaluru,KA,2024-09-23,Platinum,56
C01161,Ajay,Male,Mangaluru,KA,2024-11-16,Platinum,33
C01162,Arafat,Male,Palghar,MH,2024-08-15,Gold,40
C01163,Arafat,Male,Madhurai,TN,2023-04-25,None,43
C01164,Sakhshi,Female,Thane,MH,2023-11-01,None,32
C01165,Anamika,Female,Vasai,MH,2024-02-28,None,50
C01166,Brijesh,Male,Mysuru,KA,2023-07-10,None,55
C01167,Priya,Female,Pune,MH,2023-07-06,Gold,70
C01168,Anjali,Female,Ludhiyana,PB,2024-09-12,None,69
C01169,Sourabh,Male,Patiala,PB,2024-07-18,Silver,55
C01170,Amol,Male,Hubballi-Dharwad,KA,2024-09-30,Platinum,51
C01171,Rahul,Male,Patiala,PB,2024-12-18,Gold,40
C01172,Samiksha,Female,Hubballi-Dharwad,KA,2023-09-06,Gold,49
C01173,Anjali,Female,Mysuru,KA,2023-09-14,Silver,34
C01174,Dhoni,Male,Bengaluru,KA,2023-03-05,Platinum,60
C01175,Priya,Female,Nashik,MH,2023-10-07,Gold,64
C01176,Anamika,Female,Belagavi,KA,2025-06-09,Silver,23
C01177,Briti,Female,Jalandhar,PB,2025-02-04,Silver,70
C01178,Dhriti,Female,Palghar,MH,2023-07-25,Gold,70
C01179,Sourabh,Male,Patiala,PB,2024-01-04,Gold,53
C01180,Sonu,Male,Jalandhar,PB,2024-02-24,Gold,66
C01181,Suraj,Male,Dadar,MH,2023-03-27,Platinum,63
C01182,Dhoni,Male,Mysuru,KA,2024-04-11,Platinum,55
C01183,Dhoni,Male,Mumbai,MH,2025-01-03,None,22
C01184,Sneha,Female,Bengaluru,KA,2025-03-03,Silver,46
C01185,Dhriti,Female,Belagavi,KA,2025-01-28,Gold,31
C01186,Dhriti,Female,Jalandhar,PB,2024-02-25,Gold,36
C01187,Sneha,Female,Mumbai,MH,2024-10-01,None,32
C01188,Ankita,Female,Mysuru,KA,2023-11-20,Gold,68
C01189,Dhriti,Female,Belagavi,KA,2023-05-21,None,29
C01190,Sneha,Female,Bengaluru,KA,2023-09-01,Platinum,47
C01191,Anamika,Female,Belagavi,KA,2024-12-19,Gold,38
C01192,Anjali,Female,Patiala,PB,2023-12-15,Silver,49
C01193,Dhriti,Female,Jalandhar,PB,2024-03-26,Gold,23
C01194,Dhriti,Female,Belagavi,KA,2025-06-18,Gold,40
C01195,Rahul,Male,Udaipur,RJ,2023-05-16,Silver,40
C01196,Minakshi,Female,Patiala,PB,2023-12-23,None,48
C01197,Sonu,Male,Jalandhar,PB,2025-02-24,Gold,61
C01198,Anjali,Female,Jaipur,RJ,2024-06-14,Gold,43
C01199,Param,Male,Jalandhar,PB,2025-02-11,Gold,37
C01200,Minakshi,Female,Patiala,PB,2024-07-05,Platinum,29
C01201,Sakhshi,Female,Thane,MH,2023-09-24,Silver,32
C01202,Sneha,Female,Ludhiyana,PB,2025-03-01,None,25
C01203,Sakhshi,Female,Patiala,PB,2023-10-08,Gold,60
C01204,Minakshi,Female,Ahmedabad,GJ,2024-06-17,Platinum,48
C01205,Minakshi,Female,Patiala,PB,2024-10-04,Gold,67
C01206,Briti,Female,Palghar,MH,2025-04-25,Platinum,45
C01207,Aarti,Female,Hubballi-Dharwad,KA,2025-05-19,Platinum,70
C01208,Briti,Female,Mangaluru,KA,2024-12-10,Silver,58
C01209,Anamika,Female,Belagavi,KA,2024-12-23,None,30
C01210,Sourabh,Male,Thane,MH,2023-12-26,None,67
C01211,Nitesh,Male,Amritsar,PB,2024-10-27,Platinum,56
C01212,Anamika,Female,Belagavi,KA,2023-01-23,Gold,22
C01213,Anjali,Female,Mysuru,KA,2023-07-16,None,50
C01214,Nitesh,Male,Hubballi-Dharwad,KA,2024-10-03,Gold,23
C01215,Sourabh,Male,Thane,MH,2024-01-30,Silver,31
C01216,Dhoni,Male,Ludhiyana,PB,2024-01-12,None,60
C01217,Sharda,Female,Madhurai,TN,2025-04-05,Silver,18
C01218,Brijesh,Male,Patiala,PB,2023-01-04,Silver,33
C01219,Anamika,Female,Belagavi,KA,2024-02-18,Silver,57
C01220,Priya,Female,Ludhiyana,PB,2023-10-07,None,42
C01221,Brijesh,Male,Nashik,MH,2023-04-06,Gold,65
C01222,Anamika,Female,Vasai,MH,2023-02-19,Gold,53
C01223,Amit,Male,Amritsar,PB,2024-07-11,Gold,63
C01224,Suraj,Male,Hubballi-Dharwad,KA,2024-11-08,Silver,70
C01225,Anamika,Female,Dadar,MH,2024-06-08,Gold,31
C01226,Brijesh,Male,Nashik,MH,2023-06-09,None,30
C01227,Sourabh,Male,Mangaluru,KA,2024-06-02,Silver,30
C01228,Dhriti,Female,Jalandhar,PB,2024-03-21,None,5
C01229,Minakshi,Female,Patiala,PB,2023-12-25,Gold,56
C01230,Dhriti,Female,Belagavi,KA,2025-06-15,Silver,31
C01231,Minakshi,Female,Mysuru,KA,2023-11-20,None,33
C01232,Sharda,Female,Madhurai,TN,2024-04-30,Platinum,61
C01233,Suraj,Male,Hubballi-Dharwad,KA,2024-05-08,Platinum,41
C01234,Anamika,Female,Amritsar,PB,2023-06-16,Gold,26
C01235,Dhriti,Female,Jalandhar,PB,2024-09-24,Gold,54
C01236,Shreya,Female,Madhurai,TN,2024-04-14,Platinum,34
C01237,Dhoni,Male,Bengaluru,KA,2024-08-08,None,38
C01238,Minakshi,Female,Solapur,MH,2024-10-25,Platinum,26
C01239,Nitesh,Male,Hubballi-Dharwad,KA,2023-09-04,Platinum,61
C01240,Sonu,Male,Jalandhar,PB,2025-05-20,Gold,21
C01241,Brijesh,Male,Udaipur,RJ,2023-01-04,Silver,70
C01242,Anamika,Female,Jalandhar,PB,2024-02-03,Platinum,38
C01243,Ajay,Male,Patiala,PB,2024-11-14,None,45
C01244,Shreya,Female,Belagavi,KA,2024-04-23,Silver,32
C01245,Dhoni,Male,Ludhiyana,PB,2023-04-09,None,20
C01246,Vishal,Male,Patiala,PB,2024-07-14,None,22
C01247,Briti,Female,Surat,GJ,2024-11-30,None,53
C01248,Dhoni,Male,Ludhiyana,PB,2023-12-07,Platinum,36
C01249,Anamika,Female,Amritsar,PB,2023-06-22,None,55
C01250,Vivek,Male,Solapur,MH,2024-08-30,Platinum,31
C01251,Dhoni,Male,Bengaluru,KA,2023-05-06,Platinum,20
C01252,Brijesh,Male,Patiala,PB,2024-08-19,Platinum,31
C01253,Neha,Female,Nashik,MH,2024-05-11,Platinum,42
C01254,Shreya,Female,Madhurai,TN,2024-04-17,Gold,33
C01255,Suraj,Male,Hubballi-Dharwad,KA,2025-05-05,Silver,36
C01257,Minakshi,Female,Mangaluru,KA,2024-03-22,Gold,50
C01258,Minakshi,Female,Mangaluru,KA,2024-01-15,Silver,33
C01259,Prince,Male,Chennai,TN,2024-05-29,Silver,37
C01260,Brijesh,Male,Mysuru,KA,2023-04-24,Platinum,26
C01261,Amit,Male,Belagavi,KA,2023-07-04,Platinum,18
C01262,Anamika,Female,Hubballi-Dharwad,KA,2024-03-10,None,30
C01263,Shreya,Female,Jalandhar,PB,2024-04-28,Gold,32
C01264,Dhriti,Female,Jalandhar,PB,2024-07-23,None,23
C01265,Arafat,Male,Belagavi,KA,2024-08-09,Platinum,45
C01266,Ajay,Male,Palghar,MH,2024-11-16,None,25
C01267,Prince,Male,Jalandhar,PB,2023-10-31,Platinum,54
C01268,Prem,Male,Jalandhar,PB,2025-02-21,None,44
C01269,Nitesh,Male,Hubballi-Dharwad,KA,2023-11-24,Silver,63
C01270,Amit,Male,Belagavi,KA,2024-01-28,Silver,26
C01271,Nitesh,Male,Amritsar,PB,2024-10-23,None,23
C01272,Anamika,Female,Belagavi,KA,2025-06-09,Platinum,62
C01273,Neha,Female,Ludhiyana,PB,2023-02-10,Silver,28
C01274,Sourabh,Male,Patiala,PB,2024-04-30,Platinum,52
C01275,Dhriti,Female,Jalandhar,PB,2023-04-24,None,60
C01276,Anamika,Female,Belagavi,KA,2024-07-12,None,23
C01277,Sourabh,Male,Patiala,PB,2024-03-10,Platinum,30
C01278,Sonu,Male,Belagavi,KA,2024-03-21,Platinum,48
C01279,Brijesh,Male,Udaipur,RJ,2023-03-08,Platinum,56
C01280,Brijesh,Male,Udaipur,RJ,2023-08-20,Silver,28
C01281,Dhoni,Male,Mysuru,KA,2024-12-09,Platinum,23
C01282,Sonu,Male,Jalandhar,PB,2025-02-24,Platinum,30
C01283,Neha,Female,Nashik,MH,2025-03-11,None,56
C01284,Prince,Male,Jalandhar,PB,2024-04-25,Gold,50
C01285,Briti,Female,Surat,GJ,2024-11-07,Platinum,19
C01286,Arafat,Male,Madhurai,TN,2023-08-18,Silver,34
C01287,Dhriti,Female,Jalandhar,PB,2023-08-24,Silver,41
C01288,Aarti,Female,Dadar,MH,2023-10-24,Platinum,54
C01289,Dhriti,Female,Palghar,MH,2023-06-23,Silver,32
C01290,Brijesh,Male,Thane,MH,2023-12-17,Silver,28
C01291,Sakhshi,Female,Nashik,MH,2023-06-13,None,20
C01292,Prince,Male,Jalandhar,PB,2024-06-28,Platinum,37
C01293,Prince,Male,Jalandhar,PB,2024-05-27,Gold,34
C01294,Brijesh,Male,Thane,MH,2023-10-16,Silver,63
C01295,Arafat,Male,Belagavi,KA,2024-04-08,Gold,22
C01296,Vivek,Male,Ahmedabad,GJ,2024-08-31,Platinum,46
C01297,Sakhshi,Female,Patiala,PB,2023-08-01,None,58
C01298,Brijesh,Male,Mysuru,KA,2023-12-20,Platinum,36
C01299,Suraj,Male,Dadar,MH,2023-05-13,Platinum,47
C01300,Sakhshi,Female,Thane,MH,2023-10-01,Platinum,33
C01301,Sneha,Female,Mumbai,MH,2025-04-02,Gold,44
C01302,Nitesh,Male,Amritsar,PB,2024-10-26,None,46
C01303,Brijesh,Male,Nashik,MH,2023-07-07,Platinum,55
C01304,Samiksha,Female,Hubballi-Dharwad,KA,2023-09-24,None,43
C01305,Briti,Female,Mangaluru,KA,2024-12-10,Platinum,55
C01306,Shreya,Female,Madhurai,TN,2023-04-20,None,68
C01307,Anamika,Female,Palghar,MH,2023-08-08,Platinum,66
C01308,Minakshi,Female,Mangaluru,KA,2024-03-31,None,29
C01309,Suraj,Male,Hubballi-Dharwad,KA,2024-05-23,Gold,55
C01310,Anamika,Female,Amritsar,PB,2025-05-16,Silver,25
C01311,Aarti,Female,Amritsar,PB,2024-11-15,Platinum,21
C01312,Vivek,Male,Solapur,MH,2024-10-29,Platinum,31
C01313,Sneha,Female,Bengaluru,KA,2024-01-01,Silver,44
C01314,Suraj,Male,Amritsar,PB,2023-03-08,None,40
C01315,Sharda,Female,Palghar,MH,2024-11-30,None,23
C01316,Dhoni,Male,Mysuru,KA,2025-02-11,Silver,33
C01317,Anamika,Female,Amritsar,PB,2023-06-06,Gold,38
C01318,Dhoni,Male,Ludhiyana,PB,2025-03-09,None,61
C01319,Brijesh,Male,Patiala,PB,2023-04-08,Platinum,51
C01320,Minakshi,Female,Solapur,MH,2024-03-24,None,64
C01321,Priya,Female,Bengaluru,KA,2024-02-05,Platinum,39
C01322,Anamika,Female,Hubballi-Dharwad,KA,2024-03-26,Gold,49
C01323,Anamika,Female,Jalandhar,PB,2024-01-04,None,51
C01324,Param,Male,Palghar,MH,2025-04-16,Silver,61
C01325,Dhriti,Female,Jalandhar,PB,2025-06-02,Platinum,54
C01326,Dhriti,Female,Chennai,TN,2023-11-25,Gold,58
C01327,Anjali,Female,Patiala,PB,2024-08-17,Silver,65
C01328,Brijesh,Male,Mysuru,KA,2023-05-08,None,45
C01329,Sakhshi,Female,Patiala,PB,2023-10-03,None,45
C01330,Briti,Female,Jalandhar,PB,2025-03-31,Gold,68
C01331,Sharda,Female,Belagavi,KA,2023-09-30,Gold,28
C01332,Anamika,Female,Madhurai,TN,2024-08-17,Silver,40
C01333,Param,Male,Patiala,PB,2025-01-30,None,36
C01334,Brijesh,Male,Patiala,PB,2023-08-19,Gold,37
C01335,Sourabh,Male,Mangaluru,KA,2024-02-09,Platinum,47
C01336,Prince,Male,Jalandhar,PB,2023-08-25,Silver,43
C01337,Shreya,Female,Palghar,MH,2024-04-25,None,67
C01338,Anjali,Female,Udaipur,RJ,2024-03-18,None,19
C01339,Prem,Male,Vasai,MH,2023-01-12,Silver,52
C01340,Ajay,Male,Palghar,MH,2024-12-03,None,19
C01341,Dhoni,Male,Nashik,MH,2023-07-08,Gold,41
C01342,Dhoni,Male,Bengaluru,KA,2023-04-09,Gold,68
C01343,Minakshi,Female,Solapur,MH,2024-02-16,None,32
C01344,Brijesh,Male,Mysuru,KA,2024-02-20,Silver,47
C01345,Suraj,Male,Amritsar,PB,2023-07-30,Gold,53
C01346,Dhoni,Male,Nashik,MH,2023-04-08,Silver,29
C01347,Suraj,Male,Amritsar,PB,2024-07-29,Platinum,37
C01348,Anamika,Female,Vasai,MH,2023-01-01,Gold,38
C01349,Suraj,Male,Dadar,MH,2023-06-23,Silver,36
C01350,Priya,Female,Ludhiyana,PB,2024-07-08,None,35
C01351,Dhoni,Male,Pune,MH,2024-12-05,Silver,28
C01352,Param,Male,Jalandhar,PB,2025-04-13,Platinum,21
C01353,Brijesh,Male,Nashik,MH,2023-06-29,Silver,19
C01354,Rahul,Male,Udaipur,RJ,2024-05-17,Platinum,26
C01355,Suraj,Male,Amritsar,PB,2024-03-24,Gold,18
C01356,Briti,Female,Surat,GJ,2025-04-15,Silver,43
C01357,Briti,Female,Patiala,PB,2024-12-09,Gold,53
C01358,Dhriti,Female,Chennai,TN,2024-01-28,Gold,50
C01359,Dhoni,Male,Ludhiyana,PB,2025-02-05,Silver,60
C01360,Prem,Male,Belagavi,KA,2023-01-05,None,30
C01361,Dhoni,Male,Ludhiyana,PB,2023-02-12,Gold,28
C01362,Shreya,Female,Madhurai,TN,2023-08-03,Silver,70
C01363,Anamika,Female,Jalandhar,PB,2024-08-25,Platinum,69
C01364,Minakshi,Female,Solapur,MH,2024-04-05,Gold,48
C01365,Anjali,Female,Mysuru,KA,2024-12-12,Silver,50
C01366,Sneha,Female,Mumbai,MH,2023-06-02,Silver,47
C01367,Anamika,Female,Belagavi,KA,2024-12-01,Silver,61
C01368,Anamika,Female,Madhurai,TN,2024-08-17,Gold,46
C01369,Ankita,Female,Patiala,PB,2023-02-18,Platinum,18
C01370,Minakshi,Female,Ahmedabad,GJ,2024-08-25,Platinum,43
C01371,Anjali,Female,Patiala,PB,2024-10-14,None,58
C01372,Minakshi,Female,Patiala,PB,2024-05-07,Platinum,62
C01373,Vishal,Male,Nashik,MH,2023-03-14,None,46
C01374,Dhriti,Female,Palghar,MH,2024-11-27,Silver,24
C01375,Sourabh,Male,Patiala,PB,2024-06-22,None,34
C01376,Priya,Female,Ludhiyana,PB,2024-02-08,Gold,44
C01377,Shreya,Female,Jalandhar,PB,2024-04-29,Gold,32
C01378,Dhoni,Male,Jaipur,RJ,2023-01-10,Silver,58
C01379,Arafat,Male,Jalandhar,PB,2024-08-01,Gold,57
C01380,Arafat,Male,Madhurai,TN,2023-08-25,None,68
C01381,Neha,Female,Mysuru,KA,2024-10-10,Gold,56
C01382,Briti,Female,Surat,GJ,2024-12-14,Gold,26
C01383,Rahul,Male,Patiala,PB,2025-03-17,None,37
C01384,Suraj,Male,Belagavi,KA,2023-06-21,None,69
C01385,Dhoni,Male,Bengaluru,KA,2023-02-02,Platinum,56
C01386,Arafat,Male,Jalandhar,PB,2024-04-17,Platinum,57
C01387,Suraj,Male,Belagavi,KA,2024-06-16,Platinum,70
C01388,Dhriti,Female,Jalandhar,PB,2024-06-26,None,31
C01389,Brijesh,Male,Patiala,PB,2023-10-20,Platinum,36
C01390,Briti,Female,Palghar,MH,2025-05-04,None,63
C01391,Minakshi,Female,Patiala,PB,2024-09-07,Silver,70
C01392,Sourabh,Male,Patiala,PB,2024-06-27,Platinum,59
C01393,Param,Male,Belagavi,KA,2025-02-23,Platinum,37
C01394,Sharda,Female,Palghar,MH,2024-09-28,Platinum,46
C01395,Sneha,Female,Ludhiyana,PB,2023-10-03,Gold,52
C01396,Suraj,Male,Amritsar,PB,2025-06-11,None,70
C01397,Brijesh,Male,Mysuru,KA,2023-05-18,Gold,54
C01398,Briti,Female,Surat,GJ,2025-04-17,Gold,70
C01399,Rahul,Male,Patiala,PB,2024-12-16,Platinum,31
C01400,Amit,Male,Belagavi,KA,2024-07-11,Platinum,58
C01401,Priya,Female,Pune,MH,2025-06-05,Silver,25
C01402,Brijesh,Male,Patiala,PB,2023-11-25,Platinum,57
C01403,Anamika,Female,Hubballi-Dharwad,KA,2023-05-17,Platinum,63
C01404,Vishal,Male,Patiala,PB,2023-11-13,Platinum,27
C01405,Priya,Female,Nashik,MH,2023-11-06,Silver,60
C01406,Param,Male,Jalandhar,PB,2025-03-02,Platinum,51
C01407,Briti,Female,Palghar,MH,2025-02-16,Platinum,36
C01408,Suraj,Male,Hubballi-Dharwad,KA,2024-03-21,Gold,25
C01409,Anjali,Female,Mysuru,KA,2023-04-16,Silver,31
C01410,Suraj,Male,Dadar,MH,2025-03-10,Silver,61
C01411,Dhriti,Female,Chennai,TN,2023-11-26,Silver,35
C01412,Brijesh,Male,Nashik,MH,2023-06-22,Silver,34
C01414,Dhoni,Male,Nashik,MH,2025-01-07,Silver,49
C01415,Brijesh,Male,Thane,MH,2023-11-23,Platinum,22
C01416,Amit,Male,Amritsar,PB,2023-07-06,Platinum,23
C01417,Aarti,Female,Dadar,MH,2023-10-23,Gold,60
C01418,Anamika,Female,Amritsar,PB,2025-03-29,Platinum,27
C01419,Briti,Female,Surat,GJ,2024-12-10,Platinum,58
C01420,Briti,Female,Belagavi,KA,2025-01-14,None,42
C01421,Brijesh,Male,Nashik,MH,2023-01-20,Platinum,56
C01422,Briti,Female,Surat,GJ,2024-12-31,Platinum,48
C01423,Sakhshi,Female,Patiala,PB,2023-10-09,Silver,48
C01424,Prince,Male,Belagavi,KA,2024-08-27,None,48
C01425,Rahul,Male,Patiala,PB,2025-06-15,Gold,56
C01426,Minakshi,Female,Mysuru,KA,2023-11-28,None,32
C01427,Dhoni,Male,Ludhiyana,PB,2024-05-11,Gold,66
C01428,Shreya,Female,Belagavi,KA,2023-04-09,Silver,61
C01429,Sourabh,Male,Solapur,MH,2024-03-07,Platinum,47
C01430,Sneha,Female,Mumbai,MH,2023-04-02,None,35
C01431,Minakshi,Female,Mangaluru,KA,2024-01-20,Gold,31
C01432,Dhriti,Female,Belagavi,KA,2023-07-24,None,41
C01433,Sharda,Female,Madhurai,TN,2024-10-31,Silver,27
C01434,Dhoni,Male,Ludhiyana,PB,2023-07-06,Platinum,22
C01435,Neha,Female,Ludhiyana,PB,2025-03-10,Gold,67
C01436,Briti,Female,Jalandhar,PB,2025-05-24,Silver,37
C01437,Anamika,Female,Belagavi,KA,2023-08-13,Silver,62
C01438,Dhriti,Female,Belagavi,KA,2023-01-23,Platinum,23
C01439,Suraj,Male,Hubballi-Dharwad,KA,2024-05-28,Gold,18
C01440,Neha,Female,Bengaluru,KA,2024-08-09,Silver,34
C01441,Arafat,Male,Jalandhar,PB,2024-12-06,Gold,30
C01442,Neha,Female,Ludhiyana,PB,2023-10-11,None,24
C01443,Prince,Male,Palghar,MH,2025-05-31,Gold,44
C01444,Dhoni,Male,Bengaluru,KA,2023-02-05,Platinum,39
C01445,Dhriti,Female,Palghar,MH,2024-02-25,Silver,26
C01446,Ankita,Female,Patiala,PB,2025-04-19,Gold,56
C01447,Ajay,Male,Mangaluru,KA,2024-12-16,Gold,46
C01448,Dhoni,Male,Mysuru,KA,2025-02-11,None,63
C01449,Minakshi,Female,Ahmedabad,GJ,2024-03-19,Silver,41
C01450,Param,Male,Palghar,MH,2025-03-24,Silver,55
C01451,Minakshi,Female,Mangaluru,KA,2024-09-16,Silver,29
C01452,Aarti,Female,Hubballi-Dharwad,KA,2024-11-15,Gold,48
C01453,Dhoni,Male,Jaipur,RJ,2023-08-11,None,46
C01454,Dhriti,Female,Palghar,MH,2025-06-12,Silver,61
C01455,Sonu,Male,Palghar,MH,2024-02-25,Platinum,30
C01456,Suraj,Male,Dadar,MH,2024-05-18,Platinum,36
C01457,Briti,Female,Patiala,PB,2025-01-26,Gold,58
C01458,Amit,Male,Belagavi,KA,2024-07-01,None,44
C01459,Sneha,Female,Pune,MH,2024-07-03,None,35
C01460,Brijesh,Male,Udaipur,RJ,2023-03-28,Silver,45
C01461,Sharda,Female,Jalandhar,PB,2024-08-29,Gold,68
C01462,Dhriti,Female,Belagavi,KA,2023-03-24,Gold,58
C01463,Arafat,Male,Belagavi,KA,2024-04-19,None,18
C01464,Anamika,Female,Vasai,MH,2024-02-16,Gold,38
C01465,Suraj,Male,Hubballi-Dharwad,KA,2024-03-30,Silver,52
C01466,Minakshi,Female,Patiala,PB,2023-12-18,None,59
C01467,Briti,Female,Jalandhar,PB,2025-04-26,None,31
C01468,Shreya,Female,Belagavi,KA,2025-04-23,Platinum,46
C01469,Anamika,Female,Hubballi-Dharwad,KA,2024-03-09,Silver,38
C01470,Brijesh,Male,Mysuru,KA,2023-09-23,Platinum,30
C01471,Anamika,Female,Jalandhar,PB,2024-08-24,None,67
C01472,Minakshi,Female,Patiala,PB,2024-05-10,Silver,31
C01473,Param,Male,Surat,GJ,2025-04-14,Platinum,51
C01474,Anamika,Female,Dadar,MH,2024-03-13,Silver,29
C01475,Rahul,Male,Udaipur,RJ,2024-05-17,Gold,68
C01476,Prince,Male,Palghar,MH,2023-12-26,Platinum,19
C01477,Sakhshi,Female,Mysuru,KA,2023-06-14,Platinum,25
C01478,Brijesh,Male,Patiala,PB,2023-10-01,None,53
C01479,Prince,Male,Belagavi,KA,2024-06-26,None,56
C01480,Anamika,Female,Hubballi-Dharwad,KA,2023-05-05,Silver,44
C01481,Anamika,Female,Belagavi,KA,2023-02-08,Silver,50
C01482,Sourabh,Male,Ahmedabad,GJ,2024-03-23,Platinum,20
C01483,Priya,Female,Nashik,MH,2024-08-07,Silver,57
C01484,Nitesh,Male,Hubballi-Dharwad,KA,2024-11-22,Silver,51
C01485,Param,Male,Belagavi,KA,2025-01-26,Silver,57
C01486,Sakhshi,Female,Mysuru,KA,2023-11-14,Gold,18
C01487,Briti,Female,Mangaluru,KA,2024-11-02,Gold,38
C01488,Amit,Male,Belagavi,KA,2023-07-18,Silver,27
C01489,Vivek,Male,Mangaluru,KA,2024-10-31,Platinum,42
C01490,Briti,Female,Patiala,PB,2024-11-16,Silver,18
C01491,Dhoni,Male,Pune,MH,2024-06-04,Platinum,60
C01492,Minakshi,Female,Thane,MH,2023-11-24,Gold,25
C01493,Arafat,Male,Vasai,MH,2024-08-25,Gold,45
C01494,Sharda,Female,Belagavi,KA,2023-01-31,None,37
C01495,Sakhshi,Female,Nashik,MH,2023-07-17,Silver,56
C01496,Shreya,Female,Belagavi,KA,2024-04-16,Silver,20
C01497,Anamika,Female,Jalandhar,PB,2023-01-18,None,68
C01498,Anamika,Female,Belagavi,KA,2024-08-24,None,62
C01499,Prem,Male,Vasai,MH,2023-01-02,Silver,63
C01500,Prem,Male,Belagavi,KA,2023-02-23,None,67
C01501,Sourabh,Male,Solapur,MH,2024-05-26,Silver,31
C01502,Anamika,Female,Belagavi,KA,2024-12-19,Gold,64
C01503,Brijesh,Male,Thane,MH,2023-07-30,Silver,62
C01504,Prince,Male,Belagavi,KA,2024-03-27,Silver,54
C01505,Sonu,Male,Jalandhar,PB,2025-06-02,Gold,25
C01506,Nitesh,Male,Amritsar,PB,2023-10-30,Gold,19
C01507,Nitesh,Male,Hubballi-Dharwad,KA,2024-10-18,Platinum,55
C01508,Dhoni,Male,Ludhiyana,PB,2025-04-03,Platinum,64
C01509,Arafat,Male,Vasai,MH,2025-02-03,None,35
C01510,Suraj,Male,Hubballi-Dharwad,KA,2023-05-31,Silver,28
C01511,Sakhshi,Female,Thane,MH,2023-11-18,Gold,19
C01512,Vishal,Male,Jaipur,RJ,2023-03-13,Silver,51
C01513,Minakshi,Female,Patiala,PB,2023-12-25,Platinum,63
C01514,Briti,Female,Palghar,MH,2024-12-15,Silver,18
C01515,Sonu,Male,Palghar,MH,2025-06-11,Gold,64
C01516,Brijesh,Male,Patiala,PB,2023-07-08,Silver,57
C01517,Anamika,Female,Jalandhar,PB,2025-01-05,Platinum,33
C01518,Minakshi,Female,Ahmedabad,GJ,2024-08-20,Gold,56
C01519,Anamika,Female,Amritsar,PB,2023-06-19,None,57
C01520,Suraj,Male,Hubballi-Dharwad,KA,2025-05-25,Platinum,49
C01521,Anamika,Female,Vasai,MH,2024-01-10,None,64
C01522,Aarti,Female,Hubballi-Dharwad,KA,2024-05-25,Platinum,50
C01523,Dhoni,Male,Mumbai,MH,2024-10-01,Gold,27
C01524,Anamika,Female,Belagavi,KA,2023-06-01,Silver,26
C01525,Shreya,Female,Palghar,MH,2023-04-24,Platinum,47
C01526,Nitesh,Male,Dadar,MH,2024-10-29,Silver,61
C01527,Anamika,Female,Belagavi,KA,2025-01-09,Silver,23
C01528,Arafat,Male,Belagavi,KA,2025-02-04,Platinum,18
C01529,Dhriti,Female,Palghar,MH,2023-09-21,None,31
C01530,Anamika,Female,Jalandhar,PB,2024-08-22,None,31
C01531,Shreya,Female,Jalandhar,PB,2023-04-10,Silver,38
C01532,Suraj,Male,Amritsar,PB,2023-06-22,Gold,56
C01533,Ankita,Female,Patiala,PB,2024-11-18,Gold,36
C01534,Prem,Male,Jalandhar,PB,2023-02-25,None,46
C01535,Sakhshi,Female,Mysuru,KA,2023-11-14,Silver,5
C01536,Prince,Male,Chennai,TN,2025-02-28,None,61
C01537,Prince,Male,Palghar,MH,2024-11-30,Silver,50
C01538,Dhriti,Female,Chennai,TN,2024-12-24,Gold,37
C01539,Dhriti,Female,Palghar,MH,2024-11-26,Platinum,39
C01540,Prince,Male,Palghar,MH,2023-07-25,Gold,38
C01541,Rahul,Male,Nashik,MH,2023-04-19,None,25
C01542,Sonu,Male,Belagavi,KA,2025-05-10,Platinum,21
C01543,Sakhshi,Female,Mysuru,KA,2023-05-02,Platinum,49
C01544,Briti,Female,Belagavi,KA,2025-04-26,Gold,69
C01545,Sharda,Female,Chennai,TN,2024-01-29,None,21
C01546,Minakshi,Female,Solapur,MH,2024-03-16,Gold,51
C01547,Sonu,Male,Belagavi,KA,2023-10-24,Platinum,66
C01548,Prince,Male,Palghar,MH,2023-12-28,Silver,23
C01549,Neha,Female,Mysuru,KA,2024-09-11,Platinum,25
C01550,Brijesh,Male,Mysuru,KA,2023-09-09,Silver,24
C01551,Suraj,Male,Amritsar,PB,2024-06-12,None,22
C01552,Vivek,Male,Solapur,MH,2024-09-09,Gold,50
C01553,Arafat,Male,Vasai,MH,2024-12-09,None,29
C01554,Prem,Male,Vasai,MH,2024-01-06,Silver,34
C01555,Anamika,Female,Dadar,MH,2024-07-30,Platinum,66
C01556,Minakshi,Female,Mysuru,KA,2023-12-17,Platinum,64
C01557,Minakshi,Female,Ahmedabad,GJ,2024-04-16,Platinum,62
C01558,Anamika,Female,Vasai,MH,2024-02-14,Platinum,49
C01559,Sakhshi,Female,Nashik,MH,2023-05-05,None,49
C01560,Anamika,Female,Amritsar,PB,2023-07-19,Gold,23
C01561,Briti,Female,Palghar,MH,2024-12-12,Silver,48
C01562,Neha,Female,Nashik,MH,2023-09-10,Platinum,31
C01563,Priya,Female,Ludhiyana,PB,2023-11-07,Platinum,41
C01564,Priya,Female,Ludhiyana,PB,2023-09-07,Platinum,68
C01565,Anamika,Female,Belagavi,KA,2025-06-09,Gold,49
C01566,Vivek,Male,Patiala,PB,2024-08-14,Platinum,65
C01567,Sakhshi,Female,Nashik,MH,2023-05-15,Silver,65
C01568,Arafat,Male,Vasai,MH,2023-02-05,Gold,64
C01569,Brijesh,Male,Thane,MH,2023-11-09,None,42
C01571,Minakshi,Female,Ahmedabad,GJ,2024-08-29,Platinum,27
C01572,Dhoni,Male,Mumbai,MH,2025-04-02,Silver,69
C01573,Nitesh,Male,Dadar,MH,2024-11-24,None,21
C01574,Vivek,Male,Mangaluru,KA,2024-09-23,Platinum,57
C01575,Ankita,Female,Mysuru,KA,2023-04-02,Silver,43
C01576,Minakshi,Female,Patiala,PB,2023-12-08,Silver,30
C01577,Briti,Female,Palghar,MH,2025-03-21,Platinum,35
C01578,Anjali,Female,Mysuru,KA,2023-04-16,Platinum,61
C01579,Sakhshi,Female,Thane,MH,2023-08-04,None,53
C01580,Param,Male,Belagavi,KA,2025-04-09,Platinum,20
C01581,Minakshi,Female,Solapur,MH,2024-05-29,Silver,61
C01582,Ankita,Female,Nashik,MH,2025-02-20,Gold,51
C01583,Samiksha,Female,Naigaon,MH,2024-09-18,Silver,67
C01584,Ankita,Female,Nashik,MH,2023-02-24,Silver,58
C01585,Minakshi,Female,Thane,MH,2024-02-13,None,35
C01586,Sonu,Male,Jalandhar,PB,2025-05-01,Platinum,23
C01587,Arafat,Male,Belagavi,KA,2023-04-16,None,37
C01588,Minakshi,Female,Ahmedabad,GJ,2024-09-15,Platinum,62
C01589,Dhriti,Female,Surat,GJ,2023-08-21,Silver,39
C01590,Sourabh,Male,Mangaluru,KA,2024-04-03,Platinum,25
C01591,Arafat,Male,Belagavi,KA,2025-04-11,Platinum,44
C01592,Anamika,Female,Hubballi-Dharwad,KA,2024-03-23,Gold,45
C01593,Minakshi,Female,Solapur,MH,2024-09-20,None,67
C01594,Amit,Male,Amritsar,PB,2024-07-19,Platinum,43
C01595,Minakshi,Female,Mangaluru,KA,2024-04-28,Gold,56
C01596,Prince,Male,Palghar,MH,2025-03-31,Silver,37
C01597,Sharda,Female,Jalandhar,PB,2024-09-28,Gold,46
C01598,Minakshi,Female,Mangaluru,KA,2024-05-23,Silver,66
C01599,Anamika,Female,Amritsar,PB,2025-03-17,Platinum,43
C01600,Arafat,Male,Belagavi,KA,2023-02-10,None,55
C01601,Dhriti,Female,Palghar,MH,2024-01-26,None,64
C01602,Anamika,Female,Hubballi-Dharwad,KA,2025-05-13,Gold,25
C01603,Briti,Female,Surat,GJ,2024-12-18,None,59
C01604,Anamika,Female,Amritsar,PB,2024-03-07,Silver,38
C01605,Dhriti,Female,Chennai,TN,2023-06-25,Silver,28
C01606,Minakshi,Female,Patiala,PB,2024-03-02,Platinum,19
C01607,Rahul,Male,Udaipur,RJ,2023-12-15,Gold,35
C01608,Priya,Female,Jaipur,RJ,2024-12-07,Silver,31
C01609,Minakshi,Female,Patiala,PB,2024-06-18,Silver,55
C01610,Shreya,Female,Palghar,MH,2023-04-13,Silver,29
C01611,Sourabh,Male,Thane,MH,2024-01-03,Silver,48
C01612,Sonu,Male,Jalandhar,PB,2024-01-25,Silver,35
C01613,Dhoni,Male,Nashik,MH,2024-09-10,Platinum,68
C01614,Suraj,Male,Dadar,MH,2023-05-28,None,42
C01615,Anjali,Female,Mysuru,KA,2023-05-15,Platinum,38
C01616,Samiksha,Female,Naigaon,MH,2023-09-10,Platinum,55
C01617,Minakshi,Female,Mangaluru,KA,2023-12-29,None,42
C01618,Minakshi,Female,Thane,MH,2023-12-12,Platinum,64
C01619,Nitesh,Male,Amritsar,PB,2023-11-24,Platinum,66
C01620,Shreya,Female,Jalandhar,PB,2023-04-24,Gold,50
C01621,Rahul,Male,Nashik,MH,2023-10-17,Platinum,40
C01622,Prince,Male,Jalandhar,PB,2024-04-05,Platinum,67
C01623,Minakshi,Female,Solapur,MH,2024-09-05,None,29
C01624,Vivek,Male,Ahmedabad,GJ,2024-08-10,None,34
C01625,Param,Male,Palghar,MH,2025-02-02,Silver,39
C01626,Sakhshi,Female,Nashik,MH,2023-04-25,Silver,70
C01627,Briti,Female,Belagavi,KA,2025-04-23,Gold,27
C01628,Anamika,Female,Belagavi,KA,2024-01-31,Silver,69
C01629,Prince,Male,Palghar,MH,2023-08-31,Gold,43
C01630,Arafat,Male,Madhurai,TN,2025-04-29,Silver,57
C01631,Anamika,Female,Vasai,MH,2023-01-16,Gold,47
C01632,Brijesh,Male,Thane,MH,2023-11-22,Platinum,65
C01633,Anamika,Female,Belagavi,KA,2023-08-17,Platinum,28
C01634,Suraj,Male,Amritsar,PB,2023-05-28,None,23
C01635,Arafat,Male,Belagavi,KA,2024-12-16,Silver,45
C01636,Aarti,Female,Amritsar,PB,2023-10-13,Platinum,18
C01637,Sneha,Female,Ludhiyana,PB,2024-04-01,Platinum,52
C01638,Sneha,Female,Bengaluru,KA,2025-01-03,Gold,34
C01639,Briti,Female,Palghar,MH,2024-12-20,Gold,41
C01640,Prince,Male,Jalandhar,PB,2025-01-30,None,18
C01641,Sakhshi,Female,Thane,MH,2023-07-23,None,49
C01642,Minakshi,Female,Solapur,MH,2024-10-14,Platinum,34
C01643,Anjali,Female,Nashik,MH,2023-10-17,Silver,30
C01644,Param,Male,Belagavi,KA,2025-01-10,Gold,31
C01645,Sonu,Male,Jalandhar,PB,2025-04-27,Platinum,47
C01646,Param,Male,Belagavi,KA,2025-02-05,None,20
C01647,Ankita,Female,Udaipur,RJ,2023-03-28,None,53
C01648,Brijesh,Male,Mysuru,KA,2023-03-17,None,61
C01649,Anamika,Female,Vasai,MH,2024-01-16,Platinum,55
C01650,Briti,Female,Palghar,MH,2025-01-06,Platinum,48
C01651,Param,Male,Belagavi,KA,2025-02-24,None,23
C01652,Brijesh,Male,Nashik,MH,2023-01-14,None,34
C01653,Anamika,Female,Jalandhar,PB,2023-01-10,Platinum,36
C01654,Sonu,Male,Jalandhar,PB,2025-05-01,Platinum,70
C01655,Sakhshi,Female,Mysuru,KA,2023-11-17,Platinum,31
C01656,Brijesh,Male,Mysuru,KA,2023-04-18,Gold,20
C01657,Prince,Male,Jalandhar,PB,2023-12-28,Silver,50
C01658,Nitesh,Male,Dadar,MH,2024-11-27,Silver,18
C01659,Minakshi,Female,Patiala,PB,2024-02-19,Silver,47
C01660,Neha,Female,Nashik,MH,2024-08-09,None,22
C01661,Prince,Male,Palghar,MH,2024-06-29,Silver,33
C01662,Anamika,Female,Belagavi,KA,2024-02-12,Platinum,56
C01663,Anamika,Female,Belagavi,KA,2024-07-24,Platinum,41
C01664,Sonu,Male,Jalandhar,PB,2023-09-24,Gold,58
C01665,Vivek,Male,Patiala,PB,2024-09-07,Gold,67
C01666,Aarti,Female,Hubballi-Dharwad,KA,2023-05-23,Silver,56
C01667,Briti,Female,Belagavi,KA,2025-04-10,Platinum,56
C01668,Briti,Female,Jalandhar,PB,2025-02-02,Gold,51
C01669,Suraj,Male,Amritsar,PB,2025-03-27,Gold,65
C01670,Suraj,Male,Belagavi,KA,2024-06-02,Platinum,45
C01671,Suraj,Male,Dadar,MH,2024-05-03,Platinum,38
C01672,Vivek,Male,Ahmedabad,GJ,2024-09-25,Platinum,40
C01673,Anamika,Female,Dadar,MH,2024-06-13,Platinum,39
C01674,Minakshi,Female,Patiala,PB,2024-02-14,None,64
C01675,Arafat,Male,Belagavi,KA,2023-04-26,Gold,44
C01676,Ankita,Female,Nashik,MH,2023-01-26,Silver,63
C01677,Suraj,Male,Amritsar,PB,2023-06-21,Gold,48
C01678,Sonu,Male,Palghar,MH,2024-03-22,Platinum,30
C01679,Vishal,Male,Patiala,PB,2025-03-14,None,49
C01680,Amol,Male,Naigaon,MH,2023-09-20,None,33
C01681,Sakhshi,Female,Patiala,PB,2023-08-16,Silver,53
C01682,Neha,Female,Ludhiyana,PB,2023-07-10,None,63
C01683,Anjali,Female,Patiala,PB,2023-08-13,None,52
C01684,Priya,Female,Pune,MH,2023-12-05,Gold,28
C01685,Briti,Female,Belagavi,KA,2025-05-12,Platinum,36
C01686,Vishal,Male,Patiala,PB,2023-05-14,Silver,53
C01687,Dhoni,Male,Pune,MH,2023-12-05,Gold,70
C01688,Sakhshi,Female,Mysuru,KA,2023-06-03,Platinum,25
C01689,Brijesh,Male,Thane,MH,2023-11-22,Gold,35
C01690,Anamika,Female,Vasai,MH,2024-12-12,Silver,21
C01691,Minakshi,Female,Mangaluru,KA,2024-06-20,None,66
C01692,Amol,Male,Hubballi-Dharwad,KA,2023-09-06,None,44
C01693,Minakshi,Female,Mangaluru,KA,2024-01-09,None,34
C01694,Minakshi,Female,Ahmedabad,GJ,2024-03-30,None,69
C01695,Prince,Male,Palghar,MH,2024-07-30,Silver,36
C01696,Neha,Female,Ludhiyana,PB,2025-04-09,Silver,28
C01697,Briti,Female,Palghar,MH,2025-05-28,Silver,33
C01698,Vivek,Male,Surat,GJ,2024-11-02,Gold,37
C01699,Priya,Female,Nashik,MH,2023-07-08,Gold,44
C01700,Minakshi,Female,Mangaluru,KA,2024-08-20,Gold,38
C01701,Prince,Male,Jalandhar,PB,2023-07-25,Gold,53
C01702,Dhriti,Female,Palghar,MH,2023-02-28,Platinum,43
C01703,Priya,Female,Nashik,MH,2024-02-07,Platinum,51
C01704,Anamika,Female,Dadar,MH,2023-05-05,Platinum,44
C01705,Anamika,Female,Hubballi-Dharwad,KA,2024-03-29,Silver,34
C01706,Samiksha,Female,Amritsar,PB,2024-09-21,Silver,23
C01707,Dhoni,Male,Bengaluru,KA,2025-02-05,Platinum,64
C01708,Anamika,Female,Amritsar,PB,2025-03-01,Gold,67
C01709,Anamika,Female,Belagavi,KA,2024-12-18,Platinum,22
C01710,Samiksha,Female,Hubballi-Dharwad,KA,2023-09-18,Silver,65
C01711,Aarti,Female,Hubballi-Dharwad,KA,2025-05-18,Silver,39
C01712,Arafat,Male,Jalandhar,PB,2024-08-16,Silver,65
C01713,Sharda,Female,Belagavi,KA,2024-08-29,Silver,54
C01714,Anjali,Female,Mysuru,KA,2023-05-18,Gold,61
C01715,Amol,Male,Amritsar,PB,2023-09-06,Silver,29
C01716,Amit,Male,Vasai,MH,2023-07-15,Platinum,64
C01717,Anamika,Female,Vasai,MH,2024-01-24,Silver,24
C01718,Brijesh,Male,Patiala,PB,2023-11-25,Silver,65
C01719,Arafat,Male,Palghar,MH,2025-04-11,None,59
C01720,Sneha,Female,Ludhiyana,PB,2023-02-01,Silver,67
C01721,Brijesh,Male,Nashik,MH,2024-04-19,Silver,21
C01722,Amit,Male,Vasai,MH,2024-01-30,Gold,69
C01723,Amol,Male,Amritsar,PB,2024-09-07,Gold,37
C01724,Briti,Female,Palghar,MH,2024-12-17,Platinum,32
C01725,Samiksha,Female,Naigaon,MH,2024-09-12,Gold,54
C01726,Anamika,Female,Amritsar,PB,2024-01-31,Gold,58
C01728,Briti,Female,Mangaluru,KA,2024-12-05,None,64
C01729,Sonu,Male,Palghar,MH,2024-12-22,Platinum,57
C01730,Prince,Male,Jalandhar,PB,2024-12-25,Gold,62
C01731,Minakshi,Female,Mangaluru,KA,2023-12-24,Platinum,22
C01732,Param,Male,Belagavi,KA,2025-01-27,None,39
C01733,Minakshi,Female,Ahmedabad,GJ,2024-06-25,None,64
C01734,Suraj,Male,Hubballi-Dharwad,KA,2023-03-16,Platinum,40
C01735,Rahul,Male,Mysuru,KA,2023-04-19,Platinum,47
C01736,Prince,Male,Jalandhar,PB,2023-05-26,Platinum,70
C01737,Param,Male,Palghar,MH,2025-01-20,None,34
C01738,Dhoni,Male,Bengaluru,KA,2024-05-09,Platinum,52
C01739,Sourabh,Male,Ahmedabad,GJ,2024-04-08,Platinum,70
C01740,Vishal,Male,Nashik,MH,2024-09-13,Gold,33
C01741,Anamika,Female,Belagavi,KA,2023-12-25,Platinum,54
C01742,Sharda,Female,Jalandhar,PB,2024-08-31,Gold,33
C01743,Anamika,Female,Amritsar,PB,2025-05-10,Platinum,67
C01744,Brijesh,Male,Mysuru,KA,2023-02-01,Platinum,54
C01745,Arafat,Male,Jalandhar,PB,2024-02-07,Gold,50
C01746,Suraj,Male,Dadar,MH,2023-05-07,Silver,70
C01747,Minakshi,Female,Patiala,PB,2024-03-19,Silver,60
C01748,Sonu,Male,Palghar,MH,2023-02-24,None,61
C01749,Dhoni,Male,Nashik,MH,2024-06-08,None,59
C01750,Brijesh,Male,Mysuru,KA,2023-08-25,None,37
C01751,Brijesh,Male,Nashik,MH,2023-05-02,Gold,50
C01752,Anamika,Female,Belagavi,KA,2024-07-26,Silver,49
C01753,Param,Male,Belagavi,KA,2025-02-16,Platinum,19
C01754,Prince,Male,Belagavi,KA,2023-04-01,Silver,67
C01755,Ajay,Male,Palghar,MH,2024-11-23,None,42
C01756,Suraj,Male,Amritsar,PB,2024-06-18,None,43
C01757,Nitesh,Male,Dadar,MH,2023-11-21,Gold,53
C01758,Prince,Male,Palghar,MH,2024-03-29,Gold,61
C01759,Dhoni,Male,Bengaluru,KA,2025-05-04,None,65
C01760,Amit,Male,Belagavi,KA,2024-07-23,Platinum,33
C01761,Brijesh,Male,Mysuru,KA,2023-12-06,Silver,55
C01762,Amit,Male,Vasai,MH,2023-07-01,None,35
C01763,Arafat,Male,Belagavi,KA,2024-02-13,Silver,28
C01764,Sonu,Male,Jalandhar,PB,2025-05-10,None,32
C01765,Param,Male,Patiala,PB,2025-01-06,Platinum,19
C01766,Prince,Male,Jalandhar,PB,2023-03-31,Silver,32
C01767,Neha,Female,Jaipur,RJ,2023-10-10,Silver,18
C01768,Sonu,Male,Surat,GJ,2025-06-17,Silver,37
C01769,Prem,Male,Belagavi,KA,2024-02-18,None,19
C01770,Briti,Female,Patiala,PB,2025-01-25,Platinum,70
C01771,Ankita,Female,Nashik,MH,2023-01-27,Platinum,25
C01772,Vivek,Male,Patiala,PB,2024-11-03,Gold,24
C01773,Aarti,Female,Dadar,MH,2023-11-06,Platinum,37
C01774,Ankita,Female,Mysuru,KA,2023-11-18,Silver,50
C01775,Neha,Female,Ludhiyana,PB,2023-02-10,Silver,20
C01776,Dhoni,Male,Nashik,MH,2025-04-10,Silver,62
C01777,Neha,Female,Ludhiyana,PB,2023-01-09,Silver,31
C01778,Minakshi,Female,Mangaluru,KA,2024-03-01,None,66
C01779,Sourabh,Male,Patiala,PB,2024-04-10,Silver,55
C01780,Dhoni,Male,Pune,MH,2023-07-04,Silver,67
C01781,Anamika,Female,Hubballi-Dharwad,KA,2023-03-03,None,18
C01782,Sakhshi,Female,Udaipur,RJ,2023-04-17,Platinum,63
C01783,Anamika,Female,Vasai,MH,2024-07-08,Platinum,52
C01784,Ankita,Female,Udaipur,RJ,2023-01-02,Silver,59
C01785,Shreya,Female,Madhurai,TN,2023-08-03,None,34
C01786,Vivek,Male,Mangaluru,KA,2024-07-25,Gold,62
C01787,Prem,Male,Vasai,MH,2024-01-18,Gold,44
C01788,Anjali,Female,Nashik,MH,2023-07-14,None,67
C01789,Suraj,Male,Amritsar,PB,2023-11-04,Platinum,67
C01790,Vivek,Male,Mangaluru,KA,2024-07-25,Gold,35
C01791,Rahul,Male,Mysuru,KA,2024-08-17,Platinum,58
C01792,Dhoni,Male,Mysuru,KA,2025-06-11,None,23
C01793,Sakhshi,Female,Thane,MH,2023-10-27,Silver,46
C01794,Anamika,Female,Dadar,MH,2025-05-15,Silver,32
C01795,Minakshi,Female,Patiala,PB,2024-01-02,None,34
C01796,Sonu,Male,Belagavi,KA,2025-02-24,Silver,40
C01797,Suraj,Male,Hubballi-Dharwad,KA,2025-05-13,Platinum,29
C01798,Vivek,Male,Ahmedabad,GJ,2024-10-16,None,20
C01799,Sourabh,Male,Solapur,MH,2024-05-06,Silver,65
C01800,Dhriti,Female,Jalandhar,PB,2025-01-21,None,63
C01801,Sharda,Female,Palghar,MH,2025-04-04,Silver,26
C01802,Anamika,Female,Belagavi,KA,2023-02-24,Platinum,18
C01803,Rahul,Male,Mysuru,KA,2023-06-18,Silver,63
C01804,Brijesh,Male,Thane,MH,2023-07-28,None,48
C01805,Sharda,Female,Jalandhar,PB,2024-04-05,Gold,63
C01806,Shreya,Female,Jalandhar,PB,2023-04-12,Gold,40
C01807,Suraj,Male,Amritsar,PB,2025-03-30,Platinum,70
C01808,Brijesh,Male,Patiala,PB,2023-02-09,Silver,64
C01809,Briti,Female,Jalandhar,PB,2025-03-19,None,35
C01810,Briti,Female,Belagavi,KA,2025-02-08,Platinum,51
C01811,Arafat,Male,Palghar,MH,2024-08-19,Platinum,42
C01812,Arafat,Male,Belagavi,KA,2024-12-27,Platinum,35
C01813,Shreya,Female,Palghar,MH,2024-04-17,Silver,66
C01814,Anamika,Female,Belagavi,KA,2024-02-20,Gold,38
C01815,Minakshi,Female,Mangaluru,KA,2024-06-18,None,65
C01816,Sourabh,Male,Solapur,MH,2024-03-17,Gold,63
C01817,Nitesh,Male,Dadar,MH,2023-10-26,Gold,61
C01818,Anamika,Female,Vasai,MH,2023-02-24,Gold,33
C01819,Anamika,Female,Belagavi,KA,2023-07-20,Gold,34
C01820,Sharda,Female,Palghar,MH,2025-03-29,Platinum,24
C01821,Sneha,Female,Mumbai,MH,2024-08-02,Silver,69
C01822,Anamika,Female,Jalandhar,PB,2024-01-18,Silver,44
C01823,Anjali,Female,Patiala,PB,2023-07-17,Silver,55
C01824,Prem,Male,Jalandhar,PB,2025-01-18,Silver,26
C01825,Sakhshi,Female,Thane,MH,2023-11-01,Silver,47
C01826,Dhoni,Male,Bengaluru,KA,2023-05-03,Gold,40
C01827,Vishal,Male,Jaipur,RJ,2025-02-13,Platinum,41
C01828,Rahul,Male,Udaipur,RJ,2024-08-16,Platinum,44
C01829,Dhoni,Male,Pune,MH,2023-09-05,Gold,69
C01830,Brijesh,Male,Udaipur,RJ,2023-01-06,Platinum,60
C01831,Dhoni,Male,Nashik,MH,2024-06-07,None,64
C01832,Priya,Female,Nashik,MH,2025-03-08,Silver,43
C01833,Arafat,Male,Madhurai,TN,2024-08-29,Platinum,24
C01834,Neha,Female,Nashik,MH,2023-06-09,Gold,27
C01835,Anamika,Female,Belagavi,KA,2023-07-16,Silver,46
C01836,Aarti,Female,Dadar,MH,2024-10-17,Silver,64
C01837,Prince,Male,Chennai,TN,2025-05-28,Silver,55
C01838,Minakshi,Female,Solapur,MH,2024-05-20,Silver,51
C01839,Neha,Female,Ludhiyana,PB,2025-01-12,Gold,58
C01840,Minakshi,Female,Mangaluru,KA,2024-02-25,Platinum,41
C01841,Anjali,Female,Patiala,PB,2024-11-15,Silver,18
C01842,Suraj,Male,Dadar,MH,2025-03-01,Gold,5
C01843,Anjali,Female,Udaipur,RJ,2023-05-18,None,56
C01844,Arafat,Male,Belagavi,KA,2024-04-13,Platinum,56
C01845,Arafat,Male,Belagavi,KA,2025-02-09,Silver,65
C01846,Amol,Male,Amritsar,PB,2023-09-06,None,27
C01847,Sakhshi,Female,Patiala,PB,2023-08-05,Platinum,20
C01848,Minakshi,Female,Mangaluru,KA,2024-07-12,Gold,53
C01849,Sakhshi,Female,Patiala,PB,2023-10-01,None,68
C01850,Brijesh,Male,Mysuru,KA,2023-04-16,Platinum,32
C01851,Param,Male,Palghar,MH,2025-04-05,Silver,64
C01852,Suraj,Male,Hubballi-Dharwad,KA,2025-05-21,Silver,52
C01853,Priya,Female,Ludhiyana,PB,2024-07-08,Platinum,68
C01854,Prince,Male,Madhurai,TN,2023-05-31,Silver,50
C01855,Briti,Female,Patiala,PB,2024-12-03,Silver,61
C01856,Samiksha,Female,Naigaon,MH,2023-09-13,None,35
C01857,Nitesh,Male,Dadar,MH,2023-10-26,None,28
C01858,Arafat,Male,Palghar,MH,2023-08-03,Gold,66
C01859,Anamika,Female,Jalandhar,PB,2024-01-05,Gold,36
C01860,Minakshi,Female,Mangaluru,KA,2024-09-27,None,25
C01861,Sharda,Female,Madhurai,TN,2024-03-31,Platinum,52
C01862,Vivek,Male,Mangaluru,KA,2024-09-29,Platinum,57
C01863,Rahul,Male,Patiala,PB,2025-06-15,Silver,63
C01864,Aarti,Female,Hubballi-Dharwad,KA,2024-11-21,Gold,19
C01865,Dhoni,Male,Ludhiyana,PB,2024-01-11,Gold,46
C01866,Anamika,Female,Belagavi,KA,2024-08-24,None,38
C01867,Brijesh,Male,Udaipur,RJ,2023-03-10,Silver,29
C01868,Arafat,Male,Belagavi,KA,2024-12-15,Platinum,53
C01869,Minakshi,Female,Ahmedabad,GJ,2024-03-12,None,25
C01870,Sourabh,Male,Solapur,MH,2024-04-04,Platinum,35
C01871,Vishal,Male,Nashik,MH,2024-07-14,Gold,22
C01872,Briti,Female,Surat,GJ,2025-05-20,Silver,24
C01873,Briti,Female,Jalandhar,PB,2025-03-19,None,43
C01874,Sharda,Female,Palghar,MH,2024-06-30,Platinum,69
C01875,Ankita,Female,Udaipur,RJ,2024-03-19,Silver,43
C01876,Param,Male,Patiala,PB,2025-01-02,None,38
C01877,Anjali,Female,Udaipur,RJ,2025-01-18,Gold,43
C01878,Sneha,Female,Bengaluru,KA,2024-12-02,Silver,55
C01879,Anamika,Female,Jalandhar,PB,2025-01-19,Platinum,52
C01880,Param,Male,Palghar,MH,2025-03-16,Silver,44
C01881,Priya,Female,Ludhiyana,PB,2024-01-06,None,28
C01882,Anamika,Female,Dadar,MH,2023-03-07,Gold,57
C01883,Briti,Female,Surat,GJ,2024-12-19,Gold,43
C01885,Brijesh,Male,Patiala,PB,2023-04-12,Silver,42
C01886,Brijesh,Male,Mysuru,KA,2023-10-16,None,26
C01887,Sakhshi,Female,Nashik,MH,2023-05-14,Gold,53
C01888,Briti,Female,Belagavi,KA,2025-03-13,Silver,42
C01889,Ajay,Male,Belagavi,KA,2024-12-27,None,38
C01890,Prem,Male,Belagavi,KA,2025-01-09,Gold,22
C01891,Prem,Male,Jalandhar,PB,2023-01-08,Silver,31
C01892,Ankita,Female,Patiala,PB,2023-02-27,Gold,29
C01893,Briti,Female,Jalandhar,PB,2025-02-08,Platinum,33
C01894,Sonu,Male,Palghar,MH,2024-02-23,Silver,57
C01895,Ankita,Female,Udaipur,RJ,2023-03-07,Silver,57
C01896,Arafat,Male,Madhurai,TN,2025-04-17,Gold,44
C01897,Brijesh,Male,Patiala,PB,2023-11-17,Platinum,35
C01898,Anamika,Female,Madhurai,TN,2023-08-05,Platinum,52
C01899,Suraj,Male,Hubballi-Dharwad,KA,2024-03-31,Platinum,25
C01900,Sourabh,Male,Thane,MH,2024-01-25,None,43
C01901,Arafat,Male,Madhurai,TN,2024-08-02,Gold,56
C01902,Prince,Male,Belagavi,KA,2025-04-25,Platinum,34
C01903,Aarti,Female,Dadar,MH,2024-10-10,None,61
C01904,Dhoni,Male,Pune,MH,2024-01-04,Gold,68
C01905,Shreya,Female,Jalandhar,PB,2024-04-06,Platinum,69
C01906,Shreya,Female,Palghar,MH,2024-04-30,Gold,22
C01907,Anamika,Female,Belagavi,KA,2025-06-08,Silver,29
C01908,Shreya,Female,Madhurai,TN,2024-08-04,Platinum,21
C01909,Anamika,Female,Hubballi-Dharwad,KA,2025-05-05,Silver,54
C01910,Sneha,Female,Ludhiyana,PB,2024-05-01,Silver,30
C01911,Anamika,Female,Vasai,MH,2023-12-06,Gold,43
C01912,Rahul,Male,Patiala,PB,2025-06-17,Gold,59
C01913,Prem,Male,Vasai,MH,2024-02-23,None,59
C01914,Anamika,Female,Dadar,MH,2025-06-16,Platinum,58
C01915,Dhriti,Female,Jalandhar,PB,2024-10-23,None,58
C01916,Sharda,Female,Jalandhar,PB,2024-09-29,Gold,43
C01917,Param,Male,Surat,GJ,2025-01-11,None,47
C01918,Sonu,Male,Belagavi,KA,2025-04-30,Gold,58
C01919,Priya,Female,Bengaluru,KA,2024-08-06,None,34
C01920,Dhoni,Male,Mumbai,MH,2023-10-01,Platinum,37
C01921,Sakhshi,Female,Nashik,MH,2023-06-20,Silver,66
C01922,Anamika,Female,Amritsar,PB,2025-03-12,Platinum,41
C01923,Suraj,Male,Dadar,MH,2025-06-03,Silver,65
C01924,Minakshi,Female,Solapur,MH,2024-10-18,None,40
C01925,Prince,Male,Palghar,MH,2024-04-29,Platinum,57
C01926,Minakshi,Female,Patiala,PB,2024-06-23,Gold,50
C01927,Aarti,Female,Dadar,MH,2024-11-08,Platinum,39
C01928,Ankita,Female,Mysuru,KA,2023-01-15,Silver,19
C01929,Minakshi,Female,Thane,MH,2023-12-26,Silver,20
C01930,Briti,Female,Jalandhar,PB,2025-02-26,Gold,68
C01931,Nitesh,Male,Amritsar,PB,2023-11-19,None,61
C01932,Priya,Female,Bengaluru,KA,2024-07-04,Gold,31
C01933,Sourabh,Male,Solapur,MH,2024-03-15,Platinum,40
C01934,Minakshi,Female,Solapur,MH,2024-02-20,None,32
C01935,Dhoni,Male,Ludhiyana,PB,2025-02-01,None,45
C01936,Briti,Female,Jalandhar,PB,2025-05-11,Platinum,54
C01937,Sakhshi,Female,Nashik,MH,2023-05-25,Silver,25
C01938,Amit,Male,Belagavi,KA,2024-07-06,Gold,60
C01939,Sakhshi,Female,Patiala,PB,2023-09-22,Gold,20
C01940,Aarti,Female,Hubballi-Dharwad,KA,2024-10-21,None,48
C01941,Vishal,Male,Ludhiyana,PB,2023-09-12,Platinum,63
C01942,Dhoni,Male,Pune,MH,2023-05-05,Platinum,54
C01943,Brijesh,Male,Thane,MH,2023-09-14,Platinum,38
C01944,Anamika,Female,Vasai,MH,2023-12-14,Platinum,55
C01945,Rahul,Male,Mysuru,KA,2023-09-16,None,57
C01946,Sneha,Female,Mumbai,MH,2025-01-01,Silver,45
C01947,Sharda,Female,Palghar,MH,2024-03-29,Platinum,48
C01948,Vivek,Male,Mangaluru,KA,2024-08-11,Silver,45
C01949,Amit,Male,Belagavi,KA,2023-07-09,Silver,39
C01950,Suraj,Male,Amritsar,PB,2025-05-17,Silver,36
C01951,Priya,Female,Jaipur,RJ,2024-12-07,Silver,23
C01952,Prem,Male,Belagavi,KA,2025-01-23,Silver,45
C01953,Sourabh,Male,Patiala,PB,2024-02-10,None,33
C01954,Minakshi,Female,Patiala,PB,2024-08-22,Platinum,55
C01955,Sourabh,Male,Mangaluru,KA,2024-05-23,Platinum,62
C01956,Rahul,Male,Nashik,MH,2024-09-17,Platinum,54
C01957,Anamika,Female,Belagavi,KA,2023-02-08,Platinum,53
C01958,Anamika,Female,Belagavi,KA,2025-01-21,Gold,46
C01959,Briti,Female,Jalandhar,PB,2025-04-26,None,70
C01960,Suraj,Male,Amritsar,PB,2023-03-02,Gold,61
C01961,Dhriti,Female,Belagavi,KA,2024-05-28,Platinum,68
C01962,Ankita,Female,Patiala,PB,2023-01-05,None,48
C01963,Minakshi,Female,Thane,MH,2024-01-24,Platinum,51
C01964,Shreya,Female,Madhurai,TN,2023-04-13,Platinum,35
C01965,Brijesh,Male,Mysuru,KA,2023-07-08,Silver,23
C01966,Dhoni,Male,Pune,MH,2024-08-03,Silver,33
C01967,Anjali,Female,Patiala,PB,2023-08-16,Gold,68
C01968,Shreya,Female,Madhurai,TN,2025-04-29,Silver,36
C01969,Minakshi,Female,Patiala,PB,2024-06-24,None,33
C01970,Sonu,Male,Belagavi,KA,2023-08-23,Platinum,59
C01971,Vivek,Male,Solapur,MH,2024-07-30,None,66
C01972,Minakshi,Female,Solapur,MH,2024-03-07,Silver,66
C01973,Minakshi,Female,Solapur,MH,2024-03-07,None,25
C01974,Anjali,Female,Nashik,MH,2024-02-14,None,50
C01975,Sakhshi,Female,Nashik,MH,2023-05-05,Gold,62
C01976,Sakhshi,Female,Nashik,MH,2023-05-22,None,48
C01977,Sonu,Male,Belagavi,KA,2025-01-24,Gold,32
C01978,Sakhshi,Female,Nashik,MH,2023-06-09,None,20
C01979,Arafat,Male,Palghar,MH,2025-04-06,Silver,63
C01980,Sharda,Female,Belagavi,KA,2023-05-30,Silver,69
C01981,Suraj,Male,Amritsar,PB,2025-06-11,Silver,54
C01982,Amit,Male,Vasai,MH,2023-01-28,Gold,35
C01983,Rahul,Male,Patiala,PB,2025-01-16,None,35
C01984,Briti,Female,Belagavi,KA,2025-04-28,Platinum,23
C01985,Briti,Female,Palghar,MH,2025-03-30,Silver,62
C01986,Suraj,Male,Hubballi-Dharwad,KA,2025-03-21,None,41
C01987,Sourabh,Male,Patiala,PB,2024-06-13,Platinum,34
C01988,Sneha,Female,Bengaluru,KA,2024-02-02,Platinum,43
C01989,Ajay,Male,Mangaluru,KA,2024-11-05,Platinum,36
C01990,Suraj,Male,Belagavi,KA,2024-06-19,None,65
C01991,Sonu,Male,Surat,GJ,2025-05-27,Gold,59
C01992,Brijesh,Male,Patiala,PB,2023-07-09,Platinum,28
C01993,Anjali,Female,Nashik,MH,2023-02-14,Platinum,55
C01994,Sakhshi,Female,Patiala,PB,2023-06-29,Gold,70
C01995,Suraj,Male,Amritsar,PB,2023-03-19,None,57
C01996,Param,Male,Surat,GJ,2025-04-21,Silver,27
C01997,Priya,Female,Nashik,MH,2024-07-08,Platinum,31
C01998,Minakshi,Female,Solapur,MH,2024-08-10,Silver,37
C01999,Sharda,Female,Jalandhar,PB,2023-12-29,None,58
C02000,Priya,Female,Jaipur,RJ,2025-05-07,Platinum,31
