order_id,customer_id,product_id,order_date,quantity,discount,payment_method,order_status
O000001,C01813,P0473,05-08-2025,0,10,Card,Returned
O000002,C00019,P0402,04-02-2025,4,20,Upi,Delivered
O000003,C00813,P0209,28-03-2024,2,0,Upi,Delivered
O000004,C00781,P0320,05-04-2024,4,10,Cash,Shipped
O000005,C01630,P0357,02-03-2025,1,0,Card,Delivered
O000006,C00736,P0316,03-01-2024,4,10,Cash,Delivered
O000007,C00843,P0391,09-10-2024,2,0,Upi,Returned
O000008,C01067,P0119,12-10-2024,2,0,Card,Shipped
O000009,C01277,P0276,16-08-2024,0,0,Card,Shipped
O000010,C00151,P0047,09-10-2025,0,0,Card,Shipped
O000011,C01208,P0316,09-05-2024,3,10,Cash,Delivered
O000012,C01740,P0412,21-05-2024,3,0,Upi,Cancelled
O000013,C00471,P0028,27-12-2024,3,110,Upi,Delivered
O000014,C01584,P0029,15-01-2025,1,10,Card,Delivered
O000015,C00129,P0004,06-08-2024,2,0,Upi,Cancelled
O000016,C01304,P0134,06-06-2025,3,0,Upi,Delivered
O000017,C01503,P0318,29-03-2024,1,10,Upi,Returned
O000018,C01507,P0328,29-12-2024,4,20,Upi,Delivered
O000019,C01831,P0429,27-07-2024,0,20,Cash,Delivered
O000020,C01477,P0462,21-04-2024,4,15,Cash,Delivered
O000021,C01838,P0085,11-10-2024,3,20,Cash,Returned
O000022,C00122,P0014,13-07-2025,3,10,Card,Delivered
O000023,C01033,P0127,12-01-2024,3,0,Upi,Delivered
O000024,C00439,P0003,28-10-2025,1,20,Upi,Delivered
O000025,C01234,P0019,03-10-2025,2,20,Upi,Delivered
O000026,C01523,P0294,16-10-2024,2,20,Upi,Cancelled
O000027,C00156,P0419,24-03-2024,2,0,Upi,Delivered
O000028,C00098,P0251,26-11-2024,4,20,Cash,Delivered
O000029,C01624,P0112,17-03-2025,1,10,Upi,Delivered
O000030,C01596,P0356,20-12-2024,1,20,Upi,Delivered
O000031,C00913,P0301,13-06-2024,2,10,Card,Cancelled
O000032,C01154,P0164,03-02-2025,1,20,Cash,Cancelled
O000033,C00014,P0470,26-03-2025,3,110,Card,Delivered
O000034,C00156,P0049,17-03-2025,4,15,Upi,Cancelled
O000035,C01837,P0234,08-06-2025,4,10,Upi,Shipped
O000036,C01622,P0460,18-03-2025,0,20,Upi,Delivered
O000037,C00042,P0120,01-03-2024,1,0,Card,Cancelled
O000038,C01565,P0113,06-08-2024,1,10,Upi,Delivered
O000039,C01807,P0295,28-01-2025,2,0,Upi,Cancelled
O000040,C01445,P0485,23-07-2024,4,15,Upi,Shipped
O000041,C01941,P0060,16-09-2025,2,20,Cash,Cancelled
O000042,C00458,P0408,23-10-2024,2,20,Upi,Shipped
O000043,C01879,P0101,17-08-2025,1,20,Upi,Shipped
O000044,C01592,P0232,07-04-2024,0,20,Cash,Delivered
O000045,C00137,P0254,30-12-2024,4,110,Cash,Shipped
O000046,C01994,P0468,05-07-2024,3,110,Cash,Delivered
O000047,C01876,P0261,26-03-2024,3,0,Cash,Returned
O000048,C01934,P0158,27-03-2025,1,20,Upi,Shipped
O000049,C00403,P0412,29-03-2024,3,10,Card,Returned
O000050,C01590,P0384,04-09-2025,1,20,Upi,Delivered
O000051,C00399,P0254,25-09-2025,4,15,Cash,Shipped
O000052,C00150,P0164,10-04-2025,2,20,Upi,Cancelled
O000053,C00576,P0403,24-11-2024,3,0,Card,Shipped
O000054,C01998,P0475,03-12-2024,1,20,Card,Delivered
O000055,C01932,P0014,29-10-2024,1,0,Cash,Delivered
O000056,C01921,P0237,21-12-2024,0,0,Card,Returned
O000057,C00667,P0420,15-01-2025,2,20,Card,Shipped
O000058,C00866,P0266,23-11-2024,4,10,Upi,Cancelled
O000059,C00901,P0093,15-07-2024,2,20,Cash,Shipped
O000060,C00227,P0487,09-01-2025,1,20,Cash,Returned
O000061,C01516,P0149,28-09-2025,0,20,Card,Delivered
O000062,C00255,P0368,17-08-2024,4,15,Upi,Cancelled
O000063,C00786,P0014,15-01-2024,0,20,Cash,Delivered
O000064,C01729,P0109,19-07-2024,3,0,Upi,Returned
O000065,C01825,P0293,21-08-2024,4,10,Cash,Returned
O000066,C00051,P0364,30-10-2025,1,0,Card,Shipped
O000067,C01079,P0092,08-09-2024,2,20,Card,Delivered
O000068,C00353,P0398,09-06-2025,1,0,Card,Delivered
O000069,C01255,P0038,26-08-2024,2,0,Upi,Delivered
O000070,C00059,P0339,29-10-2025,3,110,Cash,Returned
O000071,C01044,P0031,09-09-2025,0,10,Upi,Shipped
O000072,C01365,P0426,18-08-2025,3,0,Upi,Delivered
O000073,C00742,P0151,08-03-2024,3,10,Card,Shipped
O000074,C00171,P0381,05-04-2024,2,20,Upi,Cancelled
O000075,C01871,P0079,18-01-2025,4,15,Card,Delivered
O000076,C00328,P0176,27-06-2025,4,10,Upi,Shipped
O000077,C00058,P0316,10-05-2024,4,15,Cash,Shipped
O000078,C01146,P0348,05-06-2024,4,15,Card,Delivered
O000079,C01153,P0308,19-04-2024,1,110,Card,Cancelled
O000080,C01105,P0483,11-04-2024,0,0,Upi,Shipped
O000081,C01692,P0162,23-10-2025,1,10,Upi,Delivered
O000082,C01819,P0062,21-07-2025,1,110,Upi,Returned
O000083,C01664,P0338,25-04-2024,1,0,Cash,Delivered
O000084,C01794,P0014,22-09-2025,0,0,Upi,Delivered
O000085,C00212,P0191,30-03-2024,2,110,Upi,Cancelled
O000086,C01988,P0248,13-07-2025,1,0,Upi,Delivered
O000087,C00056,P0496,03-01-2025,2,20,Upi,Delivered
O000088,C00453,P0231,26-10-2025,0,0,Upi,Cancelled
O000089,C01391,P0449,21-07-2024,0,10,Card,Cancelled
O000090,C01525,P0387,19-11-2024,1,10,Upi,Returned
O000091,C00817,P0318,13-03-2024,3,110,Card,Delivered
O000092,C00565,P0015,08-02-2025,2,0,Cash,Shipped
O000093,C00228,P0422,23-10-2025,4,10,Card,Delivered
O000094,C00733,P0322,11-01-2024,0,10,Cash,Delivered
O000095,C00618,P0385,31-03-2025,2,10,Cash,Delivered
O000096,C01246,P0326,28-10-2025,1,0,Upi,Cancelled
O000097,C01890,P0365,16-07-2024,1,0,Cash,Cancelled
O000098,C00642,P0061,28-07-2025,2,20,Upi,Returned
O000099,C01763,P0383,11-01-2024,4,10,Cash,Delivered
O000100,C01801,P0498,18-08-2025,3,110,Upi,Delivered
O000101,C01496,P0460,18-11-2025,4,15,Card,Delivered
O000102,C00744,P0009,26-07-2024,0,0,Card,Delivered
O000103,C01777,P0439,07-05-2025,0,0,Cash,Delivered
O000104,C00295,P0055,14-03-2025,2,0,Card,Shipped
O000105,C01328,P0497,04-04-2024,2,10,Upi,Shipped
O000106,C00515,P0252,13-07-2025,1,10,Upi,Shipped
O000107,C01868,P0034,06-06-2025,3,20,Card,Cancelled
O000108,C01627,P0499,13-02-2024,3,10,Upi,Returned
O000109,C00378,P0205,15-09-2024,4,15,Upi,Delivered
O000110,C01120,P0429,10-03-2024,1,20,Upi,Cancelled
O000111,C01413,P0019,01-10-2024,3,20,Upi,Shipped
O000112,C00351,P0465,06-03-2025,2,10,Cash,Shipped
O000113,C01905,P0265,15-07-2024,1,0,Upi,Delivered
O000114,C01133,P0024,22-02-2024,2,20,Upi,Shipped
O000115,C00682,P0231,03-02-2024,1,0,Card,Shipped
O000116,C00289,P0358,11-11-2025,4,20,Card,Delivered
O000117,C00509,P0203,06-02-2025,2,110,Card,Delivered
O000118,C00449,P0130,28-06-2024,2,0,Cash,Delivered
O000119,C00548,P0376,03-09-2025,3,0,Upi,Delivered
O000120,C00317,P0028,29-10-2025,0,110,Upi,Delivered
O000121,C00211,P0123,02-06-2024,1,20,Upi,Returned
O000122,C01140,P0080,07-08-2025,2,10,Upi,Delivered
O000123,C01712,P0070,23-03-2024,2,10,Card,Returned
O000124,C01044,P0311,10-05-2025,1,10,Upi,Shipped
O000125,C00474,P0296,04-04-2024,3,0,Card,Shipped
O000126,C00042,P0364,12-10-2025,3,10,Cash,Cancelled
O000127,C00953,P0368,15-06-2025,2,20,Card,Shipped
O000128,C01170,P0386,28-11-2024,1,20,Upi,Shipped
O000129,C00860,P0297,28-11-2024,2,0,Card,Delivered
O000130,C01517,P0252,08-02-2025,0,10,Upi,Returned
O000131,C01290,P0016,30-11-2025,1,10,Card,Shipped
O000132,C01186,P0287,14-12-2024,2,10,Upi,Delivered
O000133,C00516,P0418,25-04-2025,1,110,Upi,Returned
O000134,C01274,P0186,05-01-2025,0,0,Card,Delivered
O000135,C01032,P0219,21-08-2025,2,110,Upi,Returned
O000136,C00027,P0140,04-05-2024,2,0,Upi,Delivered
O000137,C01118,P0046,04-06-2024,0,110,Upi,Delivered
O000138,C01045,P0063,27-07-2024,2,0,Upi,Delivered
O000139,C00133,P0291,26-09-2025,2,0,Upi,Cancelled
O000140,C01547,P0337,11-11-2024,2,0,Cash,Shipped
O000141,C00343,P0217,04-12-2024,3,20,Card,Cancelled
O000142,C01187,P0190,29-10-2024,1,110,Upi,Cancelled
O000143,C01440,P0243,02-07-2024,1,0,Upi,Returned
O000144,C01287,P0401,29-06-2024,2,0,Upi,Delivered
O000145,C01551,P0150,22-09-2025,4,15,Upi,Cancelled
O000146,C00959,P0276,11-10-2025,4,20,Card,Cancelled
O000147,C01445,P0148,21-02-2024,4,10,Cash,Cancelled
O000148,C01789,P0308,16-09-2025,2,110,Upi,Cancelled
O000149,C01468,P0369,27-01-2024,0,0,Cash,Shipped
O000150,C01108,P0451,27-08-2025,2,10,Cash,Cancelled
O000151,C01755,P0236,22-10-2024,0,0,Cash,Returned
O000152,C01055,P0285,02-09-2025,0,20,Upi,Shipped
O000153,C01172,P0347,17-02-2025,4,15,Upi,Delivered
O000154,C01649,P0361,14-09-2024,2,20,Cash,Delivered
O000155,C00055,P0293,12-06-2024,0,0,Upi,Returned
O000156,C00499,P0198,08-04-2025,1,0,Upi,Returned
O000157,C01263,P0249,18-06-2025,0,10,Cash,Delivered
O000158,C01527,P0003,07-02-2025,0,110,Cash,Cancelled
O000159,C01878,P0376,12-11-2025,2,0,Cash,Shipped
O000160,C00133,P0241,20-02-2025,4,20,Cash,Delivered
O000161,C01957,P0111,15-04-2025,2,110,Upi,Cancelled
O000162,C00816,P0458,23-11-2025,1,0,Upi,Delivered
O000163,C00052,P0286,29-02-2024,2,0,Card,Cancelled
O000164,C01453,P0234,15-02-2025,2,0,Upi,Delivered
O000165,C00410,P0225,27-03-2025,2,20,Card,Cancelled
O000166,C01050,P0458,29-07-2025,2,20,Cash,Delivered
O000167,C00228,P0072,07-09-2024,2,20,Card,Delivered
O000168,C00180,P0175,07-05-2025,4,15,Upi,Delivered
O000169,C00613,P0424,18-06-2025,3,10,Card,Shipped
O000170,C01518,P0082,20-03-2024,2,0,Upi,Delivered
O000171,C01645,P0014,18-06-2025,2,0,Cash,Shipped
O000172,C00148,P0107,12-10-2024,1,110,Upi,Delivered
O000173,C01995,P0437,13-06-2024,2,0,Upi,Returned
O000174,C00877,P0147,15-12-2024,0,0,Cash,Shipped
O000175,C01317,P0321,25-12-2024,4,15,Upi,Cancelled
O000176,C00734,P0209,30-10-2024,2,0,Cash,Delivered
O000177,C00329,P0114,23-07-2025,2,20,Upi,Delivered
O000178,C01201,P0104,17-08-2024,0,110,Upi,Delivered
O000179,C01998,P0385,09-03-2024,4,110,Cash,Delivered
O000180,C00316,P0232,02-04-2024,0,0,Upi,Delivered
O000181,C01200,P0426,12-06-2024,3,20,Upi,Returned
O000182,C01429,P0356,16-04-2024,2,0,Upi,Cancelled
O000183,C00225,P0032,09-03-2024,2,0,Upi,Delivered
O000184,C00996,P0365,04-06-2024,1,110,Upi,Shipped
O000185,C00501,P0236,12-04-2024,0,0,Card,Delivered
O000186,C01397,P0212,05-09-2024,1,0,Cash,Delivered
O000187,C00452,P0217,09-05-2024,4,15,Cash,Delivered
O000188,C00764,P0028,21-11-2024,0,110,Upi,Delivered
O000189,C00130,P0404,26-05-2024,2,10,Upi,Shipped
O000190,C01339,P0219,22-06-2024,1,20,Upi,Delivered
O000191,C00155,P0188,08-09-2025,2,0,Upi,Delivered
O000192,C00454,P0061,13-02-2024,3,0,Card,Shipped
O000193,C00401,P0166,04-08-2024,3,0,Upi,Returned
O000194,C01847,P0226,22-08-2024,3,10,Upi,Returned
O000195,C00669,P0213,05-02-2024,2,110,Upi,Shipped
O000196,C01806,P0231,15-06-2025,3,10,Cash,Cancelled
O000197,C00156,P0493,04-03-2025,2,10,Upi,Delivered
O000198,C01776,P0392,31-05-2024,1,10,Upi,Cancelled
O000199,C01033,P0211,05-10-2024,3,10,Cash,Delivered
O000200,C00188,P0495,08-11-2025,4,15,Upi,Returned
O000201,C00110,P0434,09-01-2025,2,0,Upi,Delivered
O000202,C00048,P0136,09-04-2025,2,0,Upi,Delivered
O000203,C00115,P0040,06-12-2024,2,10,Cash,Shipped
O000204,C01726,P0468,04-10-2024,3,0,Upi,Returned
O000205,C01435,P0173,15-09-2024,2,10,Card,Delivered
O000206,C01151,P0039,29-02-2024,2,10,Cash,Cancelled
O000207,C00012,P0392,20-04-2024,2,20,Cash,Delivered
O000208,C00579,P0102,19-10-2025,4,20,Card,Returned
O000209,C01933,P0461,01-11-2024,1,0,Upi,Delivered
O000210,C00127,P0170,15-01-2025,3,110,Cash,Shipped
O000211,C00218,P0330,05-08-2025,1,0,Cash,Cancelled
O000212,C01855,P0111,26-04-2024,4,15,Cash,Delivered
O000213,C00453,P0475,26-01-2025,4,15,Card,Delivered
O000214,C00838,P0364,04-08-2025,2,10,Card,Delivered
O000215,C00228,P0135,18-03-2025,4,110,Upi,Delivered
O000216,C01963,P0105,10-02-2024,1,10,Upi,Delivered
O000217,C01351,P0086,28-02-2025,0,0,Upi,Delivered
O000218,C00669,P0442,20-06-2024,1,20,Card,Cancelled
O000219,C00891,P0212,19-11-2025,0,0,Upi,Returned
O000220,C01882,P0041,01-08-2024,2,10,Upi,Returned
O000221,C01121,P0392,04-09-2025,4,10,Card,Shipped
O000222,C00882,P0429,22-11-2024,4,15,Card,Cancelled
O000223,C01423,P0305,16-10-2024,4,10,Upi,Shipped
O000224,C00815,P0410,03-04-2025,4,20,Card,Delivered
O000225,C00814,P0335,03-05-2024,3,10,Cash,Shipped
O000226,C01679,P0348,29-06-2025,2,0,Upi,Delivered
O000227,C00521,P0404,31-01-2024,4,10,Upi,Delivered
O000228,C00375,P0251,16-05-2024,2,0,Cash,Returned
O000229,C00443,P0317,02-08-2025,4,15,Cash,Cancelled
O000230,C00304,P0302,20-08-2025,1,0,Upi,Cancelled
O000231,C01577,P0025,08-01-2025,3,0,Cash,Returned
O000232,C00650,P0223,13-02-2024,3,20,Cash,Cancelled
O000233,C02000,P0105,19-01-2025,2,10,Card,Shipped
O000234,C00887,P0435,21-09-2024,4,20,Cash,Delivered
O000235,C00039,P0318,24-12-2024,0,0,Upi,Cancelled
O000236,C01503,P0122,24-03-2024,2,20,Cash,Shipped
O000237,C00925,P0321,06-07-2024,3,10,Cash,Delivered
O000238,C00380,P0270,24-08-2025,1,20,Card,Delivered
O000239,C01630,P0110,16-09-2025,2,10,Cash,Cancelled
O000240,C00777,P0178,09-12-2024,2,0,Upi,Returned
O000241,C01273,P0431,19-04-2024,0,10,Card,Returned
O000242,C01402,P0105,16-01-2025,3,0,Card,Delivered
O000243,C00486,P0121,03-08-2024,1,110,Upi,Shipped
O000244,C01080,P0300,07-02-2024,4,15,Cash,Cancelled
O000245,C00942,P0347,01-02-2024,3,20,Cash,Delivered
O000246,C01328,P0063,25-01-2024,2,110,Upi,Delivered
O000247,C01173,P0274,14-10-2024,1,20,Card,Delivered
O000248,C01610,P0468,28-12-2024,3,110,Cash,Delivered
O000249,C01326,P0234,07-01-2024,4,10,Cash,Returned
O000250,C00163,P0485,08-07-2024,4,15,Upi,Delivered
O000251,C00070,P0279,09-01-2025,2,20,Upi,Cancelled
O000252,C00533,P0003,11-11-2025,4,15,Card,Delivered
O000253,C01986,P0313,10-04-2024,1,0,Upi,Delivered
O000254,C00780,P0405,22-06-2025,2,20,Upi,Shipped
O000255,C00488,P0253,26-08-2025,2,0,Upi,Returned
O000256,C01533,P0455,28-10-2024,2,10,Card,Shipped
O000257,C01739,P0421,19-06-2024,3,20,Upi,Cancelled
O000258,C00833,P0033,08-08-2024,1,20,Cash,Cancelled
O000259,C00544,P0085,26-01-2025,3,110,Cash,Delivered
O000260,C00417,P0002,26-02-2025,2,110,Upi,Shipped
O000261,C01698,P0272,16-06-2024,0,110,Cash,Shipped
O000262,C00369,P0212,21-06-2025,4,110,Upi,Returned
O000263,C01740,P0394,12-07-2024,4,20,Upi,Delivered
O000264,C01582,P0231,23-05-2025,3,0,Upi,Returned
O000265,C01746,P0233,14-08-2024,0,10,Cash,Returned
O000266,C00924,P0033,20-02-2025,0,20,Card,Delivered
O000267,C00528,P0251,13-06-2024,0,0,Upi,Delivered
O000268,C01118,P0216,17-10-2024,0,110,Cash,Shipped
O000269,C00651,P0164,20-10-2024,0,0,Card,Cancelled
O000270,C00286,P0041,11-08-2025,2,0,Card,Delivered
O000271,C00873,P0218,26-04-2024,2,10,Cash,Returned
O000272,C00804,P0192,19-03-2025,2,0,Card,Shipped
O000273,C01405,P0421,25-12-2024,1,10,Upi,Returned
O000274,C00697,P0398,11-10-2025,1,20,Upi,Shipped
O000275,C00597,P0453,06-05-2024,0,10,Card,Delivered
O000276,C01754,P0003,02-06-2024,0,10,Card,Shipped
O000277,C00806,P9999,15-07-2025,2,20,Card,Cancelled
O000278,C01195,P0122,23-09-2024,2,20,Cash,Cancelled
O000279,C01908,P0246,28-10-2025,3,0,Upi,Delivered
O000280,C01700,P0130,19-01-2025,1,0,Cash,Cancelled
O000281,C00561,P0327,20-06-2024,2,0,Cash,Returned
O000282,C01503,P0261,08-12-2024,0,110,Upi,Delivered
O000283,C00829,P0195,01-01-2024,4,10,Upi,Delivered
O000284,C00850,P0334,04-08-2024,0,20,Upi,Delivered
O000285,C00992,P0153,29-01-2025,3,10,Cash,Delivered
O000286,C00136,P0407,15-08-2025,3,110,Upi,Delivered
O000287,C00352,P0065,12-08-2024,1,10,Upi,Delivered
O000288,C01837,P0177,01-04-2025,3,0,Upi,Shipped
O000289,C01677,P0223,22-03-2025,3,10,Upi,Cancelled
O000290,C01034,P0161,13-08-2024,4,15,Cash,Returned
O000291,C01432,P0199,20-11-2024,4,20,Upi,Delivered
O000292,C01442,P0420,04-03-2024,0,10,Upi,Shipped
O000293,C00926,P0384,26-11-2024,1,0,Cash,Delivered
O000294,C00268,P0121,01-02-2025,2,20,Upi,Delivered
O000295,C00274,P0376,22-08-2024,2,20,Upi,Returned
O000296,C00588,P0291,07-09-2025,0,110,Card,Returned
O000297,C01461,P0020,04-06-2025,2,10,Card,Delivered
O000298,C01356,P0320,05-05-2024,1,0,Card,Returned
O000299,C01967,P0342,22-09-2025,2,0,Upi,Shipped
O000300,C00431,P0387,11-05-2025,0,0,Cash,Returned
O000301,C00824,P0297,08-03-2025,1,10,Cash,Shipped
O000302,C01390,P0261,20-04-2025,4,15,Upi,Delivered
O000303,C00369,P0481,26-10-2024,3,10,Cash,Shipped
O000304,C00533,P0062,23-12-2024,3,0,Card,Returned
O000305,C00402,P0302,21-05-2025,0,10,Card,Returned
O000306,C01967,P0284,19-04-2025,1,10,Upi,Shipped
O000307,C00474,P0366,04-05-2024,2,0,Upi,Returned
O000308,C01340,P0095,13-07-2025,2,0,Card,Shipped
O000309,C01017,P0327,18-02-2025,0,0,Upi,Returned
O000310,C00296,P0372,27-10-2024,2,10,Upi,Delivered
O000311,C01858,P0290,30-04-2025,2,10,Cash,Cancelled
O000312,C00705,P0401,11-03-2024,1,110,Card,Cancelled
O000313,C00926,P0026,18-04-2025,1,10,Upi,Shipped
O000314,C00348,P0089,18-12-2024,3,0,Upi,Returned
O000315,C01262,P0274,23-05-2025,4,15,Card,Cancelled
O000316,C00474,P0054,10-04-2024,4,110,Card,Cancelled
O000317,C00802,P0484,13-03-2025,1,10,Upi,Cancelled
O000318,C00048,P0035,10-03-2024,1,20,Card,Delivered
O000319,C01907,P0217,13-05-2024,2,0,Card,Delivered
O000320,C01952,P0035,05-11-2024,0,20,Upi,Returned
O000321,C00418,P0023,06-02-2025,2,0,Cash,Returned
O000322,C00802,P0420,16-07-2025,2,20,Cash,Returned
O000323,C00498,P0382,01-11-2025,4,110,Upi,Cancelled
O000324,C01911,P0137,31-03-2025,2,0,Card,Delivered
O000325,C00932,P0286,05-06-2024,2,20,Upi,Returned
O000326,C01683,P0296,21-10-2025,1,110,Upi,Cancelled
O000327,C01243,P0108,21-06-2025,2,10,Card,Returned
O000328,C00402,P0195,08-04-2024,0,0,Card,Returned
O000329,C00008,P0268,20-07-2024,0,20,Upi,Cancelled
O000330,C00140,P0098,01-06-2025,2,110,Upi,Cancelled
O000331,C00490,P0077,28-09-2024,0,20,Cash,Delivered
O000332,C00741,P0475,26-06-2024,1,110,Upi,Shipped
O000333,C99999,P0129,17-11-2024,3,20,Upi,Cancelled
O000334,C00955,P0492,07-08-2024,3,10,Cash,Cancelled
O000335,C00392,P0418,13-02-2025,2,110,Upi,Delivered
O000336,C00827,P0476,07-09-2024,3,0,Card,Delivered
O000337,C01311,P0425,04-06-2024,1,10,Upi,Delivered
O000338,C00257,P0334,08-07-2024,3,110,Card,Shipped
O000339,C00769,P0008,18-04-2024,3,110,Upi,Delivered
O000340,C00597,P0319,08-09-2025,2,0,Card,Cancelled
O000341,C01161,P0195,07-02-2025,4,15,Upi,Returned
O000342,C01176,P0124,08-07-2025,0,10,Upi,Cancelled
O000343,C00108,P0279,28-08-2025,3,20,Cash,Returned
O000344,C01969,P0037,25-01-2024,3,0,Card,Delivered
O000345,C01988,P0122,01-10-2025,4,110,Upi,Shipped
O000346,C01069,P0055,13-11-2025,3,0,Cash,Cancelled
O000347,C00905,P0302,25-08-2024,4,110,Card,Returned
O000348,C00984,P0458,01-01-2024,2,10,Upi,Shipped
O000349,C00826,P0379,22-03-2025,1,0,Upi,Cancelled
O000350,C01422,P0273,04-02-2024,1,0,Card,Delivered
O000351,C00342,P0124,13-06-2024,3,20,Cash,Shipped
O000352,C01816,P0262,27-11-2024,3,110,Cash,Cancelled
O000353,C01319,P0371,18-01-2024,2,0,Upi,Shipped
O000354,C01833,P0431,17-01-2025,2,110,Upi,Returned
O000355,C01643,P0135,25-12-2024,0,10,Upi,Cancelled
O000356,C01078,P0323,15-07-2025,3,20,Cash,Cancelled
O000357,C00687,P0305,27-09-2025,3,0,Cash,Shipped
O000358,C01470,P0032,12-11-2025,2,10,Card,Delivered
O000359,C00179,P0474,02-07-2024,2,0,Upi,Shipped
O000360,C01606,P0478,16-11-2024,3,110,Upi,Shipped
O000361,C01771,P0072,21-09-2024,3,0,Cash,Delivered
O000362,C00558,P0255,30-11-2024,3,10,Card,Cancelled
O000363,C00258,P0146,16-01-2024,2,0,Upi,Delivered
O000364,C00424,P0116,17-11-2024,4,110,Card,Cancelled
O000365,C00189,P0179,19-01-2025,1,110,Upi,Returned
O000366,C01663,P0249,19-05-2025,0,0,Upi,Cancelled
O000367,C00570,P0253,10-11-2025,4,15,Upi,Returned
O000368,C00506,P0339,12-08-2025,0,0,Cash,Returned
O000369,C00936,P0258,02-06-2025,1,10,Upi,Delivered
O000370,C00114,P0183,12-09-2024,4,110,Upi,Delivered
O000371,C00523,P0454,13-01-2025,2,20,Card,Cancelled
O000372,C01857,P0020,27-06-2025,2,110,Cash,Delivered
O000373,C00746,P0154,19-03-2025,2,20,Card,Shipped
O000374,C01076,P0221,15-10-2025,3,10,Card,Shipped
O000375,C01625,P0078,03-03-2025,4,15,Card,Delivered
O000376,C01535,P0035,21-01-2025,3,10,Card,Delivered
O000377,C00997,P0429,19-08-2024,1,0,Upi,Cancelled
O000378,C00631,P0073,19-08-2025,1,10,Upi,Cancelled
O000379,C01576,P0352,15-03-2024,2,0,Cash,Shipped
O000380,C01096,P0088,01-10-2024,3,10,Upi,Returned
O000381,C01789,P0221,25-11-2025,4,10,Card,Returned
O000382,C01247,P0030,17-02-2024,2,10,Upi,Delivered
O000383,C01653,P0065,30-06-2024,1,10,Upi,Shipped
O000384,C01469,P0226,01-10-2025,2,10,Upi,Shipped
O000385,C00499,P0089,26-08-2025,2,10,Cash,Cancelled
O000386,C01352,P0060,23-07-2025,0,0,Upi,Shipped
O000387,C00134,P0424,04-04-2024,0,110,Upi,Delivered
O000388,C01741,P0440,11-05-2024,2,20,Upi,Delivered
O000389,C00488,P0494,10-06-2025,4,110,Upi,Returned
O000390,C00905,P0328,25-04-2025,0,0,Upi,Returned
O000391,C01554,P0324,18-08-2025,1,0,Upi,Cancelled
O000392,C01840,P0024,02-01-2025,4,20,Upi,Shipped
O000393,C00483,P0283,10-09-2024,4,20,Cash,Delivered
O000394,C01634,P0288,15-07-2024,2,10,Cash,Delivered
O000395,C01868,P0185,16-08-2025,2,20,Upi,Delivered
O000396,C00435,P0274,12-08-2024,1,10,Upi,Cancelled
O000397,C00523,P0471,12-02-2025,2,10,Cash,Cancelled
O000398,C00718,P0198,18-04-2025,4,20,Card,Delivered
O000399,C01150,P0485,13-08-2025,2,110,Upi,Delivered
O000400,C00933,P0068,27-07-2025,2,10,Upi,Shipped
O000401,C01259,P0188,20-08-2024,4,15,Upi,Returned
O000402,C00062,P0084,23-10-2025,2,0,Upi,Cancelled
O000403,C00407,P0019,08-08-2024,1,10,Upi,Cancelled
O000404,C00525,P0029,25-01-2025,4,20,Cash,Shipped
O000405,C01921,P0338,11-07-2024,4,20,Card,Delivered
O000406,C01432,P0360,29-03-2024,2,20,Upi,Returned
O000407,C01084,P0070,27-08-2025,1,0,Card,Shipped
O000408,C00564,P0468,26-08-2024,3,0,Upi,Delivered
O000409,C00416,P0252,26-02-2025,1,20,Upi,Delivered
O000410,C01697,P0311,26-11-2024,4,15,Cash,Returned
O000411,C00021,P0422,22-01-2025,4,110,Card,Delivered
O000412,C00351,P0464,07-01-2024,3,110,Cash,Shipped
O000413,C01706,P0104,22-11-2024,4,10,Card,Returned
O000414,C00256,P0500,27-06-2025,2,110,Upi,Shipped
O000415,C00729,P0483,19-01-2024,2,0,Card,Delivered
O000416,C00572,P0169,19-06-2025,2,0,Card,Cancelled
O000417,C00042,P0126,02-08-2024,3,110,Upi,Returned
O000418,C01911,P0178,11-08-2025,2,20,Cash,Delivered
O000419,C00127,P0298,28-12-2024,4,15,Cash,Delivered
O000420,C01589,P0045,13-10-2024,3,10,Cash,Delivered
O000421,C01607,P0478,17-05-2025,2,0,Card,Delivered
O000422,C00709,P0305,23-07-2024,4,20,Cash,Returned
O000423,C00880,P0414,11-01-2024,2,20,Card,Delivered
O000424,C00587,P0482,22-11-2025,3,10,Upi,Shipped
O000425,C00853,P0494,15-09-2025,2,0,Upi,Delivered
O000426,C00371,P0437,19-11-2025,1,110,Upi,Cancelled
O000427,C01176,P0173,20-03-2024,2,10,Upi,Delivered
O000428,C00396,P0003,24-09-2024,0,0,Cash,Delivered
O000429,C00809,P0236,14-01-2025,3,10,Upi,Returned
O000430,C00201,P0355,15-10-2024,4,15,Cash,Delivered
O000431,C00020,P0207,14-08-2025,1,20,Upi,Cancelled
O000432,C00787,P0485,22-05-2024,2,0,Upi,Delivered
O000433,C01611,P0402,19-04-2024,1,10,Upi,Delivered
O000434,C00304,P0020,04-03-2025,2,0,Upi,Cancelled
O000435,C01736,P0285,30-01-2025,2,10,Cash,Delivered
O000436,C01953,P0165,13-01-2025,4,15,Upi,Cancelled
O000437,C00421,P0143,17-05-2024,2,10,Upi,Cancelled
O000438,C00365,P0302,27-10-2025,4,20,Upi,Shipped
O000439,C00358,P0419,09-02-2025,0,0,Cash,Delivered
O000440,C00811,P0203,15-12-2024,3,10,Card,Delivered
O000441,C01937,P0215,04-04-2024,3,110,Upi,Delivered
O000442,C00531,P0044,24-05-2025,2,20,Upi,Delivered
O000443,C00943,P0124,15-04-2024,1,20,Cash,Cancelled
O000444,C00824,P0307,04-10-2024,4,15,Cash,Cancelled
O000445,C00535,P0396,26-09-2024,2,0,Upi,Cancelled
O000446,C01726,P0229,04-10-2024,4,110,Cash,Delivered
O000447,C01928,P0031,03-04-2025,0,110,Upi,Delivered
O000448,C01872,P0434,25-09-2025,1,0,Upi,Delivered
O000449,C00584,P0428,16-03-2024,0,20,Card,Delivered
O000450,C01813,P0483,04-06-2025,4,15,Cash,Returned
O000451,C00239,P0187,22-01-2025,2,10,Card,Delivered
O000452,C01141,P0147,26-08-2025,2,10,Upi,Returned
O000453,C01542,P0272,21-03-2025,0,0,Upi,Returned
O000454,C00725,P0049,06-03-2025,0,10,Cash,Cancelled
O000455,C00705,P0003,24-06-2024,2,10,Upi,Cancelled
O000456,C00159,P0001,05-04-2025,0,10,Cash,Delivered
O000457,C01143,P0201,27-04-2025,3,10,Upi,Cancelled
O000458,C00566,P0065,29-03-2024,4,20,Cash,Delivered
O000459,C00940,P0075,03-07-2024,3,20,Upi,Delivered
O000460,C00421,P0354,24-11-2024,0,110,Upi,Delivered
O000461,C01192,P0484,16-06-2024,1,20,Upi,Cancelled
O000462,C01792,P0425,12-02-2025,4,20,Upi,Returned
O000463,C01518,P0035,23-01-2024,4,15,Card,Delivered
O000464,C00999,P0345,27-06-2024,4,20,Upi,Returned
O000465,C00142,P0028,15-03-2025,2,20,Upi,Shipped
O000466,C00016,P0147,12-02-2025,4,10,Upi,Delivered
O000467,C00776,P0321,05-06-2025,3,20,Upi,Cancelled
O000468,C01483,P0325,12-10-2024,1,20,Upi,Delivered
O000469,C01269,P0029,24-11-2024,2,0,Upi,Delivered
O000470,C01588,P0379,29-04-2024,4,15,Card,Delivered
O000471,C01186,P0304,17-03-2025,0,20,Upi,Returned
O000472,C01107,P0463,15-10-2024,2,20,Upi,Delivered
O000473,C00403,P0146,04-01-2024,2,10,Upi,Cancelled
O000474,C00939,P0396,12-06-2025,3,0,Upi,Delivered
O000475,C00992,P0075,17-11-2024,4,20,Cash,Delivered
O000476,C01658,P0297,29-07-2024,3,20,Cash,Cancelled
O000477,C00445,P0111,15-01-2024,4,15,Upi,Delivered
O000478,C01253,P0176,24-06-2024,2,0,Card,Delivered
O000479,C01282,P0186,29-02-2024,2,10,Upi,Delivered
O000480,C00106,P0244,30-04-2025,1,0,Upi,Shipped
O000481,C00485,P0258,10-04-2025,4,10,Upi,Delivered
O000482,C00467,P0239,10-06-2024,4,10,Card,Shipped
O000483,C00889,P0156,17-11-2025,1,20,Cash,Cancelled
O000484,C00951,P0102,16-11-2024,0,10,Cash,Delivered
O000485,C00188,P0158,02-09-2024,1,0,Card,Delivered
O000486,C01373,P0420,08-10-2025,2,20,Card,Returned
O000487,C00095,P0193,03-10-2025,2,20,Card,Delivered
O000488,C01970,P0140,15-02-2024,2,0,Card,Delivered
O000489,C01887,P0343,07-09-2025,2,0,Upi,Returned
O000490,C00272,P0477,13-01-2024,0,10,Cash,Shipped
O000491,C01237,P0175,25-05-2025,1,0,Cash,Delivered
O000492,C00581,P0172,03-02-2024,2,0,Upi,Returned
O000493,C01807,P0493,29-11-2025,0,110,Card,Returned
O000494,C00765,P0476,18-03-2024,3,20,Upi,Returned
O000495,C01630,P0462,08-10-2025,0,110,Card,Shipped
O000496,C00518,P0453,07-09-2024,2,0,Cash,Delivered
O000497,C00599,P0118,26-09-2025,2,0,Cash,Returned
O000498,C01943,P0308,22-05-2024,2,0,Cash,Delivered
O000499,C00141,P0237,11-05-2024,1,20,Upi,Delivered
O000500,C00017,P0337,13-03-2024,3,0,Upi,Shipped
O000501,C00791,P0131,01-02-2025,1,110,Upi,Delivered
O000502,C00097,P0079,20-03-2024,4,15,Upi,Cancelled
O000503,C01193,P0311,20-10-2025,0,110,Upi,Shipped
O000504,C00925,P0444,20-08-2025,3,10,Upi,Returned
O000505,C01779,P0454,16-02-2024,2,10,Card,Returned
O000506,C00024,P0089,01-03-2025,0,20,Cash,Delivered
O000507,C01780,P0158,12-01-2025,2,0,Upi,Delivered
O000508,C01880,P0029,18-04-2025,3,0,Upi,Delivered
O000509,C01891,P0485,22-09-2024,2,0,Upi,Delivered
O000510,C00264,P0276,16-09-2024,2,0,Upi,Delivered
O000511,C01075,P0206,10-05-2025,3,0,Upi,Returned
O000512,C00317,P0487,19-07-2025,3,20,Upi,Shipped
O000513,C00063,P0373,21-03-2025,4,15,Card,Delivered
O000514,C00755,P0278,16-07-2024,3,0,Card,Shipped
O000515,C00235,P0244,13-04-2025,1,20,Upi,Delivered
O000516,C00053,P0489,20-10-2024,4,20,Upi,Returned
O000517,C00108,P0260,14-12-2024,2,0,Cash,Delivered
O000518,C01352,P0193,29-09-2024,0,110,Card,Returned
O000519,C00662,P0449,18-07-2024,2,20,Upi,Shipped
O000520,C00477,P0306,03-11-2025,0,110,Card,Shipped
O000521,C01254,P0149,06-04-2025,3,0,Card,Delivered
O000522,C00673,P0162,05-08-2025,1,0,Upi,Delivered
O000523,C01746,P0297,13-08-2025,0,10,Card,Shipped
O000524,C00751,P0185,01-05-2025,4,110,Card,Delivered
O000525,C00606,P0250,28-04-2025,1,0,Card,Cancelled
O000526,C01821,P0038,22-05-2024,2,0,Upi,Cancelled
O000527,C00638,P0380,25-07-2025,0,10,Upi,Cancelled
O000528,C01167,P0450,29-06-2024,3,20,Upi,Returned
O000529,C01929,P0319,31-03-2025,1,110,Cash,Delivered
O000530,C01116,P0434,03-10-2024,0,0,Upi,Delivered
O000531,C01547,P0462,05-06-2024,0,0,Cash,Shipped
O000532,C01658,P0269,21-11-2024,1,0,Card,Returned
O000533,C00141,P0448,20-07-2024,1,0,Card,Delivered
O000534,C00061,P0071,14-06-2024,2,0,Cash,Shipped
O000535,C01874,P0356,29-04-2025,2,0,Upi,Delivered
O000536,C01539,P0381,21-08-2025,0,0,Upi,Returned
O000537,C00838,P0446,09-07-2024,2,0,Upi,Returned
O000538,C00724,P0239,13-01-2025,4,10,Upi,Shipped
O000539,C00160,P0073,20-01-2024,4,20,Upi,Delivered
O000540,C00972,P0364,04-02-2024,0,0,Cash,Returned
O000541,C01436,P0381,05-07-2025,0,0,Cash,Delivered
O000542,C00850,P0333,10-09-2024,0,20,Cash,Cancelled
O000543,C01018,P0499,24-07-2025,3,0,Upi,Returned
O000544,C00610,P0314,07-10-2025,3,110,Card,Shipped
O000545,C00784,P0175,07-08-2024,3,110,Cash,Shipped
O000546,C00305,P0088,30-11-2024,1,20,Cash,Shipped
O000547,C00314,P0038,16-06-2025,4,20,Card,Delivered
O000548,C00389,P0157,22-07-2024,3,20,Upi,Delivered
O000549,C01982,P0426,16-09-2025,2,20,Upi,Returned
O000550,C00232,P0499,28-03-2024,0,0,Upi,Returned
O000551,C00660,P0297,07-02-2024,0,20,Cash,Cancelled
O000552,C01780,P0294,16-01-2025,4,10,Upi,Shipped
O000553,C00767,P0016,24-10-2024,2,0,Upi,Returned
O000554,C00608,P9999,30-07-2025,0,10,Cash,Delivered
O000555,C01780,P0417,28-11-2024,4,10,Upi,Shipped
O000556,C00588,P0441,24-09-2025,1,0,Card,Delivered
O000557,C01834,P0074,11-08-2025,1,20,Card,Cancelled
O000558,C00376,P0006,01-04-2025,2,0,Upi,Returned
O000559,C00430,P0132,26-07-2024,2,0,Upi,Delivered
O000560,C01805,P0086,29-04-2024,0,0,Upi,Returned
O000561,C00840,P0038,04-03-2025,2,20,Upi,Shipped
O000562,C00120,P0427,01-11-2025,2,110,Upi,Shipped
O000563,C00224,P0362,16-04-2025,1,0,Card,Delivered
O000564,C01896,P0152,16-11-2025,3,110,Card,Delivered
O000565,C01762,P0413,06-04-2025,4,20,Cash,Delivered
O000566,C01517,P0170,25-03-2024,1,20,Cash,Returned
O000567,C00932,P0115,05-07-2024,4,15,Upi,Cancelled
O000568,C01762,P0431,25-06-2025,4,20,Upi,Shipped
O000569,C01757,P0495,20-04-2025,1,10,Upi,Delivered
O000570,C00900,P0088,04-10-2025,4,15,Upi,Delivered
O000571,C00230,P0480,05-08-2024,1,0,Upi,Shipped
O000572,C01437,P0420,10-11-2025,2,110,Cash,Returned
O000573,C01156,P0118,23-04-2025,1,0,Upi,Delivered
O000574,C01869,P0150,05-03-2024,0,0,Cash,Delivered
O000575,C01777,P0125,21-09-2025,3,0,Cash,Delivered
O000576,C00017,P0448,14-12-2024,2,110,Cash,Shipped
O000577,C00613,P0125,16-12-2024,2,0,Card,Shipped
O000578,C00164,P0278,08-09-2025,1,10,Upi,Returned
O000579,C00064,P0429,04-05-2025,0,20,Upi,Delivered
O000580,C01555,P0266,01-09-2024,2,0,Upi,Shipped
O000581,C00889,P0366,24-11-2024,3,10,Upi,Delivered
O000582,C00253,P0375,09-07-2024,2,20,Card,Shipped
O000583,C00569,P0254,06-02-2025,0,0,Upi,Shipped
O000584,C01754,P0207,22-07-2024,2,0,Upi,Returned
O000585,C00688,P0226,17-04-2025,3,0,Card,Shipped
O000586,C01645,P0370,06-06-2024,4,15,Upi,Delivered
O000587,C00166,P0169,27-06-2025,3,20,Upi,Delivered
O000588,C01076,P0387,01-09-2025,3,20,Upi,Returned
O000589,C00759,P0002,05-12-2024,2,0,Upi,Returned
O000590,C00943,P0195,18-10-2024,2,20,Cash,Returned
O000591,C00178,P0489,19-07-2025,1,110,Upi,Cancelled
O000592,C01099,P0104,08-01-2024,4,15,Upi,Cancelled
O000593,C00273,P0250,26-03-2024,3,0,Cash,Returned
O000594,C00640,P0464,25-05-2025,1,0,Upi,Returned
O000595,C01015,P0274,03-09-2024,1,110,Upi,Cancelled
O000596,C00100,P0056,18-05-2025,1,0,Card,Delivered
O000597,C00453,P0498,06-09-2025,4,20,Card,Delivered
O000598,C01745,P0487,01-02-2025,0,0,Card,Delivered
O000599,C01723,P0051,01-06-2024,2,10,Upi,Returned
O000600,C00855,P0092,27-08-2024,1,20,Cash,Returned
O000601,C01707,P0479,30-10-2025,0,0,Upi,Delivered
O000602,C00114,P0390,09-03-2024,2,10,Card,Cancelled
O000603,C00635,P0440,27-06-2025,4,10,Card,Cancelled
O000604,C00191,P0299,02-05-2024,2,0,Upi,Shipped
O000605,C00489,P0058,31-03-2024,3,20,Upi,Cancelled
O000606,C01344,P0261,22-02-2024,4,10,Upi,Shipped
O000607,C01653,P0399,17-05-2024,2,10,Upi,Delivered
O000608,C01233,P0129,08-06-2025,3,10,Upi,Shipped
O000609,C01669,P0100,19-10-2024,1,110,Upi,Delivered
O000610,C01724,P0402,29-09-2024,4,15,Card,Cancelled
O000611,C00240,P0009,22-10-2025,1,10,Upi,Delivered
O000612,C00513,P0456,15-06-2025,4,15,Cash,Shipped
O000613,C00958,P0071,15-08-2024,0,20,Cash,Returned
O000614,C00755,P0139,12-03-2024,0,10,Upi,Shipped
O000615,C01455,P0352,01-01-2025,0,0,Card,Cancelled
O000616,C00938,P0498,11-07-2024,3,20,Cash,Delivered
O000617,C00047,P0457,24-09-2024,3,10,Upi,Shipped
O000618,C00477,P0432,11-10-2024,0,0,Upi,Shipped
O000619,C00633,P0042,12-02-2024,0,0,Upi,Delivered
O000620,C01521,P0044,15-05-2024,0,10,Card,Delivered
O000621,C01353,P0108,02-01-2024,2,20,Upi,Cancelled
O000622,C01885,P0467,24-06-2024,0,20,Upi,Delivered
O000623,C01439,P0121,23-12-2024,0,0,Cash,Returned
O000624,C00958,P0271,05-07-2024,3,20,Upi,Delivered
O000625,C00928,P0484,22-09-2024,2,0,Cash,Delivered
O000626,C00244,P0134,11-01-2024,2,0,Upi,Shipped
O000627,C00595,P0067,02-06-2024,3,10,Upi,Cancelled
O000628,C01076,P0500,05-03-2024,2,110,Cash,Cancelled
O000629,C01012,P0174,05-07-2025,0,0,Upi,Delivered
O000630,C01566,P0325,04-07-2024,2,0,Card,Shipped
O000631,C01876,P0185,20-03-2024,1,10,Upi,Returned
O000632,C00564,P0247,16-03-2024,2,10,Cash,Shipped
O000633,C00037,P0166,07-03-2025,3,0,Cash,Delivered
O000634,C00921,P0491,28-07-2024,2,110,Cash,Cancelled
O000635,C01885,P0408,12-11-2025,2,0,Upi,Shipped
O000636,C01193,P0207,18-08-2025,2,0,Upi,Returned
O000637,C01929,P0498,15-01-2025,2,0,Card,Cancelled
O000638,C01869,P0453,03-09-2025,1,20,Upi,Delivered
O000639,C00288,P0076,18-03-2025,2,0,Card,Cancelled
O000640,C01418,P0241,10-04-2025,1,10,Cash,Delivered
O000641,C01023,P0209,08-11-2024,2,110,Card,Returned
O000642,C01449,P0182,14-11-2024,2,20,Upi,Delivered
O000643,C00959,P0227,30-09-2025,2,10,Card,Returned
O000644,C00220,P0075,04-08-2024,4,20,Upi,Cancelled
O000645,C00515,P0136,03-12-2024,0,0,Cash,Shipped
O000646,C00430,P0065,11-12-2024,2,0,Upi,Delivered
O000647,C01109,P0237,20-08-2024,2,0,Cash,Delivered
O000648,C00140,P0500,27-04-2024,2,0,Upi,Cancelled
O000649,C01047,P0398,12-09-2024,0,20,Cash,Delivered
O000650,C01123,P0285,11-12-2024,4,15,Card,Delivered
O000651,C01557,P0404,08-01-2025,2,20,Card,Shipped
O000652,C01389,P0321,27-07-2025,3,20,Upi,Delivered
O000653,C01756,P0493,08-02-2025,3,0,Cash,Cancelled
O000654,C01336,P0113,13-05-2025,2,20,Cash,Cancelled
O000655,C00205,P0354,02-04-2024,1,0,Upi,Shipped
O000656,C00804,P0484,20-01-2024,2,10,Upi,Returned
O000657,C01584,P0392,25-04-2024,2,0,Upi,Cancelled
O000658,C01846,P0147,15-05-2024,2,110,Card,Returned
O000659,C00723,P0286,17-06-2024,1,110,Cash,Cancelled
O000660,C00491,P0167,15-11-2025,0,10,Card,Shipped
O000661,C01495,P0359,21-06-2025,3,20,Upi,Returned
O000662,C01761,P0408,15-10-2024,4,15,Upi,Delivered
O000663,C00769,P0489,27-11-2025,0,0,Card,Shipped
O000664,C01938,P0247,01-01-2024,2,10,Cash,Delivered
O000665,C01079,P0355,22-07-2025,2,0,Upi,Shipped
O000666,C99999,P0494,20-11-2025,1,0,Cash,Shipped
O000667,C00897,P0212,30-04-2024,2,20,Upi,Cancelled
O000668,C00520,P0011,06-02-2024,1,10,Cash,Delivered
O000669,C00449,P0280,31-03-2024,4,20,Upi,Returned
O000670,C01117,P0454,23-04-2025,0,10,Card,Cancelled
O000671,C01782,P0347,25-06-2025,1,0,Upi,Delivered
O000672,C01694,P0061,13-09-2025,2,110,Upi,Delivered
O000673,C01812,P0423,27-01-2024,3,10,Cash,Cancelled
O000674,C01559,P0474,22-01-2025,0,20,Upi,Returned
O000675,C01873,P0224,28-01-2025,0,0,Upi,Cancelled
O000676,C00835,P0400,21-03-2025,3,110,Upi,Returned
O000677,C00896,P0453,11-02-2024,2,0,Upi,Returned
O000678,C00481,P0185,18-05-2024,4,15,Card,Returned
O000679,C01725,P0092,13-12-2024,0,10,Upi,Shipped
O000680,C01387,P0097,07-08-2025,4,10,Cash,Delivered
O000681,C00822,P0404,11-04-2025,1,20,Upi,Cancelled
O000682,C01497,P0166,04-03-2024,2,110,Upi,Delivered
O000683,C01029,P0183,02-04-2024,4,15,Upi,Shipped
O000684,C01165,P0336,21-12-2024,3,110,Upi,Returned
O000685,C00007,P0320,24-05-2025,3,110,Upi,Cancelled
O000686,C00541,P0437,09-09-2025,2,10,Cash,Returned
O000687,C01959,P0346,04-11-2025,2,0,Cash,Delivered
O000688,C00821,P0095,11-10-2024,3,20,Upi,Delivered
O000689,C00527,P0045,29-07-2025,1,0,Upi,Cancelled
O000690,C00159,P0201,08-05-2025,4,10,Cash,Returned
O000691,C00461,P0086,01-06-2025,2,10,Cash,Delivered
O000692,C01035,P0384,27-11-2025,1,20,Upi,Shipped
O000693,C01604,P0332,18-06-2024,0,0,Upi,Shipped
O000694,C00013,P0333,27-10-2025,1,10,Upi,Cancelled
O000695,C00157,P0106,23-11-2025,4,20,Cash,Cancelled
O000696,C00580,P0386,27-09-2024,1,0,Upi,Returned
O000697,C01020,P0365,31-12-2024,2,20,Upi,Returned
O000698,C01789,P0473,14-02-2025,2,0,Upi,Delivered
O000699,C01371,P0403,29-08-2025,1,20,Cash,Delivered
O000700,C00056,P0049,06-04-2024,4,15,Cash,Returned
O000701,C00492,P0476,31-10-2024,4,10,Upi,Returned
O000702,C00583,P0348,14-09-2024,4,15,Upi,Returned
O000703,C01813,P0398,16-07-2024,0,110,Upi,Cancelled
O000704,C00880,P0048,27-09-2024,2,10,Cash,Cancelled
O000705,C01222,P0158,25-10-2025,4,15,Upi,Delivered
O000706,C01990,P0364,27-10-2025,0,0,Card,Returned
O000707,C01879,P0073,27-10-2025,2,20,Upi,Delivered
O000708,C01485,P0479,25-08-2024,1,0,Card,Delivered
O000709,C01864,P0336,24-09-2024,4,10,Upi,Returned
O000710,C00539,P0178,08-12-2024,4,20,Card,Shipped
O000711,C00221,P0345,24-07-2025,4,15,Upi,Cancelled
O000712,C00331,P0152,18-07-2025,2,0,Card,Cancelled
O000713,C00867,P0376,11-01-2025,2,0,Cash,Shipped
O000714,C01963,P0270,08-01-2025,2,110,Upi,Delivered
O000715,C01759,P0060,04-09-2024,1,110,Card,Shipped
O000716,C00653,P0225,10-08-2025,4,20,Cash,Cancelled
O000717,C01812,P0383,28-06-2024,0,0,Upi,Cancelled
O000718,C01210,P0060,23-11-2024,0,20,Card,Delivered
O000719,C00738,P0226,02-02-2024,2,0,Cash,Delivered
O000720,C01369,P0420,25-07-2025,3,0,Cash,Delivered
O000721,C00164,P0213,31-07-2025,1,20,Upi,Delivered
O000722,C00761,P0370,23-09-2024,2,0,Card,Delivered
O000723,C01347,P0375,08-11-2025,3,10,Card,Cancelled
O000724,C00821,P0329,10-06-2024,3,10,Upi,Returned
O000725,C01918,P0253,18-05-2024,3,0,Upi,Delivered
O000726,C00216,P0007,17-12-2024,4,10,Cash,Delivered
O000727,C00327,P0366,17-07-2024,0,110,Upi,Cancelled
O000728,C01748,P0466,04-05-2024,4,15,Card,Returned
O000729,C00299,P0375,16-07-2025,4,15,Card,Cancelled
O000730,C01222,P0047,30-07-2024,2,0,Card,Delivered
O000731,C01571,P0429,20-02-2025,2,0,Card,Returned
O000732,C00352,P0005,31-05-2025,1,110,Cash,Returned
O000733,C01501,P0333,01-03-2025,2,10,Cash,Cancelled
O000734,C00880,P0093,26-06-2025,2,0,Card,Cancelled
O000735,C01439,P0247,24-07-2024,0,20,Cash,Returned
O000736,C00479,P0499,08-05-2024,2,20,Upi,Returned
O000737,C01041,P0355,22-08-2025,0,10,Cash,Shipped
O000738,C01385,P0367,08-02-2025,2,0,Cash,Shipped
O000739,C01009,P0108,07-06-2025,2,0,Upi,Delivered
O000740,C01283,P0164,30-09-2025,0,10,Cash,Cancelled
O000741,C01770,P0496,26-07-2025,2,20,Upi,Cancelled
O000742,C01891,P0254,02-07-2024,4,20,Card,Shipped
O000743,C01038,P0453,24-08-2024,1,0,Upi,Returned
O000744,C01598,P0425,11-10-2024,0,10,Upi,Shipped
O000745,C01986,P0458,29-09-2025,1,10,Cash,Returned
O000746,C01917,P0049,12-08-2024,0,110,Upi,Delivered
O000747,C00029,P0298,01-07-2024,4,110,Upi,Delivered
O000748,C00093,P0428,06-02-2024,3,0,Cash,Delivered
O000749,C00058,P0434,06-05-2024,2,0,Upi,Cancelled
O000750,C00776,P0065,27-09-2024,1,10,Card,Delivered
O000751,C01455,P0240,01-03-2025,2,10,Cash,Delivered
O000752,C01625,P0461,19-06-2024,4,15,Card,Cancelled
O000753,C00317,P0254,22-04-2024,1,20,Card,Delivered
O000754,C00266,P0290,10-07-2025,3,0,Upi,Delivered
O000755,C00473,P0174,12-09-2024,4,20,Cash,Delivered
O000756,C01333,P0087,21-01-2024,3,20,Cash,Shipped
O000757,C01923,P0131,29-07-2024,2,10,Cash,Returned
O000758,C00137,P0312,15-11-2024,4,15,Cash,Delivered
O000759,C00761,P0381,13-04-2025,0,10,Upi,Returned
O000760,C01882,P0085,10-09-2025,1,0,Card,Delivered
O000761,C00650,P0331,23-05-2024,3,10,Upi,Delivered
O000762,C00039,P0411,22-10-2025,2,0,Card,Shipped
O000763,C00684,P0159,01-06-2024,2,10,Upi,Returned
O000764,C01970,P0067,04-09-2025,4,15,Card,Cancelled
O000765,C01241,P0457,12-10-2024,1,0,Card,Shipped
O000766,C01621,P0391,29-04-2024,2,0,Card,Delivered
O000767,C00900,P0234,30-05-2025,3,10,Upi,Cancelled
O000768,C00374,P0115,22-06-2025,2,10,Cash,Returned
O000769,C00140,P0466,24-10-2024,2,0,Cash,Delivered
O000770,C00180,P0232,02-07-2024,1,20,Cash,Shipped
O000771,C00489,P0050,03-11-2025,2,0,Upi,Delivered
O000772,C01355,P0433,21-05-2025,3,0,Upi,Delivered
O000773,C01529,P0497,23-10-2025,2,10,Card,Returned
O000774,C01879,P0284,14-06-2025,3,10,Cash,Shipped
O000775,C00081,P0275,10-01-2024,3,0,Upi,Shipped
O000776,C00083,P0257,15-04-2025,1,0,Upi,Delivered
O000777,C00468,P0079,03-02-2024,3,20,Upi,Cancelled
O000778,C01303,P0041,09-01-2024,1,110,Card,Cancelled
O000779,C00588,P0068,10-07-2024,0,20,Upi,Shipped
O000780,C01348,P0336,07-01-2024,2,0,Upi,Returned
O000781,C00545,P0240,11-01-2025,2,0,Upi,Shipped
O000782,C00574,P0390,19-02-2025,1,110,Upi,Delivered
O000783,C00195,P0131,25-10-2024,1,0,Card,Returned
O000784,C00547,P0211,26-08-2025,1,0,Upi,Cancelled
O000785,C00909,P0244,25-11-2024,2,20,Upi,Shipped
O000786,C00999,P0043,23-08-2024,4,10,Card,Delivered
O000787,C00307,P0126,03-05-2025,1,0,Card,Shipped
O000788,C00037,P0411,04-12-2024,1,0,Upi,Delivered
O000789,C00955,P0297,26-04-2024,3,20,Upi,Cancelled
O000790,C01082,P0069,14-02-2025,2,20,Cash,Shipped
O000791,C01915,P0495,14-03-2025,4,110,Upi,Delivered
O000792,C01307,P0212,13-09-2025,0,0,Upi,Delivered
O000793,C01136,P0336,29-10-2024,3,0,Card,Cancelled
O000794,C01943,P0051,17-07-2024,3,0,Card,Shipped
O000795,C00864,P0425,23-04-2025,3,10,Upi,Delivered
O000796,C01665,P0168,19-07-2024,0,10,Card,Shipped
O000797,C00688,P0442,09-05-2024,4,15,Upi,Delivered
O000798,C01932,P0135,28-08-2025,2,10,Card,Delivered
O000799,C00571,P0393,08-07-2024,1,0,Upi,Delivered
O000800,C00026,P0199,16-01-2024,0,10,Card,Returned
O000801,C01640,P0287,12-04-2025,3,20,Upi,Delivered
O000802,C00106,P0261,29-05-2025,2,110,Card,Delivered
O000803,C01654,P0052,31-01-2024,4,10,Cash,Delivered
O000804,C01713,P0489,11-12-2024,2,10,Upi,Delivered
O000805,C01841,P0224,20-10-2024,1,0,Upi,Cancelled
O000806,C00730,P0255,01-10-2025,3,110,Upi,Delivered
O000807,C00321,P0468,30-07-2024,2,0,Cash,Shipped
O000808,C00008,P0462,25-05-2024,4,20,Cash,Delivered
O000809,C01817,P0142,27-02-2024,4,10,Upi,Delivered
O000810,C00549,P0298,09-04-2024,0,10,Upi,Cancelled
O000811,C00547,P0055,23-10-2024,1,110,Upi,Delivered
O000812,C00637,P0372,08-01-2025,0,0,Card,Delivered
O000813,C00800,P0359,15-10-2024,2,0,Card,Delivered
O000814,C01997,P0252,11-02-2025,0,0,Upi,Cancelled
O000815,C01946,P0483,07-02-2025,0,20,Card,Cancelled
O000816,C00126,P0100,08-05-2025,2,0,Cash,Shipped
O000817,C00286,P0481,25-02-2024,3,10,Card,Returned
O000818,C01891,P0441,28-03-2024,0,10,Card,Cancelled
O000819,C01213,P0312,24-08-2024,3,10,Upi,Returned
O000820,C01341,P0349,18-07-2024,4,10,Cash,Returned
O000821,C01424,P0478,06-11-2024,4,20,Upi,Returned
O000822,C01951,P0458,24-10-2025,0,20,Card,Returned
O000823,C01876,P0248,31-07-2024,2,20,Upi,Shipped
O000824,C01058,P0290,15-04-2024,2,20,Card,Returned
O000825,C00581,P0179,28-06-2024,2,0,Card,Returned
O000826,C00556,P0052,19-09-2025,0,0,Cash,Delivered
O000827,C01948,P0313,09-09-2025,0,110,Upi,Delivered
O000828,C00503,P0498,19-02-2025,3,20,Upi,Delivered
O000829,C00334,P0406,25-07-2025,4,15,Card,Delivered
O000830,C00064,P0494,28-08-2025,1,0,Card,Delivered
O000831,C01920,P9999,29-06-2025,0,110,Card,Shipped
O000832,C00432,P0011,04-11-2025,2,20,Upi,Cancelled
O000833,C00606,P0494,14-11-2024,2,0,Upi,Delivered
O000834,C00394,P0238,06-01-2024,2,0,Upi,Delivered
O000835,C00798,P0384,12-10-2025,2,0,Upi,Cancelled
O000836,C01736,P0178,21-08-2024,3,0,Cash,Cancelled
O000837,C01906,P0401,19-10-2024,0,10,Cash,Cancelled
O000838,C01781,P0279,11-02-2024,1,20,Upi,Delivered
O000839,C00103,P0278,04-12-2024,2,20,Upi,Returned
O000840,C00086,P0343,08-07-2025,3,10,Cash,Returned
O000841,C00215,P0414,06-03-2024,1,110,Card,Delivered
O000842,C00382,P0051,24-02-2024,2,10,Cash,Cancelled
O000843,C00641,P0413,12-05-2025,2,0,Upi,Cancelled
O000844,C00653,P0473,31-08-2024,0,10,Cash,Shipped
O000845,C00343,P0391,30-05-2024,1,0,Upi,Delivered
O000846,C00464,P0127,10-10-2024,3,0,Upi,Shipped
O000847,C01638,P0180,28-11-2025,3,0,Upi,Returned
O000848,C00813,P0193,04-07-2025,3,10,Upi,Shipped
O000849,C00776,P0171,21-08-2025,4,10,Card,Delivered
O000850,C01140,P0304,04-10-2025,3,10,Card,Returned
O000851,C01814,P0215,20-03-2025,0,10,Upi,Cancelled
O000852,C01193,P0273,16-02-2024,2,10,Cash,Delivered
O000853,C01082,P0265,05-08-2024,3,0,Upi,Shipped
O000854,C01045,P0394,08-11-2024,2,20,Upi,Shipped
O000855,C00584,P0052,09-03-2025,0,0,Cash,Cancelled
O000856,C01966,P0465,07-11-2025,0,0,Cash,Delivered
O000857,C00760,P0179,03-02-2024,2,20,Upi,Delivered
O000858,C01154,P0259,27-02-2024,0,10,Upi,Delivered
O000859,C01654,P0110,05-08-2024,1,10,Card,Returned
O000860,C00655,P0021,15-12-2024,0,20,Upi,Cancelled
O000861,C00699,P0010,28-09-2025,0,0,Card,Delivered
O000862,C01354,P0405,19-07-2024,0,10,Upi,Shipped
O000863,C01804,P0151,19-12-2024,1,0,Upi,Returned
O000864,C00270,P0189,11-02-2024,3,10,Upi,Returned
O000865,C01836,P0295,21-08-2025,3,0,Upi,Cancelled
O000866,C01187,P0314,10-02-2024,0,20,Upi,Delivered
O000867,C00449,P0394,28-02-2025,2,110,Upi,Shipped
O000868,C01999,P0354,14-01-2024,0,10,Upi,Shipped
O000869,C01488,P0415,26-04-2024,2,10,Card,Delivered
O000870,C01770,P0460,12-08-2024,2,10,Cash,Shipped
O000871,C00546,P0354,22-08-2024,0,20,Card,Returned
O000872,C01402,P0374,01-01-2025,3,0,Card,Shipped
O000873,C00925,P0105,03-04-2024,3,0,Card,Shipped
O000874,C01498,P0125,09-10-2025,1,10,Card,Returned
O000875,C00553,P0312,24-01-2024,2,110,Cash,Returned
O000876,C01959,P0418,07-11-2024,4,110,Card,Delivered
O000877,C01793,P0433,16-08-2024,0,20,Upi,Shipped
O000878,C01739,P0125,21-05-2024,2,20,Card,Delivered
O000879,C01481,P0443,16-06-2024,2,10,Upi,Delivered
O000880,C01933,P0188,26-03-2025,2,0,Cash,Delivered
O000881,C01700,P0042,02-06-2024,1,0,Card,Shipped
O000882,C01050,P0397,17-01-2024,1,10,Cash,Delivered
O000883,C01409,P0375,24-02-2024,4,15,Cash,Shipped
O000884,C01351,P0268,11-02-2024,2,0,Upi,Shipped
O000885,C01856,P0487,03-07-2025,2,0,Cash,Delivered
O000886,C00385,P0022,26-11-2024,0,110,Upi,Cancelled
O000887,C00220,P0299,18-07-2024,2,110,Cash,Delivered
O000888,C01841,P0317,16-09-2025,2,20,Cash,Cancelled
O000889,C00894,P0219,25-02-2024,2,20,Cash,Cancelled
O000890,C01327,P0411,11-12-2024,3,10,Card,Delivered
O000891,C01358,P0321,28-05-2025,1,20,Card,Cancelled
O000892,C00740,P0305,29-07-2024,3,20,Card,Shipped
O000893,C01469,P0290,24-10-2024,1,10,Card,Shipped
O000894,C01457,P0111,10-04-2024,3,20,Card,Shipped
O000895,C00172,P0336,02-10-2024,2,20,Card,Delivered
O000896,C01372,P0100,11-02-2024,4,20,Cash,Returned
O000897,C01953,P0411,26-12-2024,2,0,Card,Delivered
O000898,C01006,P0313,27-03-2024,2,0,Upi,Cancelled
O000899,C01884,P0380,06-12-2024,3,20,Upi,Shipped
O000900,C01555,P0091,09-10-2024,3,0,Card,Delivered
O000901,C01658,P0425,26-01-2024,3,110,Upi,Delivered
O000902,C00570,P0136,19-06-2024,4,15,Card,Cancelled
O000903,C00629,P0190,03-11-2024,4,10,Cash,Delivered
O000904,C01698,P0369,03-06-2025,0,0,Upi,Cancelled
O000905,C01944,P0441,29-10-2025,0,110,Upi,Cancelled
O000906,C00107,P0142,17-01-2025,2,10,Cash,Delivered
O000907,C01972,P0160,09-02-2024,1,0,Cash,Delivered
O000908,C01071,P0343,29-05-2024,0,10,Upi,Delivered
O000909,C01775,P0199,24-08-2025,2,0,Cash,Shipped
O000910,C00631,P0458,08-03-2025,0,20,Card,Cancelled
O000911,C00814,P0246,21-04-2024,0,0,Upi,Delivered
O000912,C00324,P0239,21-12-2024,4,20,Cash,Delivered
O000913,C01897,P0270,25-09-2024,1,0,Cash,Cancelled
O000914,C00299,P0403,27-11-2025,1,10,Upi,Cancelled
O000915,C00147,P0469,11-06-2024,0,20,Cash,Delivered
O000916,C00112,P0004,12-09-2024,4,15,Cash,Delivered
O000917,C00786,P0376,07-01-2025,2,20,Upi,Delivered
O000918,C00784,P0210,28-11-2024,0,10,Upi,Returned
O000919,C01445,P0176,17-10-2025,2,20,Upi,Cancelled
O000920,C00932,P0068,12-07-2025,0,110,Upi,Delivered
O000921,C01666,P0486,25-01-2024,4,15,Cash,Returned
O000922,C01025,P0383,04-05-2024,4,15,Upi,Returned
O000923,C01250,P0220,17-05-2025,2,0,Cash,Shipped
O000924,C00414,P0127,14-11-2024,2,10,Cash,Cancelled
O000925,C01530,P0451,28-11-2025,3,0,Upi,Delivered
O000926,C00168,P0182,30-04-2025,2,20,Card,Returned
O000927,C01644,P0032,02-01-2025,4,15,Upi,Delivered
O000928,C00409,P0184,21-02-2025,4,110,Upi,Delivered
O000929,C00631,P0317,13-08-2025,1,20,Cash,Delivered
O000930,C01443,P0429,01-03-2025,1,20,Upi,Delivered
O000931,C01079,P0270,02-04-2024,1,10,Card,Shipped
O000932,C00587,P0126,06-07-2025,3,20,Card,Shipped
O000933,C00080,P0008,27-10-2024,1,110,Upi,Cancelled
O000934,C01141,P0165,15-04-2025,0,10,Cash,Cancelled
O000935,C01961,P0143,30-01-2025,2,0,Upi,Returned
O000936,C00233,P0152,10-03-2024,0,10,Upi,Cancelled
O000937,C00152,P0013,02-08-2024,4,20,Card,Delivered
O000938,C01198,P0228,07-05-2024,0,10,Cash,Delivered
O000939,C00577,P0472,10-05-2025,2,0,Upi,Shipped
O000940,C01167,P0096,17-09-2024,1,20,Upi,Shipped
O000941,C00932,P0239,09-08-2025,2,0,Card,Delivered
O000942,C01889,P0249,24-06-2025,2,0,Card,Delivered
O000943,C01733,P0164,12-01-2024,3,110,Upi,Delivered
O000944,C01793,P0446,18-11-2024,2,0,Upi,Delivered
O000945,C01882,P0056,08-03-2025,3,110,Card,Returned
O000946,C01936,P0075,12-03-2024,2,10,Upi,Cancelled
O000947,C01238,P0034,27-05-2025,3,0,Upi,Returned
O000948,C00781,P0184,07-12-2024,3,10,Card,Returned
O000949,C00510,P0034,16-05-2024,1,20,Upi,Delivered
O000950,C01346,P0326,16-03-2024,0,110,Cash,Cancelled
O000951,C01650,P0341,01-09-2024,4,15,Cash,Cancelled
O000952,C00222,P0458,24-01-2024,1,110,Cash,Delivered
O000953,C00289,P0253,10-01-2025,4,10,Card,Cancelled
O000954,C01422,P0199,18-05-2024,3,0,Upi,Delivered
O000955,C01941,P0166,10-08-2025,4,15,Card,Shipped
O000956,C00059,P0012,09-07-2025,0,20,Card,Cancelled
O000957,C01140,P0428,27-08-2024,1,10,Upi,Shipped
O000958,C00228,P0455,01-12-2025,2,10,Upi,Returned
O000959,C01588,P0152,27-03-2024,2,0,Card,Cancelled
O000960,C01118,P0143,27-09-2025,2,110,Upi,Cancelled
O000961,C00162,P0355,24-04-2025,2,20,Card,Shipped
O000962,C01404,P0221,04-05-2024,1,10,Card,Delivered
O000963,C00228,P0322,16-10-2024,3,0,Upi,Cancelled
O000964,C00140,P0183,20-07-2024,2,110,Cash,Cancelled
O000965,C00503,P0303,17-11-2024,2,20,Card,Cancelled
O000966,C01012,P0152,09-09-2025,3,0,Upi,Delivered
O000967,C01042,P0326,20-11-2025,2,0,Cash,Shipped
O000968,C01761,P0094,21-05-2025,2,20,Card,Returned
O000969,C01435,P0324,19-10-2025,0,0,Cash,Cancelled
O000970,C01089,P0091,19-11-2025,2,20,Card,Delivered
O000971,C00948,P0074,07-11-2024,2,110,Upi,Cancelled
O000972,C00265,P0168,28-01-2025,0,20,Upi,Returned
O000973,C01721,P0342,26-01-2025,3,0,Card,Delivered
O000974,C01162,P0361,02-11-2025,2,0,Cash,Delivered
O000975,C00704,P0336,03-09-2025,2,20,Upi,Shipped
O000976,C01384,P0074,24-06-2024,2,20,Upi,Shipped
O000977,C00637,P0041,28-07-2025,1,20,Cash,Delivered
O000978,C00902,P0107,27-08-2025,0,20,Upi,Cancelled
O000979,C01177,P0476,01-05-2025,2,0,Cash,Returned
O000980,C00506,P0473,30-06-2024,2,10,Upi,Delivered
O000981,C00509,P0483,08-02-2024,0,20,Cash,Delivered
O000982,C01727,P0170,09-06-2025,3,0,Upi,Shipped
O000983,C01469,P0410,19-01-2025,4,15,Upi,Delivered
O000984,C01627,P0444,17-02-2024,1,10,Upi,Returned
O000985,C01218,P0173,02-05-2024,2,110,Upi,Shipped
O000986,C01911,P0322,31-05-2025,2,0,Cash,Returned
O000987,C01538,P0318,25-05-2025,4,15,Card,Shipped
O000988,C01048,P0258,01-03-2024,4,10,Upi,Shipped
O000989,C01756,P0050,25-09-2024,2,0,Card,Shipped
O000990,C01749,P0384,28-09-2025,4,15,Upi,Cancelled
O000991,C01793,P0058,21-01-2024,2,0,Cash,Returned
O000992,C01702,P0064,05-08-2025,4,15,Card,Returned
O000993,C01568,P0267,24-03-2025,1,10,Upi,Shipped
O000994,C01442,P0157,22-10-2024,4,110,Card,Delivered
O000995,C01172,P0130,10-01-2024,4,20,Card,Delivered
O000996,C00374,P0118,04-04-2025,2,0,Upi,Shipped
O000997,C00307,P0368,19-04-2025,3,0,Upi,Delivered
O000998,C01227,P0118,17-01-2025,2,110,Card,Delivered
O000999,C99999,P0149,03-02-2025,1,110,Upi,Delivered
O001000,C01082,P0347,30-11-2024,2,110,Upi,Delivered
O001001,C01879,P0268,24-06-2025,0,110,Card,Delivered
O001002,C00788,P0129,19-11-2024,2,0,Card,Shipped
O001003,C01225,P0053,27-10-2024,0,20,Upi,Returned
O001004,C01218,P0451,02-12-2024,2,0,Cash,Returned
O001005,C01811,P0263,06-01-2025,2,20,Cash,Returned
O001006,C00755,P0248,02-05-2024,0,110,Upi,Cancelled
O001007,C00525,P0380,12-12-2024,2,10,Card,Cancelled
O001008,C00241,P0088,29-10-2024,4,10,Cash,Delivered
O001009,C01272,P0208,18-05-2024,2,0,Upi,Delivered
O001010,C00444,P0003,27-05-2024,2,20,Upi,Delivered
O001011,C01562,P0495,22-07-2024,3,10,Card,Delivered
O001012,C01603,P0124,20-12-2024,2,20,Upi,Shipped
O001013,C01424,P0019,15-06-2025,0,10,Card,Returned
O001014,C00186,P0320,21-06-2025,3,0,Card,Shipped
O001015,C00838,P0051,02-12-2024,0,110,Upi,Returned
O001016,C00595,P0427,16-03-2024,2,20,Cash,Shipped
O001017,C00382,P0434,18-09-2024,2,10,Upi,Delivered
O001018,C00866,P0222,19-03-2024,3,0,Upi,Delivered
O001019,C00569,P0486,04-08-2025,0,110,Cash,Returned
O001020,C00395,P0111,21-07-2025,2,10,Card,Returned
O001021,C01302,P0223,07-02-2025,2,110,Upi,Shipped
O001022,C00445,P0055,08-11-2025,3,0,Upi,Returned
O001023,C00924,P0037,19-02-2024,4,10,Cash,Shipped
O001024,C00498,P0210,15-08-2025,3,110,Upi,Delivered
O001025,C00017,P0383,07-03-2024,1,0,Upi,Delivered
O001026,C00486,P0098,30-07-2025,2,10,Upi,Delivered
O001027,C00005,P0109,19-11-2024,3,10,Cash,Shipped
O001028,C00919,P0081,07-06-2024,2,10,Card,Cancelled
O001029,C00463,P0422,24-08-2025,2,0,Upi,Cancelled
O001030,C00065,P0456,18-02-2025,3,0,Upi,Cancelled
O001031,C01068,P0123,13-07-2024,2,20,Upi,Delivered
O001032,C01720,P0044,08-08-2024,1,0,Card,Shipped
O001033,C00519,P0042,28-11-2025,2,20,Upi,Delivered
O001034,C00100,P0096,09-08-2024,3,0,Upi,Delivered
O001035,C01517,P0217,21-03-2025,4,15,Cash,Delivered
O001036,C01440,P0451,20-04-2025,0,110,Upi,Returned
O001037,C00010,P0115,08-04-2024,2,10,Cash,Delivered
O001038,C00888,P0186,22-06-2024,4,110,Upi,Shipped
O001039,C01628,P0190,17-03-2024,1,0,Upi,Delivered
O001040,C00610,P0374,10-06-2025,0,0,Upi,Cancelled
O001041,C00860,P0313,06-06-2024,4,15,Cash,Shipped
O001042,C01978,P0338,24-05-2024,1,0,Upi,Delivered
O001043,C01980,P0340,28-07-2024,4,15,Card,Delivered
O001044,C00727,P0439,24-04-2024,3,20,Upi,Cancelled
O001045,C01608,P0023,09-09-2024,0,0,Cash,Delivered
O001046,C00643,P0220,19-10-2025,1,10,Upi,Delivered
O001047,C01888,P0163,24-08-2025,1,10,Card,Delivered
O001048,C01643,P0387,16-01-2025,4,20,Card,Delivered
O001049,C00364,P0368,03-11-2025,1,0,Upi,Shipped
O001050,C00102,P0436,12-11-2024,2,110,Upi,Delivered
O001051,C01144,P0032,12-05-2024,2,0,Card,Delivered
O001052,C00346,P0182,02-05-2025,1,0,Card,Delivered
O001053,C01897,P0353,03-05-2024,2,0,Upi,Delivered
O001054,C00702,P0397,12-08-2025,0,110,Upi,Delivered
O001055,C01364,P0492,23-10-2024,1,10,Cash,Returned
O001056,C01760,P0059,17-11-2025,1,0,Card,Returned
O001057,C01391,P0316,19-09-2024,4,10,Upi,Returned
O001058,C01953,P0452,11-03-2024,1,0,Upi,Delivered
O001059,C01089,P0444,27-11-2025,2,0,Upi,Cancelled
O001060,C00750,P0387,25-12-2024,0,20,Card,Delivered
O001061,C00685,P0022,06-09-2024,4,20,Upi,Delivered
O001062,C00539,P0172,30-10-2024,4,10,Cash,Shipped
O001063,C00663,P0231,13-02-2024,0,0,Cash,Delivered
O001064,C00625,P0025,10-01-2024,3,0,Upi,Delivered
O001065,C01751,P0267,29-02-2024,2,0,Upi,Cancelled
O001066,C00220,P0385,24-03-2025,0,0,Card,Cancelled
O001067,C01954,P0120,07-02-2025,4,20,Card,Returned
O001068,C00747,P0228,05-07-2025,2,0,Cash,Returned
O001069,C00451,P0152,17-11-2024,2,110,Upi,Returned
O001070,C00486,P0315,23-08-2025,2,110,Upi,Delivered
O001071,C01159,P0428,26-07-2024,2,110,Upi,Delivered
O001072,C01931,P0231,12-09-2025,2,10,Card,Returned
O001073,C00724,P0204,23-04-2024,4,10,Card,Cancelled
O001074,C00156,P0254,03-11-2025,2,0,Upi,Returned
O001075,C00627,P0448,17-08-2024,2,0,Upi,Returned
O001076,C00423,P0102,24-02-2025,2,10,Upi,Delivered
O001077,C00181,P0022,31-01-2025,1,0,Card,Cancelled
O001078,C01965,P0157,12-04-2024,4,20,Card,Delivered
O001079,C01716,P0220,04-07-2024,2,0,Upi,Delivered
O001080,C01548,P0169,06-10-2025,4,10,Upi,Delivered
O001081,C01088,P0119,01-10-2025,1,20,Upi,Returned
O001082,C01709,P0002,14-03-2025,0,0,Card,Shipped
O001083,C00250,P0074,24-06-2024,3,20,Upi,Cancelled
O001084,C01510,P0424,18-04-2025,1,0,Upi,Delivered
O001085,C01499,P0450,29-07-2024,1,0,Card,Delivered
O001086,C01184,P0065,16-05-2025,2,110,Card,Shipped
O001087,C01426,P0010,07-02-2025,4,15,Upi,Delivered
O001088,C01151,P0437,11-03-2025,2,110,Upi,Delivered
O001089,C00980,P0117,13-02-2024,1,10,Cash,Returned
O001090,C00028,P0297,17-06-2025,2,20,Upi,Shipped
O001091,C01308,P0401,26-11-2024,0,20,Card,Delivered
O001092,C01153,P0405,01-12-2025,0,0,Card,Shipped
O001093,C01704,P0227,16-10-2024,4,20,Cash,Cancelled
O001094,C00728,P0300,20-07-2025,2,20,Upi,Shipped
O001095,C01891,P0328,01-03-2024,4,15,Upi,Shipped
O001096,C00837,P0439,26-10-2024,1,20,Upi,Delivered
O001097,C01202,P0022,03-01-2024,2,0,Upi,Delivered
O001098,C00794,P0113,08-11-2025,2,10,Cash,Returned
O001099,C01979,P0327,14-04-2025,0,20,Cash,Cancelled
O001100,C00767,P0012,28-12-2024,2,0,Upi,Returned
O001101,C00578,P0248,27-07-2025,3,0,Upi,Delivered
O001102,C00237,P0272,15-04-2024,2,10,Card,Delivered
O001103,C01599,P0458,06-09-2024,2,0,Upi,Cancelled
O001104,C00850,P0337,06-05-2025,1,110,Cash,Cancelled
O001105,C01232,P0077,05-01-2024,0,0,Card,Delivered
O001106,C01389,P0477,10-04-2024,1,10,Upi,Shipped
O001107,C01865,P0027,21-07-2024,0,0,Cash,Cancelled
O001108,C00999,P9999,08-03-2025,1,10,Upi,Delivered
O001109,C00620,P0329,18-05-2025,3,0,Cash,Delivered
O001110,C01798,P0392,08-10-2025,0,10,Cash,Shipped
O001111,C00522,P0177,28-10-2025,2,0,Cash,Delivered
O001112,C00194,P0296,19-01-2025,3,0,Cash,Cancelled
O001113,C01606,P0403,15-08-2025,2,110,Cash,Shipped
O001114,C01517,P0122,19-01-2025,1,0,Cash,Returned
O001115,C01344,P0112,17-10-2024,2,10,Cash,Delivered
O001116,C00868,P0109,24-11-2024,0,0,Upi,Returned
O001117,C00390,P0354,18-01-2024,2,20,Upi,Cancelled
O001118,C00668,P0020,03-11-2024,0,10,Upi,Returned
O001119,C00003,P0468,25-09-2025,0,0,Card,Cancelled
O001120,C00823,P0202,15-05-2024,3,20,Upi,Delivered
O001121,C00126,P0458,08-12-2024,2,20,Card,Delivered
O001122,C00375,P0439,09-03-2025,2,10,Card,Cancelled
O001123,C01233,P0340,18-03-2025,2,0,Cash,Delivered
O001124,C00284,P0430,27-02-2025,1,10,Upi,Delivered
O001125,C00622,P0323,06-10-2024,1,20,Card,Delivered
O001126,C01983,P0111,19-09-2025,3,110,Cash,Delivered
O001127,C01073,P0361,12-06-2025,2,0,Upi,Cancelled
O001128,C01366,P0328,10-06-2025,1,110,Card,Shipped
O001129,C01524,P0344,29-11-2025,0,110,Upi,Delivered
O001130,C01327,P0036,25-03-2024,4,15,Cash,Delivered
O001131,C00944,P0096,31-07-2024,2,0,Card,Shipped
O001132,C00207,P0016,20-01-2024,2,0,Card,Returned
O001133,C01656,P0409,29-03-2024,1,110,Upi,Cancelled
O001134,C00927,P0344,19-10-2025,2,0,Upi,Shipped
O001135,C00758,P0298,14-03-2025,4,10,Upi,Delivered
O001136,C00348,P0289,29-12-2024,1,110,Card,Returned
O001137,C00746,P0279,03-04-2024,0,20,Card,Delivered
O001138,C00780,P0313,30-01-2025,2,10,Cash,Delivered
O001139,C01252,P0041,01-08-2024,3,10,Cash,Delivered
O001140,C00014,P0172,04-05-2024,2,20,Upi,Delivered
O001141,C01445,P0381,11-08-2024,4,10,Upi,Shipped
O001142,C01069,P0432,29-11-2024,1,10,Card,Cancelled
O001143,C01625,P0154,02-08-2024,2,110,Upi,Returned
O001144,C00385,P0322,05-05-2024,1,110,Card,Cancelled
O001145,C01331,P0087,27-03-2024,3,0,Cash,Delivered
O001146,C00583,P0176,30-11-2024,3,20,Upi,Delivered
O001147,C01820,P0150,11-07-2024,1,10,Upi,Delivered
O001148,C01994,P0474,31-01-2025,3,0,Upi,Delivered
O001149,C00764,P0187,25-02-2024,3,0,Cash,Delivered
O001150,C01190,P0381,15-06-2025,3,0,Upi,Delivered
O001151,C01349,P0222,05-08-2025,3,110,Card,Delivered
O001152,C00074,P0370,12-08-2024,2,20,Cash,Cancelled
O001153,C01537,P0216,17-01-2025,3,10,Upi,Cancelled
O001154,C01905,P0434,14-05-2025,2,10,Card,Returned
O001155,C01773,P0266,13-05-2025,2,0,Card,Delivered
O001156,C01628,P0463,27-03-2024,3,110,Upi,Delivered
O001157,C00339,P0431,10-07-2024,2,20,Card,Cancelled
O001158,C00344,P0225,27-12-2024,0,10,Upi,Delivered
O001159,C00311,P0445,15-02-2025,4,10,Upi,Delivered
O001160,C00694,P0430,28-11-2025,4,15,Cash,Delivered
O001161,C01221,P0327,19-04-2025,0,0,Upi,Cancelled
O001162,C00838,P0143,07-08-2025,2,0,Upi,Shipped
O001163,C01862,P0217,06-04-2024,2,110,Card,Delivered
O001164,C01221,P0080,28-02-2025,2,0,Upi,Returned
O001165,C00335,P0288,27-12-2024,1,0,Cash,Delivered
O001166,C01391,P0005,13-09-2024,2,10,Upi,Delivered
O001167,C00866,P0486,06-08-2024,4,20,Card,Returned
O001168,C01088,P0223,20-02-2024,0,10,Upi,Cancelled
O001169,C01789,P0310,03-11-2025,4,110,Card,Cancelled
O001170,C00239,P0256,29-01-2024,3,110,Card,Shipped
O001171,C01411,P0253,25-10-2025,2,110,Cash,Cancelled
O001172,C00962,P0455,18-05-2025,2,0,Upi,Delivered
O001173,C00938,P0206,01-09-2024,4,15,Upi,Delivered
O001174,C01447,P0137,31-01-2025,2,110,Card,Cancelled
O001175,C00672,P0220,01-04-2025,4,15,Card,Returned
O001176,C01425,P0422,04-06-2024,3,20,Card,Shipped
O001177,C00118,P0488,01-03-2025,3,0,Upi,Delivered
O001178,C00313,P0100,04-01-2025,1,20,Card,Cancelled
O001179,C00903,P0488,10-05-2024,2,10,Upi,Delivered
O001180,C00233,P0282,31-10-2025,4,110,Upi,Returned
O001181,C00361,P0466,05-07-2024,2,20,Upi,Delivered
O001182,C00690,P0244,14-06-2025,3,20,Cash,Shipped
O001183,C00917,P0464,25-07-2025,1,20,Cash,Returned
O001184,C01333,P0280,22-02-2024,0,0,Upi,Returned
O001185,C00014,P0037,18-02-2024,0,10,Card,Shipped
O001186,C01687,P0005,29-04-2025,0,0,Card,Shipped
O001187,C01798,P0063,25-03-2025,4,15,Upi,Returned
O001188,C01941,P0010,30-03-2024,2,0,Card,Delivered
O001189,C00855,P0266,07-06-2025,2,0,Card,Delivered
O001190,C00397,P0445,12-03-2025,1,10,Upi,Shipped
O001191,C00751,P0153,22-10-2024,4,15,Upi,Returned
O001192,C01072,P0054,20-04-2024,2,110,Upi,Shipped
O001193,C00974,P0239,19-07-2025,0,0,Cash,Shipped
O001194,C01492,P0346,02-01-2024,2,10,Upi,Delivered
O001195,C01840,P0296,21-08-2024,4,20,Upi,Cancelled
O001196,C00927,P0466,08-11-2025,0,0,Cash,Delivered
O001197,C01186,P0302,24-05-2025,0,20,Card,Shipped
O001198,C00826,P0071,21-11-2025,0,0,Cash,Delivered
O001199,C00652,P0341,05-04-2024,2,110,Cash,Cancelled
O001200,C00138,P0119,01-05-2024,2,10,Card,Shipped
O001201,C01280,P0040,26-01-2025,2,10,Upi,Cancelled
O001202,C00257,P0127,06-05-2025,0,0,Upi,Returned
O001203,C01268,P0471,31-05-2025,1,10,Upi,Shipped
O001204,C01121,P0226,19-06-2025,4,110,Upi,Returned
O001205,C00765,P0169,27-11-2024,3,0,Upi,Shipped
O001206,C00783,P0102,27-05-2024,1,10,Upi,Cancelled
O001207,C00412,P0495,28-08-2024,0,0,Upi,Shipped
O001208,C00246,P0029,11-10-2024,0,20,Upi,Cancelled
O001209,C00105,P0476,30-06-2025,2,20,Upi,Delivered
O001210,C01903,P0300,25-11-2024,2,10,Upi,Delivered
O001211,C01698,P0089,13-11-2025,4,15,Upi,Delivered
O001212,C01546,P0482,10-11-2024,2,20,Card,Delivered
O001213,C00816,P0154,25-05-2024,1,0,Cash,Delivered
O001214,C00994,P0222,22-03-2025,2,20,Card,Delivered
O001215,C01150,P0123,17-08-2025,0,0,Card,Delivered
O001216,C01486,P0006,17-09-2024,3,20,Upi,Shipped
O001217,C00730,P0207,04-06-2024,4,10,Upi,Delivered
O001218,C00457,P0179,06-05-2025,2,10,Card,Cancelled
O001219,C00107,P0111,27-05-2024,2,20,Cash,Shipped
O001220,C01334,P0141,15-08-2025,4,110,Cash,Delivered
O001221,C00463,P0233,03-10-2025,2,10,Card,Returned
O001222,C01964,P0209,26-03-2024,2,110,Cash,Returned
O001223,C01593,P0279,16-04-2024,4,20,Upi,Shipped
O001224,C00402,P0121,01-01-2024,2,20,Cash,Shipped
O001225,C00649,P0233,06-02-2024,4,15,Card,Shipped
O001226,C01112,P0479,23-12-2024,3,0,Cash,Delivered
O001227,C00960,P0326,02-09-2025,2,10,Card,Delivered
O001228,C01283,P0275,04-05-2024,0,0,Cash,Delivered
O001229,C01684,P0491,23-02-2025,1,10,Upi,Cancelled
O001230,C00412,P0155,24-07-2024,2,110,Upi,Cancelled
O001231,C00042,P0219,23-03-2024,2,0,Cash,Delivered
O001232,C01112,P0183,06-11-2024,3,10,Upi,Delivered
O001233,C01393,P0148,15-01-2025,0,110,Upi,Returned
O001234,C00218,P0467,08-01-2024,0,110,Upi,Delivered
O001235,C00614,P0364,09-04-2024,2,110,Upi,Shipped
O001236,C00509,P0385,11-11-2024,3,110,Card,Returned
O001237,C00820,P0379,03-05-2024,2,20,Cash,Shipped
O001238,C00220,P0309,28-09-2024,3,0,Upi,Delivered
O001239,C00962,P0361,12-07-2025,3,20,Upi,Shipped
O001240,C00556,P0204,12-03-2024,2,0,Upi,Returned
O001241,C00450,P0299,23-11-2024,2,10,Upi,Shipped
O001242,C00726,P0055,25-09-2024,1,20,Card,Delivered
O001243,C01447,P0269,27-07-2024,3,10,Card,Delivered
O001244,C01295,P0122,30-08-2024,3,20,Upi,Delivered
O001245,C01293,P0209,21-05-2025,3,0,Cash,Cancelled
O001246,C00925,P0174,01-10-2024,2,10,Card,Returned
O001247,C00425,P0298,17-11-2024,2,110,Card,Delivered
O001248,C00931,P0256,29-01-2025,2,20,Upi,Returned
O001249,C00661,P0020,29-02-2024,2,10,Upi,Delivered
O001250,C01957,P0157,29-05-2025,2,20,Cash,Shipped
O001251,C01752,P0319,24-05-2024,1,0,Cash,Cancelled
O001252,C01056,P0085,02-07-2024,4,110,Upi,Shipped
O001253,C01640,P0264,09-06-2024,2,20,Upi,Cancelled
O001254,C01559,P0243,16-07-2025,0,0,Upi,Shipped
O001255,C00980,P0287,18-02-2024,3,0,Cash,Shipped
O001256,C00199,P0235,10-10-2024,3,0,Upi,Shipped
O001257,C01226,P0185,30-09-2024,4,20,Upi,Returned
O001258,C00721,P0167,06-05-2025,3,0,Upi,Delivered
O001259,C01114,P0085,06-02-2024,2,0,Upi,Returned
O001260,C00275,P0478,29-10-2025,1,0,Card,Delivered
O001261,C00061,P0222,05-03-2024,0,10,Upi,Cancelled
O001262,C01065,P0351,14-10-2024,4,10,Upi,Delivered
O001263,C00018,P0147,04-06-2025,0,0,Upi,Delivered
O001264,C01439,P0323,25-09-2024,4,10,Cash,Delivered
O001265,C01687,P0201,23-03-2025,4,15,Cash,Delivered
O001266,C01298,P0309,04-04-2024,0,0,Upi,Cancelled
O001267,C01379,P0417,17-06-2024,1,20,Upi,Delivered
O001268,C01967,P0333,17-08-2025,2,10,Upi,Cancelled
O001269,C01250,P0181,23-06-2025,2,10,Card,Delivered
O001270,C01226,P0158,14-02-2024,1,0,Cash,Cancelled
O001271,C01955,P0482,22-02-2025,1,10,Cash,Delivered
O001272,C01300,P0073,24-01-2024,3,0,Cash,Delivered
O001273,C01962,P0358,09-10-2025,1,110,Card,Shipped
O001274,C00207,P0053,11-02-2024,0,20,Upi,Delivered
O001275,C01510,P0249,24-08-2024,3,10,Upi,Returned
O001276,C01333,P0446,22-02-2025,0,110,Upi,Delivered
O001277,C01848,P0018,12-03-2024,0,0,Card,Cancelled
O001278,C01131,P0082,09-09-2024,4,15,Upi,Delivered
O001279,C00207,P0359,31-10-2024,0,10,Card,Returned
O001280,C01960,P0100,01-03-2025,2,20,Cash,Delivered
O001281,C00314,P0159,03-10-2024,3,0,Card,Delivered
O001282,C00088,P0189,24-01-2025,4,15,Upi,Shipped
O001283,C00699,P0405,23-06-2024,0,110,Cash,Cancelled
O001284,C00491,P0043,29-05-2025,1,0,Upi,Delivered
O001285,C00466,P0189,18-09-2024,2,110,Upi,Returned
O001286,C01530,P0026,04-01-2024,3,0,Upi,Cancelled
O001287,C01323,P0065,06-03-2025,2,0,Cash,Shipped
O001288,C00605,P0108,11-03-2024,3,20,Cash,Returned
O001289,C01007,P0049,29-10-2024,0,0,Cash,Delivered
O001290,C00046,P0418,07-03-2025,0,0,Card,Cancelled
O001291,C00753,P0080,17-10-2025,2,0,Upi,Returned
O001292,C01417,P0405,07-03-2024,2,10,Cash,Delivered
O001293,C01932,P0187,22-02-2025,4,20,Cash,Cancelled
O001294,C00555,P0414,18-04-2025,0,0,Upi,Returned
O001295,C00878,P0168,07-11-2024,1,10,Upi,Delivered
O001296,C01277,P0368,15-11-2024,0,20,Card,Delivered
O001297,C00164,P0317,20-06-2025,2,10,Upi,Shipped
O001298,C00481,P0120,11-11-2025,2,10,Card,Delivered
O001299,C01167,P0241,30-08-2024,3,110,Upi,Cancelled
O001300,C01670,P0327,02-06-2024,1,10,Upi,Shipped
O001301,C01870,P0028,10-02-2025,4,15,Card,Returned
O001302,C00622,P0140,23-07-2025,0,10,Upi,Returned
O001303,C01410,P0367,13-03-2024,3,0,Upi,Delivered
O001304,C01894,P0036,09-09-2024,2,110,Card,Returned
O001305,C01412,P0165,28-09-2024,2,0,Upi,Cancelled
O001306,C00898,P0286,16-01-2024,1,0,Cash,Delivered
O001307,C00475,P0023,26-10-2025,0,0,Upi,Shipped
O001308,C01736,P0328,23-08-2024,1,20,Cash,Delivered
O001309,C01646,P0087,09-04-2024,2,20,Upi,Delivered
O001310,C00378,P0084,27-02-2024,4,10,Card,Delivered
O001311,C00572,P0460,21-03-2025,3,0,Cash,Shipped
O001312,C01387,P0276,17-08-2024,2,0,Upi,Cancelled
O001313,C01490,P0061,17-11-2025,2,20,Cash,Shipped
O001314,C01027,P0144,09-03-2025,2,0,Cash,Cancelled
O001315,C01798,P0355,09-10-2024,2,0,Upi,Delivered
O001316,C01207,P0189,27-09-2024,1,110,Upi,Delivered
O001317,C00222,P0388,08-11-2024,3,10,Card,Delivered
O001318,C01889,P0296,07-06-2025,4,10,Cash,Delivered
O001319,C00226,P0216,27-01-2024,2,110,Card,Shipped
O001320,C00101,P0089,05-10-2025,3,20,Upi,Shipped
O001321,C01946,P0109,16-10-2025,3,10,Upi,Delivered
O001322,C01170,P0072,09-04-2025,2,20,Cash,Shipped
O001323,C00756,P0115,05-04-2024,3,0,Card,Delivered
O001324,C00008,P0066,02-01-2025,2,10,Upi,Returned
O001325,C00052,P0184,14-09-2025,3,0,Upi,Returned
O001326,C01570,P0426,06-07-2025,0,0,Upi,Shipped
O001327,C00014,P0191,25-06-2024,2,10,Upi,Delivered
O001328,C01451,P0261,28-07-2024,2,20,Upi,Delivered
O001329,C00708,P0178,09-03-2024,2,20,Upi,Cancelled
O001330,C00249,P0462,08-09-2024,1,10,Upi,Shipped
O001331,C00318,P0134,05-04-2024,4,15,Upi,Delivered
O001332,C99999,P0402,14-03-2024,3,10,Cash,Delivered
O001333,C00358,P0417,26-10-2024,3,20,Upi,Delivered
O001334,C01257,P0118,13-05-2024,3,0,Cash,Delivered
O001335,C00976,P0351,17-05-2025,2,20,Card,Returned
O001336,C01865,P0209,02-08-2024,2,10,Card,Cancelled
O001337,C01623,P0348,14-12-2024,4,15,Cash,Delivered
O001338,C00928,P0228,22-11-2025,2,20,Card,Delivered
O001339,C00512,P0263,14-01-2024,2,20,Cash,Returned
O001340,C01399,P0267,18-03-2025,2,20,Upi,Returned
O001341,C00870,P0141,28-04-2024,4,10,Upi,Delivered
O001342,C01749,P0306,10-09-2024,3,0,Cash,Delivered
O001343,C00183,P0494,27-08-2024,0,10,Upi,Shipped
O001344,C01665,P0067,09-09-2025,2,20,Upi,Shipped
O001345,C01901,P0397,29-06-2024,2,110,Card,Shipped
O001346,C00619,P0006,29-12-2024,4,10,Upi,Cancelled
O001347,C00804,P0390,30-04-2024,4,20,Cash,Cancelled
O001348,C00349,P0256,14-08-2024,3,0,Cash,Delivered
O001349,C01929,P0216,26-08-2024,3,20,Upi,Returned
O001350,C01540,P0487,20-08-2024,4,110,Cash,Delivered
O001351,C01367,P0376,03-07-2025,1,10,Cash,Delivered
O001352,C00934,P0132,04-03-2024,3,0,Upi,Delivered
O001353,C00038,P0430,10-10-2025,2,20,Upi,Delivered
O001354,C01923,P0424,16-05-2025,2,10,Card,Shipped
O001355,C01943,P0329,20-06-2024,0,0,Card,Cancelled
O001356,C00572,P0052,03-04-2025,0,0,Cash,Returned
O001357,C01180,P0272,14-09-2024,2,0,Card,Shipped
O001358,C00617,P0014,04-05-2024,2,20,Upi,Shipped
O001359,C01866,P0060,17-10-2025,4,20,Upi,Shipped
O001360,C00094,P0349,24-05-2025,1,110,Upi,Cancelled
O001361,C01716,P0114,13-03-2024,0,0,Upi,Delivered
O001362,C01323,P0277,13-10-2024,4,20,Upi,Delivered
O001363,C01129,P0302,02-08-2024,2,0,Card,Returned
O001364,C00135,P0190,04-02-2025,3,20,Upi,Delivered
O001365,C00163,P0309,28-08-2024,0,20,Upi,Shipped
O001366,C01929,P0498,14-06-2024,2,10,Card,Shipped
O001367,C01603,P0028,10-04-2025,0,110,Card,Returned
O001368,C00557,P0243,07-11-2024,4,20,Cash,Shipped
O001369,C01912,P0167,11-11-2025,1,0,Card,Cancelled
O001370,C01307,P0246,30-11-2025,2,10,Upi,Delivered
O001371,C01977,P0443,12-10-2025,0,0,Card,Delivered
O001372,C00421,P0205,02-05-2024,3,0,Card,Cancelled
O001373,C01967,P0385,15-05-2024,2,10,Cash,Cancelled
O001374,C01689,P0113,19-08-2024,3,20,Upi,Cancelled
O001375,C01683,P0127,07-10-2025,2,10,Cash,Delivered
O001376,C01781,P0487,12-10-2024,1,10,Cash,Returned
O001377,C01883,P0122,28-12-2024,4,15,Cash,Delivered
O001378,C01809,P0365,31-01-2025,0,0,Upi,Cancelled
O001379,C00645,P0487,02-05-2025,3,0,Card,Delivered
O001380,C01409,P0404,11-01-2025,4,20,Cash,Returned
O001381,C01789,P0332,04-10-2024,2,0,Upi,Cancelled
O001382,C00794,P0341,23-01-2024,1,10,Cash,Delivered
O001383,C01872,P0217,06-06-2025,2,110,Cash,Delivered
O001384,C01581,P0377,30-11-2024,3,20,Upi,Returned
O001385,C01519,P9999,12-03-2024,0,10,Upi,Delivered
O001386,C01419,P0012,08-03-2024,1,110,Upi,Shipped
O001387,C01825,P0025,22-01-2024,3,110,Card,Cancelled
O001388,C01479,P0181,07-07-2025,4,20,Cash,Delivered
O001389,C01392,P0091,26-11-2024,3,20,Upi,Delivered
O001390,C00732,P0079,30-04-2025,3,0,Upi,Delivered
O001391,C01978,P0005,02-08-2025,3,110,Card,Returned
O001392,C00136,P0450,12-11-2025,4,110,Upi,Returned
O001393,C00157,P0327,22-05-2025,2,110,Upi,Delivered
O001394,C00724,P0256,10-11-2025,0,0,Upi,Delivered
O001395,C01342,P0226,10-08-2024,2,0,Card,Returned
O001396,C00013,P0404,28-11-2025,2,0,Upi,Shipped
O001397,C00908,P0334,19-10-2024,4,10,Cash,Returned
O001398,C00598,P0388,20-07-2024,0,20,Card,Returned
O001399,C00573,P0142,23-07-2024,2,20,Upi,Delivered
O001400,C01898,P0050,17-02-2025,3,0,Upi,Shipped
O001401,C00921,P0049,26-01-2024,0,10,Upi,Shipped
O001402,C01184,P0500,04-09-2025,2,110,Cash,Delivered
O001403,C00465,P0115,09-01-2025,2,0,Card,Delivered
O001404,C01090,P0360,20-04-2025,2,0,Cash,Shipped
O001405,C00471,P0448,21-05-2024,3,10,Upi,Cancelled
O001406,C01681,P0118,29-06-2025,0,10,Upi,Shipped
O001407,C00474,P0271,26-01-2024,2,0,Upi,Cancelled
O001408,C00987,P0173,20-06-2025,2,20,Card,Delivered
O001409,C01297,P0337,07-08-2025,3,10,Upi,Shipped
O001410,C00644,P0202,07-12-2024,4,10,Upi,Shipped
O001411,C01678,P0213,20-07-2025,1,0,Cash,Delivered
O001412,C00346,P0343,30-06-2025,3,0,Card,Returned
O001413,C01385,P0267,24-06-2025,2,10,Card,Delivered
O001414,C01340,P0117,09-11-2024,2,0,Cash,Shipped
O001415,C01368,P0471,04-02-2025,4,15,Upi,Cancelled
O001416,C00144,P0388,24-03-2024,3,110,Upi,Cancelled
O001417,C00332,P0024,17-09-2024,4,15,Card,Shipped
O001418,C00712,P0121,24-01-2025,2,0,Upi,Delivered
O001419,C01190,P0144,24-09-2025,3,110,Upi,Delivered
O001420,C01253,P0053,19-03-2025,2,0,Cash,Delivered
O001421,C01899,P0200,27-06-2025,2,10,Cash,Delivered
O001422,C01455,P0174,12-10-2024,1,0,Upi,Cancelled
O001423,C01882,P0316,15-04-2025,2,10,Cash,Shipped
O001424,C01236,P0280,29-04-2024,2,0,Upi,Returned
O001425,C01260,P0304,28-01-2024,0,20,Cash,Cancelled
O001426,C00871,P0352,29-04-2024,2,0,Upi,Delivered
O001427,C00671,P0312,23-08-2024,3,10,Upi,Cancelled
O001428,C01992,P0474,02-04-2024,1,10,Card,Shipped
O001429,C00599,P0312,08-04-2025,2,0,Upi,Returned
O001430,C00159,P0439,18-07-2025,2,10,Cash,Returned
O001431,C01284,P0137,11-08-2025,4,15,Upi,Delivered
O001432,C01293,P0099,01-03-2024,0,110,Upi,Cancelled
O001433,C00644,P0382,05-03-2024,2,20,Upi,Delivered
O001434,C00499,P0109,25-02-2024,1,20,Upi,Delivered
O001435,C00111,P0167,04-06-2024,2,20,Upi,Cancelled
O001436,C01912,P0350,27-06-2024,1,10,Upi,Delivered
O001437,C00359,P0022,30-11-2025,3,20,Card,Delivered
O001438,C00128,P0187,02-11-2025,4,10,Upi,Returned
O001439,C00993,P0152,28-06-2025,2,20,Card,Delivered
O001440,C01080,P0065,05-08-2024,3,20,Upi,Shipped
O001441,C01227,P0388,21-04-2025,0,0,Card,Cancelled
O001442,C01414,P0159,20-04-2024,2,20,Upi,Delivered
O001443,C01648,P0066,25-05-2024,2,10,Card,Delivered
O001444,C00423,P0388,09-07-2025,2,10,Card,Cancelled
O001445,C00451,P0359,03-09-2024,2,0,Card,Returned
O001446,C00946,P0005,02-05-2025,4,20,Card,Returned
O001447,C01067,P0310,14-08-2025,4,20,Card,Shipped
O001448,C01913,P0038,07-04-2024,3,20,Upi,Returned
O001449,C01680,P0482,27-11-2024,1,0,Card,Cancelled
O001450,C00729,P0450,01-02-2025,2,0,Card,Shipped
O001451,C00831,P0472,31-03-2024,0,20,Cash,Cancelled
O001452,C00587,P0253,02-09-2025,4,20,Upi,Returned
O001453,C01250,P0072,18-05-2024,0,20,Upi,Shipped
O001454,C01781,P0403,17-09-2025,0,0,Cash,Shipped
O001455,C01369,P0198,04-06-2024,2,20,Upi,Cancelled
O001456,C01624,P0297,08-05-2024,2,110,Card,Cancelled
O001457,C01241,P0338,26-11-2025,2,10,Upi,Cancelled
O001458,C01336,P0158,23-07-2025,4,20,Cash,Delivered
O001459,C00926,P0111,11-07-2024,4,15,Card,Delivered
O001460,C00487,P0356,18-09-2024,3,110,Cash,Delivered
O001461,C00290,P0188,09-11-2024,1,0,Upi,Delivered
O001462,C00604,P0434,21-06-2024,2,0,Upi,Returned
O001463,C00722,P0250,16-04-2024,4,15,Card,Delivered
O001464,C00275,P0450,17-07-2024,2,20,Upi,Delivered
O001465,C01466,P0135,04-04-2025,2,10,Upi,Returned
O001466,C00018,P0329,04-09-2024,3,0,Cash,Shipped
O001467,C00127,P0499,09-01-2024,0,10,Cash,Delivered
O001468,C00604,P0097,14-10-2024,4,110,Upi,Delivered
O001469,C00442,P0226,30-06-2024,4,15,Cash,Shipped
O001470,C00323,P0046,10-07-2025,2,110,Upi,Returned
O001471,C01840,P0172,07-09-2024,0,0,Card,Returned
O001472,C00787,P0404,17-06-2024,2,20,Card,Delivered
O001473,C01821,P0268,26-03-2024,1,10,Cash,Cancelled
O001474,C01051,P0146,26-10-2024,2,20,Upi,Delivered
O001475,C01573,P0378,19-01-2025,0,10,Card,Delivered
O001476,C01316,P0370,31-03-2024,3,10,Card,Returned
O001477,C00273,P0201,26-07-2024,2,20,Cash,Delivered
O001478,C01388,P0369,01-12-2024,1,10,Cash,Delivered
O001479,C01143,P0113,08-05-2024,2,10,Card,Delivered
O001480,C00846,P0323,08-01-2025,2,10,Upi,Returned
O001481,C01501,P0420,24-02-2025,2,0,Cash,Shipped
O001482,C00616,P0416,01-01-2025,2,110,Cash,Returned
O001483,C01758,P0404,18-10-2025,3,0,Upi,Returned
O001484,C00261,P0130,11-05-2024,3,10,Upi,Delivered
O001485,C00951,P0171,24-12-2024,3,110,Upi,Delivered
O001486,C00280,P0211,19-10-2025,2,110,Cash,Delivered
O001487,C01973,P0127,08-11-2024,3,110,Card,Shipped
O001488,C01283,P0178,24-10-2024,0,0,Upi,Returned
O001489,C01293,P0397,01-07-2025,4,15,Upi,Returned
O001490,C01815,P0107,01-09-2025,4,15,Upi,Delivered
O001491,C01049,P0191,18-07-2024,3,0,Card,Returned
O001492,C01871,P0041,22-04-2024,2,20,Card,Shipped
O001493,C01129,P0026,28-05-2025,1,20,Cash,Shipped
O001494,C01293,P0388,11-06-2025,2,20,Card,Delivered
O001495,C01053,P0389,07-11-2025,3,10,Cash,Cancelled
O001496,C00287,P0475,23-05-2024,2,20,Cash,Shipped
O001497,C00715,P0347,09-05-2025,0,10,Cash,Cancelled
O001498,C01499,P0468,29-09-2025,1,0,Upi,Returned
O001499,C01831,P0276,04-10-2024,0,0,Cash,Delivered
O001500,C01434,P0123,02-11-2025,4,10,Upi,Delivered
O001501,C01702,P0395,21-08-2025,1,20,Cash,Returned
O001502,C00882,P0239,16-03-2025,2,20,Cash,Delivered
O001503,C00558,P0048,24-08-2024,0,10,Upi,Delivered
O001504,C00112,P0232,19-04-2024,2,20,Card,Shipped
O001505,C00389,P0040,21-07-2024,0,0,Upi,Delivered
O001506,C00087,P0496,07-10-2024,4,20,Card,Shipped
O001507,C00463,P0126,24-10-2025,2,0,Upi,Shipped
O001508,C00839,P0337,13-03-2025,4,10,Upi,Shipped
O001509,C00801,P0409,23-07-2025,4,10,Upi,Delivered
O001510,C00193,P0427,10-03-2024,2,0,Upi,Delivered
O001511,C01198,P0149,22-11-2024,1,110,Upi,Delivered
O001512,C00553,P0174,28-05-2025,3,10,Upi,Delivered
O001513,C00954,P0067,22-08-2025,3,10,Cash,Cancelled
O001514,C01974,P0447,21-09-2024,2,110,Card,Delivered
O001515,C00995,P0087,15-08-2024,0,20,Cash,Shipped
O001516,C00998,P0350,01-09-2025,1,0,Upi,Shipped
O001517,C00936,P0217,03-09-2025,4,110,Cash,Delivered
O001518,C00851,P0495,23-04-2024,4,20,Upi,Cancelled
O001519,C00289,P0296,29-10-2024,0,0,Upi,Delivered
O001520,C01399,P0461,21-11-2024,1,20,Upi,Shipped
O001521,C01744,P0302,06-04-2024,1,0,Upi,Returned
O001522,C01807,P0251,23-11-2024,2,10,Upi,Cancelled
O001523,C00210,P0038,31-05-2024,3,20,Cash,Returned
O001524,C00213,P0366,10-09-2025,2,110,Upi,Delivered
O001525,C01343,P0210,09-05-2024,2,0,Upi,Returned
O001526,C01085,P0299,13-07-2024,2,0,Cash,Returned
O001527,C00859,P0085,14-11-2024,1,10,Card,Cancelled
O001528,C01509,P0215,15-08-2025,4,10,Upi,Returned
O001529,C01530,P0482,21-02-2025,2,20,Cash,Shipped
O001530,C00481,P0456,05-10-2024,3,0,Upi,Shipped
O001531,C00239,P0384,29-02-2024,0,20,Cash,Delivered
O001532,C00417,P0462,19-09-2025,4,20,Cash,Cancelled
O001533,C00480,P0124,09-12-2024,0,20,Cash,Shipped
O001534,C00746,P0023,04-09-2025,2,0,Cash,Returned
O001535,C00668,P0170,15-05-2025,0,20,Upi,Shipped
O001536,C01445,P0254,24-05-2025,1,110,Card,Delivered
O001537,C00715,P0497,29-07-2025,2,0,Cash,Delivered
O001538,C00751,P0007,02-04-2025,0,10,Cash,Returned
O001539,C01005,P0143,01-03-2024,2,0,Cash,Delivered
O001540,C01405,P0184,19-09-2025,0,20,Cash,Delivered
O001541,C00740,P0253,01-11-2024,1,0,Upi,Shipped
O001542,C01997,P0342,21-08-2024,2,110,Card,Delivered
O001543,C01517,P0047,23-02-2024,4,20,Cash,Returned
O001544,C01844,P0125,13-11-2024,2,20,Upi,Delivered
O001545,C01673,P0087,07-08-2024,2,10,Card,Returned
O001546,C01694,P0437,01-05-2024,2,20,Cash,Delivered
O001547,C01213,P0490,10-09-2024,0,0,Upi,Delivered
O001548,C01654,P0013,23-09-2024,0,0,Upi,Cancelled
O001549,C00498,P0374,20-09-2025,1,10,Card,Delivered
O001550,C01884,P0229,27-06-2024,1,0,Card,Cancelled
O001551,C00243,P0293,18-02-2024,2,10,Upi,Cancelled
O001552,C00413,P0424,13-08-2025,1,10,Cash,Cancelled
O001553,C01120,P0432,27-09-2025,1,10,Upi,Returned
O001554,C01351,P0337,05-04-2025,3,0,Card,Shipped
O001555,C00059,P0260,21-03-2025,0,20,Upi,Returned
O001556,C01053,P0031,19-07-2025,2,20,Upi,Cancelled
O001557,C01370,P0058,22-02-2025,2,0,Card,Cancelled
O001558,C00030,P0111,01-12-2024,2,0,Cash,Delivered
O001559,C00682,P0082,02-02-2025,0,0,Upi,Delivered
O001560,C00273,P0436,12-02-2025,4,15,Card,Returned
O001561,C00081,P0105,22-04-2025,3,10,Cash,Delivered
O001562,C01871,P0289,10-09-2025,2,0,Cash,Returned
O001563,C00082,P0146,11-07-2024,1,10,Card,Returned
O001564,C00126,P0055,25-05-2025,0,110,Upi,Cancelled
O001565,C00984,P0434,11-09-2025,1,20,Cash,Delivered
O001566,C01650,P0188,12-12-2024,3,20,Upi,Shipped
O001567,C00487,P0205,07-03-2025,2,10,Cash,Delivered
O001568,C00514,P0001,21-05-2025,2,20,Upi,Cancelled
O001569,C01825,P0083,08-06-2024,3,0,Cash,Returned
O001570,C01372,P0308,12-07-2024,3,20,Upi,Delivered
O001571,C01131,P0362,20-04-2024,2,0,Card,Delivered
O001572,C01216,P0046,17-02-2024,2,10,Upi,Shipped
O001573,C00842,P0287,03-03-2025,2,10,Card,Shipped
O001574,C01273,P0152,31-01-2025,4,15,Upi,Delivered
O001575,C00968,P0280,20-10-2024,4,20,Upi,Shipped
O001576,C01034,P0357,25-02-2024,4,15,Upi,Shipped
O001577,C01843,P0248,21-04-2024,3,0,Upi,Returned
O001578,C00160,P0289,26-08-2025,2,20,Cash,Returned
O001579,C00341,P0259,14-03-2025,3,20,Card,Returned
O001580,C00790,P0176,25-10-2025,1,110,Upi,Cancelled
O001581,C01786,P0413,05-03-2024,3,10,Upi,Returned
O001582,C01581,P0027,24-03-2025,0,0,Upi,Delivered
O001583,C00574,P0373,07-06-2025,4,10,Cash,Shipped
O001584,C01533,P0478,02-01-2024,2,10,Cash,Shipped
O001585,C00536,P0188,28-08-2024,0,10,Upi,Shipped
O001586,C00705,P0031,11-01-2024,0,0,Upi,Delivered
O001587,C00951,P0249,15-11-2025,3,0,Cash,Returned
O001588,C01013,P0315,09-06-2024,2,20,Cash,Returned
O001589,C01798,P0009,26-05-2024,3,0,Card,Delivered
O001590,C00584,P0097,22-04-2025,4,10,Cash,Delivered
O001591,C01458,P0452,19-09-2024,2,20,Card,Cancelled
O001592,C01589,P0019,15-04-2024,4,10,Card,Shipped
O001593,C01814,P0282,03-07-2024,2,0,Upi,Cancelled
O001594,C00724,P0162,27-10-2025,2,0,Upi,Cancelled
O001595,C00417,P0442,16-08-2024,2,10,Upi,Returned
O001596,C00488,P0346,21-11-2024,1,110,Card,Delivered
O001597,C00569,P0196,28-07-2025,2,20,Cash,Delivered
O001598,C01121,P0034,30-05-2025,3,0,Cash,Delivered
O001599,C01811,P0070,14-09-2024,2,110,Card,Cancelled
O001600,C00378,P0252,03-06-2024,0,10,Upi,Shipped
O001601,C00811,P0469,29-02-2024,1,0,Upi,Returned
O001602,C01393,P0365,20-03-2025,4,15,Upi,Returned
O001603,C00158,P0174,02-04-2024,1,20,Upi,Delivered
O001604,C00416,P0298,06-01-2025,2,110,Cash,Shipped
O001605,C01356,P0428,17-09-2024,4,15,Upi,Returned
O001606,C01387,P0008,07-07-2025,3,10,Upi,Cancelled
O001607,C01283,P0036,02-06-2024,4,10,Upi,Delivered
O001608,C01438,P0240,09-06-2024,2,0,Upi,Cancelled
O001609,C00332,P0162,29-10-2025,4,15,Card,Cancelled
O001610,C00304,P0360,16-05-2024,3,10,Cash,Delivered
O001611,C00039,P0199,30-05-2024,0,20,Upi,Cancelled
O001612,C00272,P0163,22-01-2025,3,110,Upi,Cancelled
O001613,C00159,P0172,01-09-2025,3,0,Cash,Cancelled
O001614,C00683,P0006,04-07-2025,2,110,Card,Delivered
O001615,C00674,P0469,27-11-2024,2,10,Cash,Delivered
O001616,C01747,P0018,04-08-2025,0,0,Card,Shipped
O001617,C01936,P0277,03-03-2025,4,10,Upi,Delivered
O001618,C01146,P0462,08-05-2024,4,110,Upi,Returned
O001619,C01504,P0165,02-02-2024,2,20,Upi,Cancelled
O001620,C01762,P0232,20-10-2024,0,0,Cash,Delivered
O001621,C01876,P0196,01-04-2024,4,15,Card,Shipped
O001622,C01234,P0025,25-09-2025,0,20,Card,Cancelled
O001623,C00360,P0470,06-08-2024,2,20,Upi,Shipped
O001624,C00441,P0302,08-12-2024,3,10,Cash,Cancelled
O001625,C01944,P0346,18-08-2025,1,0,Card,Cancelled
O001626,C01872,P0456,19-09-2024,3,10,Upi,Shipped
O001627,C00910,P0034,19-07-2024,2,0,Upi,Delivered
O001628,C01389,P0252,22-05-2024,3,110,Card,Returned
O001629,C01051,P0220,03-11-2025,2,0,Upi,Returned
O001630,C00230,P0396,07-05-2025,3,20,Card,Delivered
O001631,C01067,P0005,15-04-2024,2,20,Cash,Delivered
O001632,C00636,P0085,30-07-2024,1,10,Upi,Shipped
O001633,C00019,P0303,17-07-2024,1,20,Upi,Shipped
O001634,C00788,P0287,19-09-2025,4,20,Card,Shipped
O001635,C00441,P0120,12-05-2025,3,0,Cash,Delivered
O001636,C01069,P0081,20-11-2024,1,0,Upi,Shipped
O001637,C00400,P0161,19-10-2024,2,10,Card,Returned
O001638,C00293,P0146,06-12-2024,1,20,Upi,Delivered
O001639,C01533,P0389,21-02-2025,2,20,Cash,Delivered
O001640,C00087,P0222,27-01-2025,3,20,Upi,Cancelled
O001641,C00618,P0497,10-07-2024,4,20,Cash,Shipped
O001642,C01946,P0328,17-01-2024,2,0,Card,Cancelled
O001643,C01499,P0396,31-07-2024,3,10,Upi,Delivered
O001644,C00202,P0317,16-06-2025,3,0,Card,Delivered
O001645,C00088,P0256,11-07-2025,1,110,Card,Delivered
O001646,C01385,P0030,20-10-2025,2,0,Card,Delivered
O001647,C01120,P0489,13-07-2025,4,15,Upi,Cancelled
O001648,C01513,P0316,16-02-2024,4,15,Card,Cancelled
O001649,C00232,P0138,08-06-2025,4,15,Cash,Returned
O001650,C01734,P0423,05-06-2024,3,20,Card,Delivered
O001651,C00094,P0087,03-08-2025,1,0,Cash,Returned
O001652,C01281,P0159,17-06-2024,2,0,Card,Delivered
O001653,C00478,P0113,16-04-2025,1,10,Cash,Returned
O001654,C01524,P0275,30-04-2025,4,110,Card,Shipped
O001655,C00092,P0255,19-10-2025,1,0,Upi,Delivered
O001656,C01945,P0268,25-07-2024,3,10,Upi,Shipped
O001657,C00301,P0335,17-08-2024,3,10,Cash,Shipped
O001658,C01683,P0189,04-01-2025,0,10,Card,Delivered
O001659,C01838,P0324,19-02-2024,0,0,Upi,Delivered
O001660,C00651,P0062,26-04-2025,0,10,Cash,Delivered
O001661,C01624,P0238,09-12-2024,2,110,Upi,Returned
O001662,C00019,P9999,18-09-2024,2,10,Upi,Returned
O001663,C00669,P0491,05-01-2025,2,0,Cash,Delivered
O001664,C00343,P0476,14-01-2024,2,10,Card,Delivered
O001665,C99999,P0320,18-05-2024,2,0,Upi,Delivered
O001666,C00735,P0270,23-11-2025,2,10,Cash,Delivered
O001667,C01521,P0492,10-04-2025,2,110,Cash,Returned
O001668,C00656,P0235,21-07-2025,3,20,Card,Delivered
O001669,C00248,P0127,14-02-2024,1,110,Card,Returned
O001670,C01677,P0300,18-06-2025,2,0,Upi,Delivered
O001671,C01357,P0363,15-11-2025,3,0,Upi,Cancelled
O001672,C01587,P0369,08-10-2024,2,10,Upi,Cancelled
O001673,C00357,P0094,15-03-2024,1,0,Upi,Delivered
O001674,C01623,P0269,17-11-2025,3,10,Cash,Delivered
O001675,C00749,P0341,15-12-2024,1,0,Cash,Delivered
O001676,C01658,P0238,13-01-2024,2,0,Upi,Cancelled
O001677,C00509,P0260,04-08-2025,2,10,Upi,Delivered
O001678,C01771,P0134,25-07-2025,1,0,Card,Delivered
O001679,C00809,P0436,18-03-2025,2,0,Card,Delivered
O001680,C00690,P0012,29-11-2024,0,10,Cash,Returned
O001681,C01298,P0234,22-09-2025,1,20,Upi,Returned
O001682,C01329,P0153,22-01-2024,2,0,Card,Shipped
O001683,C00218,P0192,15-05-2025,4,15,Upi,Shipped
O001684,C01775,P0268,17-01-2024,2,0,Card,Delivered
O001685,C01407,P0223,07-10-2025,2,0,Card,Shipped
O001686,C00766,P0174,13-01-2024,2,0,Card,Delivered
O001687,C00051,P0181,02-09-2025,1,10,Upi,Shipped
O001688,C01561,P0494,01-02-2025,2,0,Card,Delivered
O001689,C01774,P0183,06-02-2024,3,20,Card,Shipped
O001690,C00709,P0386,05-09-2025,3,0,Upi,Cancelled
O001691,C01220,P0151,23-01-2024,4,15,Cash,Delivered
O001692,C01987,P0360,31-08-2024,4,15,Cash,Shipped
O001693,C00833,P0486,26-07-2025,0,0,Cash,Cancelled
O001694,C00007,P0444,06-09-2025,4,10,Card,Cancelled
O001695,C00224,P0249,12-11-2024,4,15,Card,Shipped
O001696,C00755,P0150,19-09-2025,4,10,Upi,Delivered
O001697,C01662,P0208,06-09-2025,2,10,Card,Cancelled
O001698,C01481,P0264,13-05-2024,0,10,Card,Returned
O001699,C00424,P0463,16-08-2024,1,0,Upi,Shipped
O001700,C01313,P0084,26-08-2025,2,0,Card,Shipped
O001701,C00328,P0410,02-07-2025,2,110,Card,Cancelled
O001702,C01448,P0349,28-10-2024,0,0,Cash,Returned
O001703,C01890,P0035,07-01-2025,1,20,Cash,Cancelled
O001704,C01526,P0176,14-04-2024,1,20,Upi,Delivered
O001705,C00371,P0245,07-02-2024,0,10,Card,Delivered
O001706,C01658,P0410,26-05-2025,4,110,Upi,Delivered
O001707,C01350,P0007,27-06-2025,1,10,Upi,Shipped
O001708,C01986,P0288,07-07-2025,2,10,Upi,Delivered
O001709,C01660,P0347,12-06-2025,2,10,Cash,Delivered
O001710,C00402,P0489,04-10-2024,0,110,Card,Cancelled
O001711,C01043,P0121,05-04-2024,2,0,Upi,Delivered
O001712,C00607,P0028,08-05-2024,2,20,Cash,Delivered
O001713,C01213,P0069,03-11-2024,4,15,Card,Cancelled
O001714,C01174,P0157,01-04-2025,1,20,Upi,Shipped
O001715,C01045,P0256,23-12-2024,4,15,Card,Cancelled
O001716,C00949,P0115,28-01-2024,1,10,Upi,Delivered
O001717,C01253,P0321,07-09-2025,1,20,Cash,Delivered
O001718,C00009,P0396,18-09-2024,4,10,Card,Cancelled
O001719,C00263,P0481,09-03-2024,1,20,Card,Cancelled
O001720,C01112,P0238,27-11-2024,2,10,Upi,Cancelled
O001721,C00145,P0348,03-05-2024,1,110,Upi,Returned
O001722,C00595,P0254,11-05-2024,2,20,Card,Returned
O001723,C00727,P0045,31-08-2024,2,20,Upi,Shipped
O001724,C01115,P0354,25-08-2024,3,0,Upi,Returned
O001725,C01119,P0175,03-08-2024,2,110,Upi,Cancelled
O001726,C01066,P0191,27-01-2025,2,0,Card,Delivered
O001727,C01438,P0258,22-03-2024,3,10,Upi,Returned
O001728,C00536,P0468,19-08-2024,1,0,Cash,Delivered
O001729,C00005,P0124,13-06-2024,0,10,Card,Delivered
O001730,C00253,P0261,24-08-2024,3,0,Cash,Delivered
O001731,C00456,P0180,20-07-2024,2,20,Upi,Cancelled
O001732,C01227,P0311,21-08-2025,3,10,Cash,Cancelled
O001733,C01346,P0162,29-04-2025,0,20,Upi,Returned
O001734,C01803,P0423,15-08-2025,2,110,Cash,Shipped
O001735,C00010,P0187,25-06-2024,1,10,Upi,Delivered
O001736,C00280,P0157,25-11-2024,4,15,Upi,Delivered
O001737,C01585,P0022,26-05-2024,3,110,Card,Delivered
O001738,C01588,P0044,21-06-2024,1,0,Card,Cancelled
O001739,C00038,P0078,04-02-2025,2,0,Upi,Delivered
O001740,C00672,P0342,01-11-2025,3,110,Card,Delivered
O001741,C01210,P0438,24-09-2025,3,0,Card,Delivered
O001742,C01383,P0124,03-11-2025,1,10,Cash,Returned
O001743,C00207,P0234,12-04-2024,3,0,Card,Delivered
O001744,C00520,P0321,21-04-2025,2,20,Upi,Delivered
O001745,C00250,P0075,16-10-2024,1,0,Upi,Cancelled
O001746,C00336,P0332,19-01-2025,2,10,Card,Shipped
O001747,C00601,P0181,06-10-2025,1,10,Upi,Returned
O001748,C01576,P0148,30-11-2025,2,110,Upi,Cancelled
O001749,C00374,P0441,19-10-2024,1,20,Upi,Shipped
O001750,C01802,P0368,18-11-2024,2,0,Upi,Delivered
O001751,C00764,P0386,17-05-2025,2,110,Card,Cancelled
O001752,C00321,P0494,23-10-2025,2,0,Upi,Cancelled
O001753,C00608,P0299,29-11-2024,0,20,Upi,Returned
O001754,C00114,P0120,03-10-2025,0,10,Cash,Returned
O001755,C01184,P0443,05-04-2025,3,10,Card,Returned
O001756,C00006,P0032,19-08-2024,2,20,Cash,Shipped
O001757,C01448,P0409,02-07-2025,1,20,Cash,Delivered
O001758,C00062,P0047,01-10-2025,2,10,Card,Cancelled
O001759,C00334,P0055,05-07-2025,2,0,Cash,Cancelled
O001760,C01073,P0372,28-08-2024,2,0,Upi,Delivered
O001761,C00072,P0193,31-08-2025,2,110,Card,Shipped
O001762,C01274,P0270,07-09-2024,2,20,Card,Delivered
O001763,C01879,P0014,12-07-2025,2,10,Upi,Shipped
O001764,C00936,P0368,27-05-2025,1,10,Upi,Delivered
O001765,C00605,P0044,31-08-2024,0,110,Upi,Returned
O001766,C01772,P0026,02-02-2025,2,0,Cash,Delivered
O001767,C00954,P0354,19-08-2024,2,10,Card,Returned
O001768,C01907,P0170,14-02-2024,1,20,Card,Returned
O001769,C01727,P0308,22-12-2024,3,10,Card,Cancelled
O001770,C00211,P0316,14-11-2025,4,20,Card,Returned
O001771,C00882,P0084,21-06-2024,2,0,Card,Delivered
O001772,C00813,P0159,23-09-2025,0,0,Upi,Returned
O001773,C01525,P0486,01-10-2025,0,110,Upi,Delivered
O001774,C00872,P0467,13-03-2024,3,10,Cash,Shipped
O001775,C01460,P0382,23-06-2025,0,20,Upi,Shipped
O001776,C00414,P0095,25-09-2025,2,0,Upi,Cancelled
O001777,C01434,P0290,15-09-2025,1,20,Card,Cancelled
O001778,C01042,P0066,21-05-2025,2,20,Card,Shipped
O001779,C00250,P0310,03-02-2024,2,20,Card,Returned
O001780,C00389,P0461,30-06-2025,4,10,Cash,Delivered
O001781,C00317,P0368,01-04-2024,2,10,Card,Delivered
O001782,C00546,P0469,08-01-2025,2,0,Cash,Delivered
O001783,C00364,P0118,08-12-2024,1,20,Upi,Delivered
O001784,C00530,P0191,19-07-2024,2,0,Cash,Shipped
O001785,C01746,P0137,17-06-2025,2,0,Card,Cancelled
O001786,C01212,P0309,13-03-2024,2,10,Upi,Delivered
O001787,C01870,P0159,29-02-2024,2,0,Upi,Delivered
O001788,C01903,P0281,08-03-2025,4,15,Upi,Delivered
O001789,C00350,P0482,26-05-2025,3,20,Card,Cancelled
O001790,C00434,P0186,12-10-2025,2,20,Upi,Shipped
O001791,C00299,P0496,09-01-2025,4,15,Upi,Cancelled
O001792,C01296,P0114,21-07-2025,4,15,Card,Delivered
O001793,C01025,P0340,15-12-2024,3,20,Cash,Cancelled
O001794,C01498,P0450,24-10-2024,2,110,Card,Cancelled
O001795,C00434,P0493,17-02-2024,2,20,Cash,Delivered
O001796,C01576,P0341,01-12-2025,3,10,Upi,Shipped
O001797,C01965,P0178,22-03-2025,3,0,Card,Shipped
O001798,C01687,P0131,26-05-2024,2,0,Cash,Delivered
O001799,C00397,P0446,22-08-2025,3,10,Upi,Delivered
O001800,C01330,P0234,01-10-2025,0,110,Upi,Delivered
O001801,C01285,P0355,02-07-2024,2,10,Upi,Returned
O001802,C01200,P0063,24-06-2024,4,15,Cash,Delivered
O001803,C00057,P0380,01-07-2024,2,10,Upi,Cancelled
O001804,C01164,P0049,06-11-2025,3,20,Upi,Cancelled
O001805,C00826,P0134,02-07-2025,0,10,Card,Delivered
O001806,C01083,P0204,04-08-2024,2,20,Card,Cancelled
O001807,C01568,P0189,21-03-2025,1,10,Upi,Delivered
O001808,C00093,P0033,01-01-2024,2,10,Cash,Delivered
O001809,C01291,P0360,04-08-2024,4,110,Upi,Delivered
O001810,C01693,P0204,15-08-2024,2,0,Upi,Cancelled
O001811,C01241,P0218,28-09-2024,1,20,Upi,Returned
O001812,C00514,P0456,11-04-2024,3,20,Upi,Delivered
O001813,C00536,P0498,02-09-2025,3,10,Cash,Cancelled
O001814,C01830,P0326,08-01-2024,2,20,Upi,Delivered
O001815,C01607,P0145,25-11-2024,1,10,Upi,Cancelled
O001816,C00519,P0449,24-09-2024,2,0,Upi,Delivered
O001817,C01974,P0324,17-01-2025,0,20,Upi,Shipped
O001818,C00045,P0216,12-05-2024,3,0,Cash,Delivered
O001819,C01972,P0458,29-08-2024,1,20,Upi,Delivered
O001820,C01476,P0396,07-08-2025,4,20,Cash,Shipped
O001821,C01081,P0393,30-09-2024,2,20,Cash,Returned
O001822,C01576,P0055,19-06-2025,1,0,Cash,Returned
O001823,C00572,P0343,27-09-2025,3,10,Upi,Delivered
O001824,C00380,P0225,26-05-2024,1,20,Upi,Delivered
O001825,C01880,P0187,06-08-2025,0,0,Card,Cancelled
O001826,C00169,P0215,05-02-2025,2,10,Card,Shipped
O001827,C01794,P0307,21-02-2024,2,0,Cash,Returned
O001828,C00366,P0497,18-10-2025,3,20,Cash,Cancelled
O001829,C01275,P0085,28-03-2024,3,10,Cash,Delivered
O001830,C01143,P0459,25-11-2024,1,20,Cash,Returned
O001831,C01365,P0085,28-02-2024,4,20,Card,Returned
O001832,C01519,P0046,16-11-2024,0,0,Cash,Delivered
O001833,C00765,P0134,09-01-2024,2,20,Card,Cancelled
O001834,C00310,P0079,01-01-2024,1,20,Cash,Delivered
O001835,C00266,P0107,22-03-2024,3,110,Cash,Delivered
O001836,C01361,P0239,10-07-2025,4,15,Upi,Delivered
O001837,C01786,P0481,28-03-2025,4,20,Card,Returned
O001838,C00069,P0476,14-11-2024,0,0,Cash,Delivered
O001839,C00853,P0335,24-12-2024,4,15,Upi,Returned
O001840,C00439,P0238,18-08-2025,2,110,Card,Delivered
O001841,C01534,P0227,19-03-2024,2,10,Upi,Shipped
O001842,C01594,P0352,25-12-2024,4,20,Upi,Delivered
O001843,C00668,P0038,08-04-2024,2,20,Upi,Shipped
O001844,C00844,P0328,26-07-2025,2,10,Upi,Cancelled
O001845,C01206,P0016,18-08-2025,0,10,Card,Delivered
O001846,C00842,P0340,15-01-2025,1,0,Card,Delivered
O001847,C01086,P0436,19-11-2024,2,110,Cash,Returned
O001848,C01768,P0197,09-06-2025,2,0,Upi,Delivered
O001849,C01785,P0146,27-10-2024,4,110,Upi,Cancelled
O001850,C00870,P0473,06-05-2024,1,10,Cash,Delivered
O001851,C00964,P0406,10-09-2025,4,15,Upi,Returned
O001852,C01120,P0499,30-05-2025,4,110,Cash,Delivered
O001853,C00803,P0464,06-07-2025,3,10,Upi,Delivered
O001854,C01063,P0275,09-01-2024,4,15,Cash,Delivered
O001855,C00246,P0064,06-04-2024,2,110,Upi,Delivered
O001856,C01990,P0043,16-07-2024,4,10,Upi,Delivered
O001857,C01634,P0378,23-06-2025,1,20,Cash,Cancelled
O001858,C00441,P0290,01-12-2025,4,20,Upi,Returned
O001859,C01971,P0059,16-04-2025,2,10,Upi,Delivered
O001860,C01351,P0184,06-10-2025,3,20,Card,Returned
O001861,C01407,P0049,05-09-2025,2,20,Cash,Shipped
O001862,C01146,P0324,22-03-2025,1,110,Upi,Cancelled
O001863,C00507,P0396,24-11-2025,1,10,Upi,Delivered
O001864,C01745,P0130,04-08-2025,4,20,Cash,Delivered
O001865,C01886,P0300,26-11-2025,3,0,Upi,Delivered
O001866,C00063,P0135,31-08-2024,3,20,Card,Delivered
O001867,C00480,P0343,01-07-2024,4,20,Upi,Delivered
O001868,C01838,P0418,27-04-2025,4,20,Upi,Delivered
O001869,C01866,P0146,05-06-2025,1,0,Card,Shipped
O001870,C00456,P0418,03-07-2025,2,10,Upi,Delivered
O001871,C01004,P0063,10-02-2024,2,0,Upi,Delivered
O001872,C00244,P0197,18-07-2024,2,0,Upi,Returned
O001873,C00431,P0466,01-09-2024,1,0,Card,Shipped
O001874,C00898,P0129,27-04-2024,4,15,Card,Delivered
O001875,C00028,P0149,13-11-2024,2,10,Upi,Returned
O001876,C01435,P0085,31-03-2024,0,0,Card,Shipped
O001877,C00223,P0374,28-11-2025,2,0,Cash,Delivered
O001878,C01459,P0180,04-03-2025,1,0,Upi,Delivered
O001879,C00870,P0061,22-07-2024,1,110,Upi,Returned
O001880,C01274,P0007,13-10-2024,2,10,Card,Returned
O001881,C01876,P0050,22-08-2025,4,15,Card,Returned
O001882,C01617,P0294,20-12-2024,2,0,Card,Shipped
O001883,C01288,P0364,28-05-2024,3,0,Upi,Delivered
O001884,C00305,P0453,16-03-2024,0,10,Upi,Delivered
O001885,C01703,P0145,28-01-2024,3,110,Card,Shipped
O001886,C01222,P0262,05-08-2024,0,0,Cash,Cancelled
O001887,C00501,P0007,12-01-2025,4,110,Card,Cancelled
O001888,C01376,P0052,20-03-2025,1,20,Upi,Cancelled
O001889,C00663,P0459,02-05-2024,1,0,Cash,Returned
O001890,C00369,P0204,23-11-2024,3,20,Upi,Delivered
O001891,C00272,P0215,13-10-2025,3,0,Upi,Delivered
O001892,C00209,P0469,28-04-2024,3,110,Cash,Shipped
O001893,C01183,P0404,15-08-2025,2,20,Upi,Delivered
O001894,C01630,P0496,03-10-2024,0,0,Cash,Delivered
O001895,C01008,P0172,08-09-2024,2,0,Card,Shipped
O001896,C00666,P0053,25-04-2025,1,20,Card,Delivered
O001897,C01967,P0416,17-03-2024,0,10,Cash,Returned
O001898,C00235,P0482,02-04-2025,2,20,Upi,Shipped
O001899,C00182,P0492,26-01-2024,2,20,Upi,Returned
O001900,C00696,P0419,27-03-2025,1,0,Card,Cancelled
O001901,C01190,P0276,15-10-2025,2,20,Cash,Returned
O001902,C01606,P0294,25-11-2025,1,0,Card,Returned
O001903,C00745,P0123,06-03-2024,0,20,Cash,Cancelled
O001904,C00340,P0195,04-07-2025,1,0,Upi,Delivered
O001905,C01511,P0383,12-05-2024,0,10,Cash,Cancelled
O001906,C01355,P0054,31-01-2025,2,0,Upi,Delivered
O001907,C01411,P0098,09-04-2024,3,10,Cash,Shipped
O001908,C00479,P0032,19-07-2024,1,20,Upi,Returned
O001909,C00464,P0495,10-10-2024,0,0,Card,Delivered
O001910,C01850,P0128,15-05-2024,2,10,Card,Delivered
O001911,C01478,P0133,23-04-2024,3,20,Card,Returned
O001912,C00008,P0386,23-04-2024,3,0,Card,Shipped
O001913,C01930,P0326,02-02-2025,0,0,Upi,Delivered
O001914,C00935,P0309,10-05-2025,4,20,Card,Delivered
O001915,C01119,P0457,30-11-2024,2,10,Cash,Delivered
O001916,C01720,P0335,10-08-2025,0,0,Cash,Returned
O001917,C01673,P0485,03-07-2025,2,10,Card,Delivered
O001918,C01702,P0429,17-01-2025,3,110,Cash,Delivered
O001919,C00555,P0435,23-08-2024,2,0,Upi,Returned
O001920,C00173,P0393,05-10-2024,3,0,Cash,Shipped
O001921,C00907,P0305,19-11-2025,1,20,Upi,Returned
O001922,C01367,P0346,18-02-2024,2,0,Upi,Delivered
O001923,C01794,P0414,10-10-2025,1,110,Upi,Returned
O001924,C00882,P0027,29-07-2024,2,110,Cash,Delivered
O001925,C00206,P0099,13-03-2024,2,0,Cash,Shipped
O001926,C01122,P0352,13-02-2025,2,0,Cash,Returned
O001927,C00023,P0286,15-01-2025,2,0,Card,Delivered
O001928,C00518,P0015,18-03-2024,1,10,Upi,Cancelled
O001929,C01934,P0280,19-01-2024,3,10,Cash,Delivered
O001930,C00337,P0005,15-12-2024,2,110,Upi,Returned
O001931,C00063,P0279,10-06-2025,1,10,Card,Delivered
O001932,C00383,P0057,28-12-2024,2,20,Cash,Shipped
O001933,C00970,P0280,25-01-2025,2,20,Upi,Delivered
O001934,C01946,P0296,11-05-2025,0,20,Upi,Cancelled
O001935,C00274,P0189,23-06-2025,4,110,Card,Returned
O001936,C01580,P0092,10-10-2024,2,0,Cash,Delivered
O001937,C01562,P0063,24-07-2025,2,10,Card,Delivered
O001938,C00536,P0050,09-07-2024,2,0,Cash,Delivered
O001939,C00352,P9999,19-02-2024,3,20,Cash,Cancelled
O001940,C01163,P0251,14-05-2024,4,15,Upi,Returned
O001941,C00429,P0216,15-08-2025,1,110,Upi,Shipped
O001942,C00905,P0152,08-12-2024,2,20,Upi,Returned
O001943,C01947,P0093,21-06-2024,2,0,Upi,Returned
O001944,C01661,P0295,16-02-2024,4,15,Upi,Cancelled
O001945,C01338,P0233,26-01-2024,0,0,Upi,Shipped
O001946,C00215,P0218,07-03-2025,2,0,Upi,Shipped
O001947,C01676,P0082,28-08-2024,3,0,Upi,Cancelled
O001948,C01249,P0270,22-02-2025,1,110,Card,Delivered
O001949,C01537,P0001,07-06-2025,1,110,Upi,Delivered
O001950,C00306,P0287,11-12-2024,2,0,Cash,Returned
O001951,C00647,P0256,14-05-2024,4,10,Card,Delivered
O001952,C00965,P0032,06-10-2024,1,20,Upi,Delivered
O001953,C01120,P0310,15-03-2025,0,20,Upi,Delivered
O001954,C00073,P0074,04-11-2025,4,10,Upi,Delivered
O001955,C01234,P0186,26-01-2024,1,0,Upi,Shipped
O001956,C00991,P0072,22-05-2025,2,20,Upi,Delivered
O001957,C01371,P0017,08-10-2024,0,10,Upi,Delivered
O001958,C01043,P0477,14-07-2024,2,0,Cash,Cancelled
O001959,C00719,P0264,29-02-2024,2,10,Upi,Shipped
O001960,C01982,P0465,19-08-2024,4,20,Card,Delivered
O001961,C01481,P0084,25-03-2025,2,0,Card,Cancelled
O001962,C01255,P0044,29-12-2024,1,10,Cash,Shipped
O001963,C01821,P0103,07-07-2025,2,10,Cash,Returned
O001964,C00526,P0459,17-09-2025,2,20,Upi,Delivered
O001965,C01850,P0195,03-11-2024,1,20,Card,Shipped
O001966,C01346,P0085,30-07-2025,0,10,Upi,Returned
O001967,C00480,P0031,24-10-2025,0,20,Upi,Cancelled
O001968,C01383,P0438,07-09-2025,2,20,Upi,Returned
O001969,C00390,P0407,07-02-2025,2,0,Upi,Shipped
O001970,C00047,P0178,17-06-2024,2,10,Upi,Returned
O001971,C01501,P0398,11-03-2025,2,0,Card,Delivered
O001972,C00074,P0385,13-12-2024,2,20,Upi,Delivered
O001973,C01841,P0199,02-08-2025,4,20,Upi,Shipped
O001974,C00110,P0418,19-07-2025,0,20,Upi,Returned
O001975,C01126,P0303,13-07-2024,0,0,Card,Delivered
O001976,C00697,P0015,21-08-2025,4,15,Upi,Cancelled
O001977,C00283,P0473,22-10-2025,2,20,Upi,Delivered
O001978,C00929,P0112,20-01-2025,2,0,Upi,Returned
O001979,C01606,P0304,08-01-2024,2,10,Cash,Cancelled
O001980,C00506,P0366,06-04-2024,2,0,Cash,Delivered
O001981,C01572,P0453,05-02-2024,2,110,Cash,Delivered
O001982,C01570,P0485,19-07-2025,2,0,Card,Shipped
O001983,C01996,P0290,20-05-2024,1,10,Upi,Shipped
O001984,C01575,P0019,13-04-2025,0,0,Card,Delivered
O001985,C00731,P0079,20-08-2025,1,0,Card,Cancelled
O001986,C01516,P0058,19-05-2025,0,20,Upi,Shipped
O001987,C01184,P0113,25-11-2025,3,10,Upi,Cancelled
O001988,C00422,P0484,21-04-2025,0,10,Cash,Shipped
O001989,C01932,P0047,19-06-2025,4,15,Upi,Delivered
O001990,C01775,P0178,07-03-2024,4,15,Card,Shipped
O001991,C00287,P0169,11-04-2024,4,110,Upi,Delivered
O001992,C00688,P0019,09-12-2024,3,10,Upi,Cancelled
O001993,C01516,P0298,23-07-2025,4,20,Upi,Cancelled
O001994,C01135,P0302,25-02-2025,1,20,Card,Delivered
O001995,C00759,P0085,06-09-2025,4,10,Upi,Shipped
O001996,C00957,P0293,29-06-2024,0,0,Cash,Delivered
O001997,C00229,P0139,25-05-2025,4,15,Card,Returned
O001998,C99999,P0266,06-06-2025,1,10,Cash,Shipped
O001999,C01393,P0454,02-05-2024,1,20,Card,Shipped
O002000,C00561,P0112,22-02-2024,0,20,Upi,Cancelled
O002001,C00799,P0458,13-06-2024,4,15,Cash,Delivered
O002002,C01195,P0373,11-09-2024,0,0,Cash,Cancelled
O002003,C00349,P0078,14-06-2024,4,10,Cash,Delivered
O002004,C01441,P0450,18-11-2024,0,10,Cash,Cancelled
O002005,C01778,P0303,09-12-2024,1,20,Card,Delivered
O002006,C01656,P0023,15-08-2024,1,0,Upi,Cancelled
O002007,C01578,P0229,28-05-2024,2,0,Card,Delivered
O002008,C01191,P0029,28-07-2024,0,10,Upi,Cancelled
O002009,C00257,P0136,29-09-2024,4,15,Card,Delivered
O002010,C00655,P0096,12-12-2024,4,20,Cash,Returned
O002011,C01152,P0492,19-11-2025,2,20,Cash,Shipped
O002012,C01839,P0098,17-05-2025,0,10,Upi,Delivered
O002013,C00376,P0263,26-05-2025,2,0,Upi,Delivered
O002014,C00957,P0285,19-06-2024,4,15,Upi,Returned
O002015,C01874,P0325,19-11-2024,2,10,Card,Shipped
O002016,C00916,P0199,08-03-2025,0,20,Upi,Returned
O002017,C01285,P0043,15-05-2024,4,20,Upi,Shipped
O002018,C01085,P0333,06-10-2025,1,0,Cash,Returned
O002019,C00548,P0180,03-08-2024,3,10,Upi,Cancelled
O002020,C00670,P0368,11-03-2024,1,20,Upi,Delivered
O002021,C00150,P0458,29-04-2025,0,0,Card,Delivered
O002022,C01398,P0465,29-09-2024,4,20,Card,Delivered
O002023,C00198,P0459,26-05-2024,4,15,Cash,Shipped
O002024,C01253,P0068,11-07-2025,0,20,Cash,Returned
O002025,C01824,P0275,04-09-2024,0,0,Upi,Cancelled
O002026,C01724,P0180,15-08-2025,1,10,Upi,Shipped
O002027,C00437,P0153,17-10-2025,2,10,Cash,Shipped
O002028,C01913,P0468,01-08-2025,0,0,Upi,Delivered
O002029,C00988,P0040,11-09-2024,2,20,Upi,Delivered
O002030,C01311,P0295,10-11-2025,2,0,Card,Returned
O002031,C01856,P0051,15-08-2024,1,0,Upi,Shipped
O002032,C01858,P0240,17-08-2025,0,20,Card,Shipped
O002033,C00450,P0334,21-06-2025,1,10,Card,Delivered
O002034,C01957,P0017,20-02-2025,3,10,Cash,Returned
O002035,C01185,P0122,12-08-2024,4,110,Cash,Cancelled
O002036,C01781,P0433,01-07-2024,3,0,Card,Shipped
O002037,C00053,P0155,04-02-2025,0,0,Cash,Cancelled
O002038,C01375,P0106,09-01-2025,3,0,Upi,Delivered
O002039,C01033,P0202,17-10-2025,2,20,Card,Shipped
O002040,C00799,P0491,29-10-2024,2,20,Card,Returned
O002041,C00231,P0319,12-04-2024,0,20,Upi,Delivered
O002042,C00670,P0470,02-04-2024,1,20,Card,Delivered
O002043,C01855,P0022,30-11-2024,0,110,Card,Delivered
O002044,C01205,P0416,19-05-2025,2,0,Card,Returned
O002045,C00678,P0150,26-09-2024,2,20,Upi,Shipped
O002046,C01218,P0123,15-08-2025,4,15,Card,Delivered
O002047,C01114,P0419,08-09-2025,2,0,Cash,Returned
O002048,C00407,P0235,11-07-2024,2,0,Upi,Delivered
O002049,C01865,P0254,14-05-2024,0,10,Upi,Returned
O002050,C01269,P0372,20-11-2024,2,110,Upi,Delivered
O002051,C00939,P0310,05-01-2024,3,0,Upi,Delivered
O002052,C00821,P0296,22-10-2024,2,110,Upi,Returned
O002053,C01244,P0222,10-01-2024,4,20,Card,Delivered
O002054,C01583,P0165,03-01-2024,1,0,Cash,Shipped
O002055,C00500,P0026,10-04-2024,3,10,Card,Shipped
O002056,C01521,P0120,09-04-2024,3,10,Upi,Shipped
O002057,C01388,P0374,24-02-2024,2,10,Card,Returned
O002058,C01868,P0296,28-05-2024,3,0,Cash,Cancelled
O002059,C00853,P0492,06-05-2025,1,0,Cash,Returned
O002060,C01740,P0477,25-08-2025,2,0,Cash,Returned
O002061,C01969,P0076,11-03-2024,2,10,Cash,Delivered
O002062,C00943,P0074,19-07-2025,4,15,Card,Cancelled
O002063,C01185,P0161,30-07-2024,4,20,Cash,Delivered
O002064,C01087,P0238,06-08-2025,0,10,Upi,Shipped
O002065,C01065,P0364,07-10-2024,1,0,Upi,Cancelled
O002066,C01060,P0437,03-02-2024,4,15,Card,Delivered
O002067,C00883,P0369,02-03-2025,1,0,Upi,Cancelled
O002068,C01895,P0061,15-12-2024,2,0,Upi,Delivered
O002069,C01340,P0339,08-05-2024,3,110,Cash,Shipped
O002070,C00815,P0147,22-07-2025,3,10,Cash,Delivered
O002071,C00784,P0423,17-09-2025,2,0,Cash,Delivered
O002072,C01083,P0166,27-10-2024,2,10,Card,Cancelled
O002073,C01531,P0323,21-11-2025,2,0,Card,Delivered
O002074,C00559,P0239,20-12-2024,0,110,Upi,Delivered
O002075,C01128,P0425,19-01-2025,4,20,Card,Cancelled
O002076,C00375,P0236,30-04-2025,2,0,Upi,Returned
O002077,C00094,P0183,23-01-2024,2,110,Cash,Returned
O002078,C01501,P0380,22-04-2025,4,15,Upi,Returned
O002079,C00094,P0163,26-06-2025,2,10,Cash,Delivered
O002080,C00222,P0148,26-05-2024,2,0,Cash,Delivered
O002081,C00087,P0249,14-04-2025,2,10,Upi,Delivered
O002082,C00085,P0166,09-05-2025,2,0,Cash,Delivered
O002083,C01829,P0057,24-09-2025,2,20,Upi,Returned
O002084,C01524,P0361,30-04-2024,1,10,Upi,Delivered
O002085,C00259,P0481,04-02-2024,3,0,Upi,Shipped
O002086,C00373,P0249,28-05-2025,1,20,Upi,Delivered
O002087,C01116,P0373,09-09-2024,2,110,Cash,Cancelled
O002088,C01591,P0437,26-03-2024,2,10,Cash,Delivered
O002089,C00144,P0270,23-04-2025,0,110,Upi,Returned
O002090,C01435,P0303,02-07-2024,1,20,Upi,Delivered
O002091,C00986,P0056,07-03-2025,0,0,Upi,Cancelled
O002092,C00813,P0324,27-03-2024,2,10,Upi,Returned
O002093,C00678,P0265,13-09-2025,2,20,Upi,Cancelled
O002094,C01088,P0452,04-11-2025,1,0,Upi,Shipped
O002095,C01193,P0045,16-09-2025,1,10,Upi,Returned
O002096,C01568,P0290,27-04-2025,3,10,Upi,Delivered
O002097,C01915,P0303,02-08-2025,0,0,Upi,Cancelled
O002098,C01546,P0023,09-06-2024,1,20,Upi,Delivered
O002099,C00828,P0400,22-11-2024,1,0,Cash,Cancelled
O002100,C00192,P0422,21-02-2025,1,0,Upi,Delivered
O002101,C00583,P0475,06-11-2024,1,110,Upi,Shipped
O002102,C01182,P0362,08-07-2025,1,10,Upi,Delivered
O002103,C00220,P0192,28-09-2024,2,20,Card,Cancelled
O002104,C01245,P0367,03-12-2024,1,10,Cash,Returned
O002105,C01753,P0022,09-07-2024,2,0,Card,Cancelled
O002106,C00873,P0095,25-12-2024,2,10,Cash,Returned
O002107,C00499,P0477,19-03-2024,1,110,Upi,Cancelled
O002108,C00250,P0329,05-02-2025,1,0,Card,Returned
O002109,C00816,P0080,14-06-2024,0,0,Upi,Delivered
O002110,C01906,P0481,30-11-2024,1,0,Upi,Delivered
O002111,C01675,P0379,12-01-2025,2,20,Card,Delivered
O002112,C01522,P0159,07-09-2025,1,110,Upi,Cancelled
O002113,C01244,P0252,16-04-2024,2,10,Upi,Shipped
O002114,C00125,P0147,03-02-2024,2,10,Upi,Delivered
O002115,C01082,P0306,10-11-2024,0,0,Upi,Delivered
O002116,C01679,P0202,02-11-2024,1,20,Cash,Shipped
O002117,C01709,P0042,02-09-2024,2,110,Upi,Cancelled
O002118,C00368,P0125,04-07-2025,2,20,Cash,Cancelled
O002119,C01894,P0037,01-10-2025,2,20,Upi,Delivered
O002120,C01511,P0398,21-11-2024,2,0,Upi,Delivered
O002121,C01639,P0457,06-06-2025,2,20,Upi,Delivered
O002122,C01146,P0276,01-08-2025,0,10,Cash,Shipped
O002123,C00882,P0109,10-11-2024,4,10,Cash,Delivered
O002124,C00765,P0449,28-01-2025,1,10,Upi,Delivered
O002125,C00815,P0428,26-02-2025,3,110,Upi,Delivered
O002126,C00976,P0273,27-06-2025,2,20,Upi,Returned
O002127,C01306,P0332,10-08-2024,2,20,Card,Delivered
O002128,C00475,P0400,20-07-2024,0,10,Card,Delivered
O002129,C01145,P0337,07-02-2024,0,0,Card,Shipped
O002130,C00917,P0313,05-02-2025,2,20,Upi,Returned
O002131,C01182,P0484,06-11-2025,2,10,Card,Cancelled
O002132,C00899,P0363,29-12-2024,3,0,Card,Shipped
O002133,C01326,P0004,02-08-2025,1,20,Upi,Returned
O002134,C01047,P0396,30-07-2024,0,110,Cash,Cancelled
O002135,C00410,P0327,12-02-2025,2,0,Cash,Delivered
O002136,C01680,P0300,30-10-2025,2,20,Upi,Delivered
O002137,C00254,P0365,23-10-2024,4,15,Cash,Returned
O002138,C00105,P0266,10-08-2025,4,15,Card,Delivered
O002139,C00654,P0190,14-10-2025,2,10,Cash,Shipped
O002140,C00425,P0377,09-01-2025,0,0,Upi,Delivered
O002141,C01640,P0175,17-08-2025,4,15,Upi,Cancelled
O002142,C00609,P0297,28-10-2025,0,0,Upi,Shipped
O002143,C01307,P0366,28-04-2024,4,15,Upi,Delivered
O002144,C00582,P0489,17-03-2024,0,0,Card,Delivered
O002145,C00331,P0180,17-02-2025,1,0,Upi,Delivered
O002146,C01665,P0131,24-06-2024,1,0,Cash,Delivered
O002147,C00961,P0149,24-05-2025,2,20,Card,Delivered
O002148,C01777,P0089,04-06-2025,2,10,Cash,Delivered
O002149,C01199,P0263,06-05-2025,4,15,Upi,Returned
O002150,C00380,P0052,12-07-2024,0,20,Upi,Cancelled
O002151,C01391,P0229,17-01-2025,0,10,Upi,Delivered
O002152,C00385,P0146,07-11-2025,3,110,Cash,Cancelled
O002153,C01586,P0037,12-11-2025,4,15,Card,Cancelled
O002154,C01432,P0385,27-04-2025,0,10,Upi,Delivered
O002155,C00411,P0495,03-09-2024,2,10,Card,Delivered
O002156,C00551,P0067,10-02-2025,3,10,Upi,Delivered
O002157,C01557,P0445,16-05-2024,4,15,Upi,Cancelled
O002158,C00490,P0191,26-01-2025,4,20,Card,Delivered
O002159,C01398,P0376,01-06-2024,1,0,Card,Shipped
O002160,C00123,P0191,07-11-2024,2,0,Card,Cancelled
O002161,C00395,P0024,17-10-2025,2,0,Card,Delivered
O002162,C01662,P0074,27-05-2024,3,0,Upi,Cancelled
O002163,C01059,P0339,27-08-2025,0,0,Card,Delivered
O002164,C00793,P0459,09-03-2025,0,10,Upi,Returned
O002165,C00081,P0229,31-05-2025,0,0,Upi,Delivered
O002166,C01082,P0322,15-04-2024,0,20,Card,Delivered
O002167,C00007,P0025,26-06-2025,4,20,Cash,Delivered
O002168,C01684,P0243,01-06-2025,2,0,Upi,Shipped
O002169,C00481,P0174,12-11-2025,1,10,Card,Delivered
O002170,C00599,P0130,24-01-2024,1,20,Card,Returned
O002171,C00811,P0409,04-08-2025,0,10,Upi,Returned
O002172,C01524,P0325,25-12-2024,3,20,Upi,Returned
O002173,C00106,P0448,18-09-2025,3,10,Upi,Delivered
O002174,C01198,P0373,26-11-2025,3,20,Upi,Delivered
O002175,C00787,P0460,20-04-2025,2,10,Cash,Delivered
O002176,C01301,P0007,16-05-2024,0,20,Cash,Returned
O002177,C00601,P0415,03-10-2024,4,15,Upi,Returned
O002178,C01252,P0017,14-09-2024,0,0,Upi,Delivered
O002179,C00132,P0029,26-03-2024,2,10,Upi,Delivered
O002180,C00198,P0095,15-11-2024,1,10,Cash,Delivered
O002181,C01561,P0244,20-07-2024,2,10,Upi,Delivered
O002182,C00471,P0176,13-10-2025,2,0,Cash,Shipped
O002183,C01006,P0008,09-10-2024,1,20,Upi,Delivered
O002184,C01237,P0006,09-06-2025,4,10,Cash,Returned
O002185,C01426,P0069,26-06-2025,2,0,Card,Returned
O002186,C00031,P0371,09-09-2025,1,0,Cash,Cancelled
O002187,C01848,P0199,03-01-2025,1,10,Upi,Cancelled
O002188,C01567,P0074,20-04-2025,4,20,Card,Delivered
O002189,C01996,P0046,30-05-2024,1,0,Upi,Returned
O002190,C01019,P0308,21-01-2024,2,0,Upi,Delivered
O002191,C01218,P0257,16-02-2025,3,10,Cash,Delivered
O002192,C01818,P0028,20-07-2025,1,110,Card,Returned
O002193,C00528,P0386,14-06-2025,3,10,Upi,Shipped
O002194,C00761,P0359,17-07-2025,0,0,Upi,Delivered
O002195,C01206,P0368,14-04-2024,1,110,Upi,Delivered
O002196,C01160,P0168,09-04-2025,2,0,Upi,Delivered
O002197,C01931,P0246,23-12-2024,1,0,Upi,Shipped
O002198,C01026,P0106,16-11-2025,0,20,Cash,Returned
O002199,C00484,P0220,28-08-2024,1,10,Upi,Shipped
O002200,C01403,P0250,30-07-2025,0,0,Upi,Returned
O002201,C00756,P0209,15-03-2025,1,0,Upi,Delivered
O002202,C00622,P0109,04-06-2025,3,10,Upi,Cancelled
O002203,C00318,P0398,05-03-2024,0,0,Upi,Returned
O002204,C00791,P0436,17-05-2025,2,0,Upi,Delivered
O002205,C01973,P0257,10-08-2025,1,20,Card,Delivered
O002206,C01203,P0203,10-07-2025,2,0,Card,Shipped
O002207,C00557,P0137,26-05-2025,2,0,Card,Delivered
O002208,C01671,P0086,11-08-2024,2,20,Cash,Cancelled
O002209,C01961,P0409,13-02-2025,4,10,Cash,Returned
O002210,C01834,P0430,29-10-2025,0,0,Upi,Cancelled
O002211,C01801,P0030,13-08-2024,2,10,Upi,Delivered
O002212,C01209,P0104,25-10-2025,4,15,Upi,Delivered
O002213,C01966,P0240,25-10-2025,1,10,Upi,Returned
O002214,C00692,P0444,21-04-2024,1,10,Card,Delivered
O002215,C01527,P0493,08-05-2024,2,20,Upi,Returned
O002216,C00821,P9999,18-09-2024,4,20,Upi,Delivered
O002217,C00995,P0019,24-10-2024,2,0,Cash,Delivered
O002218,C01665,P0056,26-05-2024,1,110,Upi,Returned
O002219,C00362,P0222,10-11-2025,4,110,Cash,Delivered
O002220,C00636,P0421,05-06-2024,4,20,Upi,Returned
O002221,C01251,P0074,25-12-2024,2,0,Upi,Shipped
O002222,C01488,P0112,11-09-2024,4,15,Upi,Returned
O002223,C01908,P0168,09-03-2025,4,20,Upi,Cancelled
O002224,C01911,P0014,10-03-2024,0,10,Cash,Cancelled
O002225,C01541,P0270,21-07-2025,4,15,Upi,Shipped
O002226,C00423,P0256,19-02-2025,2,10,Upi,Delivered
O002227,C00412,P0199,24-01-2024,2,0,Upi,Cancelled
O002228,C01566,P0492,12-01-2024,3,110,Upi,Returned
O002229,C01013,P0400,11-10-2024,1,110,Cash,Returned
O002230,C01256,P0175,19-03-2024,0,0,Card,Delivered
O002231,C00780,P0213,16-09-2024,2,0,Upi,Delivered
O002232,C01222,P0151,10-05-2024,2,0,Cash,Returned
O002233,C00063,P0117,11-12-2024,2,20,Upi,Delivered
O002234,C01794,P0416,20-10-2024,2,20,Upi,Returned
O002235,C01237,P0457,18-04-2025,0,20,Upi,Delivered
O002236,C01546,P0205,04-10-2025,2,10,Upi,Delivered
O002237,C01861,P0264,13-10-2024,1,0,Card,Shipped
O002238,C01507,P0271,29-06-2025,2,0,Card,Shipped
O002239,C01693,P0476,28-09-2024,3,0,Upi,Cancelled
O002240,C00058,P0495,01-12-2025,2,10,Upi,Returned
O002241,C01888,P0231,17-01-2025,0,0,Cash,Shipped
O002242,C00669,P0455,03-04-2025,3,110,Upi,Delivered
O002243,C01146,P0355,24-10-2024,3,0,Card,Delivered
O002244,C00621,P0298,11-01-2024,4,20,Cash,Shipped
O002245,C01698,P0397,20-03-2025,4,10,Card,Shipped
O002246,C00800,P0439,24-03-2025,4,15,Card,Delivered
O002247,C01033,P0056,07-04-2024,1,0,Upi,Cancelled
O002248,C01490,P0265,09-11-2025,2,0,Upi,Returned
O002249,C00676,P0143,07-07-2025,2,10,Upi,Cancelled
O002250,C00488,P0443,01-03-2025,0,10,Card,Shipped
O002251,C00905,P0147,04-07-2024,1,0,Upi,Delivered
O002252,C00229,P0117,11-10-2025,2,0,Upi,Shipped
O002253,C00897,P0246,02-01-2025,4,10,Card,Returned
O002254,C01869,P0162,19-08-2025,4,20,Upi,Delivered
O002255,C00360,P0207,07-09-2024,3,110,Card,Returned
O002256,C00709,P0077,17-09-2025,3,0,Upi,Returned
O002257,C00410,P0225,25-01-2024,1,0,Upi,Cancelled
O002258,C00111,P0152,21-10-2025,2,0,Card,Delivered
O002259,C01072,P0036,28-10-2025,3,10,Card,Delivered
O002260,C01721,P0225,29-04-2025,4,20,Card,Delivered
O002261,C00489,P0248,09-01-2025,0,10,Upi,Shipped
O002262,C01997,P0287,29-11-2025,1,0,Card,Delivered
O002263,C01277,P0064,17-01-2025,3,0,Card,Delivered
O002264,C00787,P0383,12-03-2024,4,15,Card,Delivered
O002265,C01294,P0132,14-09-2024,3,0,Upi,Delivered
O002266,C01343,P0088,19-08-2024,2,110,Upi,Cancelled
O002267,C00700,P0004,14-03-2024,3,0,Upi,Returned
O002268,C00872,P0303,17-07-2024,2,10,Upi,Returned
O002269,C01059,P0139,02-05-2024,0,10,Card,Returned
O002270,C00549,P0259,28-10-2025,2,0,Cash,Delivered
O002271,C00767,P0353,13-08-2024,0,10,Card,Cancelled
O002272,C00612,P0206,23-02-2025,4,10,Upi,Cancelled
O002273,C01846,P0118,13-03-2025,0,0,Cash,Delivered
O002274,C01697,P0245,26-10-2025,1,0,Upi,Cancelled
O002275,C01315,P0184,15-07-2025,0,0,Upi,Delivered
O002276,C01750,P0169,13-05-2025,4,10,Cash,Delivered
O002277,C00574,P0131,01-07-2025,1,10,Upi,Returned
O002278,C01668,P0321,16-10-2024,2,20,Upi,Shipped
O002279,C00494,P0476,27-04-2025,0,10,Upi,Cancelled
O002280,C01504,P0305,08-03-2024,1,0,Cash,Cancelled
O002281,C01741,P0195,20-10-2024,0,0,Upi,Cancelled
O002282,C01408,P0439,04-08-2025,2,10,Cash,Returned
O002283,C00043,P0380,29-03-2024,2,110,Upi,Delivered
O002284,C01776,P0154,17-09-2025,2,10,Card,Returned
O002285,C00371,P0165,20-05-2024,0,0,Upi,Shipped
O002286,C00101,P0406,13-03-2024,0,10,Card,Shipped
O002287,C00199,P0388,19-11-2024,2,110,Card,Delivered
O002288,C01739,P0070,23-07-2025,3,20,Upi,Delivered
O002289,C00970,P0320,23-07-2025,2,0,Cash,Delivered
O002290,C00987,P0155,25-03-2024,2,20,Card,Delivered
O002291,C01543,P0048,23-04-2024,2,0,Upi,Cancelled
O002292,C00825,P0347,04-06-2025,3,20,Upi,Returned
O002293,C00227,P0333,07-10-2025,2,20,Upi,Returned
O002294,C01702,P0406,07-02-2025,2,10,Cash,Returned
O002295,C01438,P0072,09-10-2024,3,10,Cash,Returned
O002296,C01053,P0003,06-07-2024,1,20,Upi,Delivered
O002297,C01823,P0093,01-06-2024,0,110,Cash,Delivered
O002298,C01190,P0062,21-09-2024,2,20,Upi,Cancelled
O002299,C01404,P0168,13-09-2024,0,0,Cash,Delivered
O002300,C01965,P0250,22-02-2025,2,10,Upi,Delivered
O002301,C01733,P0325,16-03-2024,1,110,Card,Delivered
O002302,C01644,P0053,16-04-2024,2,110,Upi,Delivered
O002303,C00768,P0497,11-03-2024,4,10,Cash,Shipped
O002304,C00584,P0041,10-11-2024,2,0,Card,Shipped
O002305,C01899,P0353,11-03-2024,0,20,Upi,Cancelled
O002306,C00325,P0499,25-05-2025,0,110,Card,Returned
O002307,C00215,P0295,16-10-2025,2,0,Upi,Returned
O002308,C00618,P0499,04-09-2024,2,0,Cash,Returned
O002309,C00155,P0381,05-09-2024,2,10,Upi,Delivered
O002310,C00302,P0394,10-11-2024,1,20,Card,Delivered
O002311,C00452,P0382,30-09-2025,0,10,Upi,Shipped
O002312,C01739,P0210,10-08-2025,3,0,Upi,Delivered
O002313,C01303,P0384,25-04-2025,4,110,Upi,Shipped
O002314,C00584,P0154,19-12-2024,3,0,Upi,Delivered
O002315,C00963,P0012,15-09-2024,4,10,Cash,Delivered
O002316,C00407,P0046,27-10-2025,0,10,Upi,Cancelled
O002317,C00373,P0175,05-11-2024,3,20,Upi,Delivered
O002318,C00119,P0379,01-02-2025,4,110,Upi,Delivered
O002319,C01845,P0232,07-03-2024,4,15,Card,Returned
O002320,C00581,P0114,02-02-2024,4,15,Card,Delivered
O002321,C00987,P0113,12-01-2025,4,10,Card,Cancelled
O002322,C00290,P0379,13-11-2024,1,10,Upi,Delivered
O002323,C01151,P0325,31-10-2025,3,10,Upi,Shipped
O002324,C00153,P0474,31-05-2024,4,10,Card,Cancelled
O002325,C01634,P0500,21-08-2024,0,20,Card,Delivered
O002326,C00283,P0317,20-11-2024,2,0,Upi,Returned
O002327,C01552,P0394,13-05-2024,4,15,Upi,Delivered
O002328,C00519,P0354,25-01-2025,2,110,Upi,Returned
O002329,C00815,P0047,14-05-2024,4,110,Upi,Returned
O002330,C01696,P0464,03-06-2025,0,20,Upi,Shipped
O002331,C99999,P0198,03-12-2024,4,10,Upi,Delivered
O002332,C01878,P0439,27-09-2025,1,0,Upi,Delivered
O002333,C00653,P0097,30-07-2025,1,10,Upi,Cancelled
O002334,C00362,P0148,10-09-2024,0,0,Upi,Returned
O002335,C00321,P0050,21-06-2024,4,20,Upi,Cancelled
O002336,C01406,P0289,15-03-2025,2,10,Upi,Delivered
O002337,C01459,P0245,17-05-2025,0,20,Cash,Returned
O002338,C00927,P0208,04-03-2025,0,0,Upi,Returned
O002339,C00712,P0303,04-03-2025,3,10,Cash,Returned
O002340,C00194,P0013,29-04-2025,1,0,Cash,Shipped
O002341,C01772,P0019,04-01-2024,1,20,Card,Delivered
O002342,C00064,P0177,24-12-2024,2,10,Card,Cancelled
O002343,C01043,P0241,19-11-2024,3,10,Card,Delivered
O002344,C01940,P0416,05-08-2024,2,110,Upi,Delivered
O002345,C01267,P0320,21-06-2024,3,10,Upi,Delivered
O002346,C01115,P0469,15-03-2024,0,0,Upi,Delivered
O002347,C00022,P0289,27-06-2024,4,10,Cash,Shipped
O002348,C01180,P0301,16-11-2025,3,20,Upi,Returned
O002349,C01063,P0474,09-03-2025,2,20,Upi,Returned
O002350,C00065,P0252,22-09-2025,2,110,Cash,Returned
O002351,C01623,P0425,07-10-2025,2,110,Card,Cancelled
O002352,C01817,P0341,29-04-2024,0,110,Upi,Shipped
O002353,C01035,P0343,24-09-2025,1,0,Card,Cancelled
O002354,C00836,P0307,28-02-2025,0,0,Cash,Delivered
O002355,C01590,P0106,28-12-2024,1,10,Cash,Cancelled
O002356,C01004,P0473,04-10-2025,4,10,Cash,Delivered
O002357,C01275,P0003,30-11-2024,1,0,Card,Delivered
O002358,C00022,P0256,29-08-2024,2,0,Upi,Delivered
O002359,C00074,P0108,17-06-2025,3,110,Cash,Shipped
O002360,C01345,P0023,01-10-2025,4,15,Cash,Delivered
O002361,C01752,P0384,15-06-2025,2,0,Upi,Cancelled
O002362,C01089,P0335,11-06-2024,0,0,Cash,Returned
O002363,C01471,P0343,28-04-2024,2,10,Cash,Returned
O002364,C01243,P0167,13-10-2025,3,10,Card,Cancelled
O002365,C00595,P0032,11-01-2025,1,0,Card,Delivered
O002366,C00671,P0396,26-11-2024,4,15,Cash,Delivered
O002367,C00177,P0269,10-07-2025,2,0,Cash,Delivered
O002368,C01479,P0067,11-06-2025,2,110,Cash,Delivered
O002369,C01905,P0311,06-01-2024,3,10,Upi,Shipped
O002370,C00782,P0266,27-01-2025,2,0,Upi,Returned
O002371,C00345,P0099,09-05-2024,2,10,Cash,Returned
O002372,C01270,P0469,14-02-2025,2,0,Cash,Delivered
O002373,C01463,P0196,14-08-2025,3,0,Card,Shipped
O002374,C00916,P0393,22-06-2025,2,20,Cash,Delivered
O002375,C00099,P0419,23-10-2025,2,10,Upi,Cancelled
O002376,C00237,P0116,29-04-2024,0,0,Upi,Delivered
O002377,C01685,P0176,30-09-2024,1,10,Cash,Cancelled
O002378,C00965,P0200,27-05-2024,2,0,Card,Shipped
O002379,C01409,P0159,18-11-2024,2,20,Upi,Returned
O002380,C00720,P0457,09-01-2025,4,15,Cash,Shipped
O002381,C00716,P0309,20-02-2024,4,10,Card,Returned
O002382,C00154,P0212,18-10-2025,0,10,Cash,Delivered
O002383,C00144,P0418,07-07-2025,0,0,Upi,Delivered
O002384,C00684,P0048,26-03-2025,2,0,Upi,Delivered
O002385,C01069,P0484,19-09-2024,2,0,Card,Returned
O002386,C01016,P0164,15-02-2024,2,10,Upi,Delivered
O002387,C01471,P0223,28-01-2024,0,10,Cash,Returned
O002388,C00349,P0016,07-06-2025,1,20,Card,Delivered
O002389,C01861,P0193,01-09-2024,4,20,Upi,Delivered
O002390,C01359,P0136,16-04-2025,0,0,Cash,Delivered
O002391,C00504,P0257,22-09-2024,4,15,Upi,Cancelled
O002392,C00116,P0187,07-07-2025,4,15,Card,Cancelled
O002393,C00203,P0009,26-01-2025,1,0,Cash,Shipped
O002394,C01137,P0419,07-07-2024,3,20,Card,Delivered
O002395,C01745,P0169,30-09-2025,2,0,Upi,Returned
O002396,C01175,P0107,17-05-2024,1,20,Upi,Shipped
O002397,C01734,P0369,15-07-2024,4,10,Cash,Delivered
O002398,C01199,P0332,15-01-2024,3,0,Upi,Shipped
O002399,C01710,P0205,20-11-2024,0,20,Upi,Shipped
O002400,C01906,P0021,17-09-2025,0,10,Cash,Cancelled
O002401,C00494,P0339,27-06-2025,0,0,Card,Delivered
O002402,C00310,P0049,05-01-2025,2,20,Card,Shipped
O002403,C01322,P0396,25-08-2024,2,20,Upi,Delivered
O002404,C00786,P0017,16-04-2025,3,0,Cash,Cancelled
O002405,C00452,P0031,05-10-2024,1,10,Upi,Cancelled
O002406,C00949,P0264,22-07-2025,4,10,Cash,Cancelled
O002407,C01748,P0052,19-03-2024,1,20,Cash,Delivered
O002408,C01275,P0200,19-12-2024,2,10,Upi,Delivered
O002409,C00311,P0247,29-11-2024,0,20,Upi,Delivered
O002410,C01635,P0154,25-06-2024,0,10,Card,Delivered
O002411,C00603,P0383,29-05-2024,0,0,Card,Delivered
O002412,C00757,P0258,21-12-2024,2,0,Card,Delivered
O002413,C01136,P0122,03-03-2025,1,0,Cash,Delivered
O002414,C00977,P0458,21-05-2024,4,10,Card,Returned
O002415,C00308,P0236,27-05-2025,3,0,Upi,Delivered
O002416,C00218,P0136,27-06-2025,0,0,Card,Delivered
O002417,C01416,P0160,28-03-2025,2,10,Cash,Delivered
O002418,C01642,P0004,15-09-2025,3,0,Card,Delivered
O002419,C01338,P0092,10-04-2025,3,10,Upi,Cancelled
O002420,C01985,P0451,22-01-2025,4,15,Upi,Delivered
O002421,C01010,P0217,09-11-2024,2,0,Upi,Shipped
O002422,C00885,P0333,09-07-2024,3,20,Card,Delivered
O002423,C01888,P0239,02-09-2025,0,10,Upi,Returned
O002424,C01799,P0003,14-01-2024,3,20,Upi,Shipped
O002425,C01973,P0306,03-11-2024,4,20,Cash,Shipped
O002426,C01222,P0279,20-06-2024,4,10,Upi,Returned
O002427,C00715,P0108,16-01-2025,4,15,Card,Delivered
O002428,C00347,P0191,30-04-2025,2,0,Upi,Delivered
O002429,C00021,P0370,25-12-2024,4,20,Card,Delivered
O002430,C00711,P0185,06-01-2024,1,20,Upi,Delivered
O002431,C01492,P0161,30-07-2025,0,0,Cash,Delivered
O002432,C00726,P0419,21-10-2024,2,110,Cash,Delivered
O002433,C00509,P0203,22-07-2024,0,10,Upi,Delivered
O002434,C01341,P0038,28-01-2025,3,10,Card,Returned
O002435,C00756,P0316,05-08-2024,2,0,Upi,Delivered
O002436,C00343,P0113,14-07-2024,4,20,Cash,Delivered
O002437,C00347,P0260,28-09-2024,1,20,Upi,Shipped
O002438,C01028,P0013,02-01-2025,2,10,Upi,Delivered
O002439,C01598,P0415,19-03-2025,0,10,Cash,Shipped
O002440,C01919,P0279,22-09-2024,0,0,Upi,Shipped
O002441,C00541,P0493,17-08-2024,4,15,Upi,Delivered
O002442,C00811,P0387,08-10-2024,1,110,Upi,Returned
O002443,C00381,P0035,05-07-2025,2,10,Upi,Shipped
O002444,C00371,P0349,28-10-2024,4,20,Cash,Shipped
O002445,C00010,P0237,20-01-2025,1,10,Upi,Delivered
O002446,C00793,P0472,10-09-2025,2,10,Cash,Shipped
O002447,C00061,P0148,28-06-2025,2,10,Upi,Shipped
O002448,C01547,P0244,21-08-2024,0,0,Upi,Shipped
O002449,C00936,P0447,13-06-2024,0,0,Upi,Shipped
O002450,C01082,P0488,06-04-2025,0,20,Cash,Shipped
O002451,C00733,P0228,23-04-2025,3,10,Card,Returned
O002452,C00072,P0124,01-12-2025,0,0,Upi,Cancelled
O002453,C00090,P0167,08-02-2024,2,10,Upi,Cancelled
O002454,C01507,P0227,23-04-2024,1,0,Card,Returned
O002455,C01604,P0040,06-07-2024,2,10,Upi,Delivered
O002456,C01770,P0024,05-06-2024,4,110,Upi,Cancelled
O002457,C00970,P0149,03-10-2025,4,15,Card,Shipped
O002458,C00665,P0084,08-09-2025,2,20,Card,Returned
O002459,C01478,P0252,30-03-2025,2,110,Cash,Cancelled
O002460,C00540,P0172,20-10-2024,2,0,Cash,Returned
O002461,C00182,P0008,16-09-2025,2,0,Card,Cancelled
O002462,C01661,P0006,13-01-2025,1,110,Upi,Shipped
O002463,C00719,P0380,22-10-2025,2,20,Cash,Delivered
O002464,C01701,P0463,01-07-2025,0,0,Upi,Cancelled
O002465,C00373,P0437,06-07-2024,2,10,Upi,Delivered
O002466,C01770,P0400,15-10-2025,4,15,Card,Returned
O002467,C00011,P0247,30-06-2025,0,0,Upi,Delivered
O002468,C00547,P0165,02-02-2024,4,20,Upi,Cancelled
O002469,C00344,P0296,14-05-2025,3,0,Card,Returned
O002470,C01924,P0462,03-03-2024,0,10,Upi,Cancelled
O002471,C01976,P0316,25-10-2025,2,0,Upi,Delivered
O002472,C00052,P0439,19-04-2025,2,20,Card,Returned
O002473,C01893,P0275,30-06-2024,4,15,Upi,Shipped
O002474,C00652,P0250,22-08-2024,2,110,Cash,Returned
O002475,C00822,P0211,17-10-2025,2,0,Upi,Delivered
O002476,C00670,P0012,26-10-2025,0,110,Upi,Delivered
O002477,C01472,P0487,16-01-2025,4,15,Upi,Shipped
O002478,C00952,P0260,25-01-2024,4,15,Upi,Returned
O002479,C01290,P0207,30-06-2025,4,15,Upi,Cancelled
O002480,C00753,P0456,13-04-2024,0,10,Upi,Delivered
O002481,C00334,P0118,24-07-2024,3,0,Card,Shipped
O002482,C00327,P0173,20-10-2024,0,0,Upi,Delivered
O002483,C00797,P0117,19-11-2024,3,110,Upi,Returned
O002484,C01928,P0248,05-11-2025,1,20,Upi,Shipped
O002485,C00874,P0281,08-07-2024,2,10,Cash,Delivered
O002486,C01826,P0379,09-07-2024,4,20,Cash,Shipped
O002487,C00732,P0500,10-08-2025,3,0,Cash,Delivered
O002488,C01174,P0067,01-11-2025,3,110,Cash,Cancelled
O002489,C01901,P0157,30-06-2024,4,20,Card,Delivered
O002490,C00719,P0370,18-04-2024,0,10,Cash,Delivered
O002491,C00895,P0069,28-02-2025,1,0,Upi,Delivered
O002492,C01813,P0483,06-04-2025,4,20,Upi,Delivered
O002493,C00634,P9999,06-08-2025,2,0,Upi,Delivered
O002494,C01208,P0278,20-07-2024,4,15,Upi,Delivered
O002495,C01099,P0306,31-03-2024,1,110,Upi,Cancelled
O002496,C00775,P0428,09-03-2025,0,0,Upi,Returned
O002497,C00774,P0422,24-10-2025,3,20,Upi,Delivered
O002498,C01320,P0432,01-05-2024,3,10,Upi,Returned
O002499,C01004,P0121,13-01-2024,0,20,Cash,Returned
O002500,C00742,P0249,07-10-2024,3,20,Upi,Cancelled
O002501,C00235,P0419,20-10-2024,2,20,Upi,Delivered
O002502,C00527,P0084,08-11-2025,4,10,Card,Delivered
O002503,C00417,P0284,05-11-2024,2,0,Upi,Delivered
O002504,C00879,P0387,18-10-2025,2,0,Upi,Cancelled
O002505,C00370,P0446,17-02-2025,2,0,Card,Shipped
O002506,C01487,P0279,02-10-2024,0,10,Upi,Cancelled
O002507,C00604,P0226,24-07-2024,4,10,Upi,Delivered
O002508,C00051,P0447,02-08-2025,4,15,Upi,Delivered
O002509,C01681,P0108,30-06-2024,0,10,Card,Delivered
O002510,C00417,P0493,01-02-2024,4,20,Upi,Cancelled
O002511,C01535,P0320,08-04-2024,4,10,Card,Delivered
O002512,C01832,P0214,06-10-2025,2,0,Cash,Shipped
O002513,C01919,P0324,01-03-2025,2,10,Cash,Shipped
O002514,C01534,P0435,28-08-2024,0,10,Card,Shipped
O002515,C00252,P0083,07-03-2025,3,110,Upi,Shipped
O002516,C00834,P0293,12-04-2024,4,110,Upi,Shipped
O002517,C00999,P0006,12-06-2025,1,20,Upi,Delivered
O002518,C00055,P0208,23-07-2025,2,0,Card,Cancelled
O002519,C00832,P0050,08-08-2024,2,20,Upi,Returned
O002520,C00259,P0172,14-05-2025,2,0,Upi,Delivered
O002521,C00353,P0174,15-04-2024,2,0,Upi,Returned
O002522,C01649,P0288,24-11-2025,4,15,Upi,Cancelled
O002523,C00026,P0485,04-01-2024,0,110,Cash,Cancelled
O002524,C01458,P0387,18-03-2025,4,10,Cash,Returned
O002525,C01059,P0347,01-11-2024,2,110,Card,Delivered
O002526,C01457,P0328,01-12-2024,0,0,Upi,Returned
O002527,C01626,P0161,01-09-2025,0,10,Upi,Delivered
O002528,C01713,P0181,12-07-2025,2,10,Upi,Returned
O002529,C01168,P0382,08-07-2025,4,110,Cash,Shipped
O002530,C01287,P0107,16-07-2024,4,15,Card,Delivered
O002531,C00210,P0283,25-11-2024,1,0,Upi,Delivered
O002532,C00355,P0098,23-08-2024,4,10,Upi,Delivered
O002533,C00915,P0170,30-05-2024,2,20,Card,Delivered
O002534,C00323,P0120,03-10-2024,2,0,Upi,Returned
O002535,C00500,P0101,11-11-2024,4,15,Upi,Delivered
O002536,C01878,P0149,24-05-2025,3,110,Cash,Delivered
O002537,C00358,P0491,29-11-2024,3,0,Cash,Shipped
O002538,C01498,P0002,23-05-2024,3,10,Upi,Returned
O002539,C00211,P0261,16-06-2025,2,20,Upi,Delivered
O002540,C01939,P0196,02-07-2024,2,20,Cash,Returned
O002541,C00817,P0088,27-03-2025,2,10,Upi,Shipped
O002542,C01920,P0129,04-03-2024,2,0,Card,Cancelled
O002543,C00971,P0479,08-01-2025,3,10,Card,Returned
O002544,C01081,P0272,23-05-2025,2,20,Cash,Cancelled
O002545,C01664,P0456,29-02-2024,3,110,Cash,Cancelled
O002546,C01486,P0241,26-06-2024,0,10,Cash,Delivered
O002547,C00446,P0022,03-11-2024,1,0,Cash,Returned
O002548,C01261,P0471,21-02-2025,2,110,Cash,Returned
O002549,C00370,P0252,27-06-2024,2,20,Upi,Shipped
O002550,C01196,P0105,12-07-2024,0,110,Card,Cancelled
O002551,C01755,P0035,26-10-2025,0,20,Cash,Returned
O002552,C01595,P0170,25-09-2025,1,10,Card,Returned
O002553,C00790,P0216,31-05-2025,0,20,Cash,Returned
O002554,C00169,P0249,30-04-2025,3,0,Upi,Cancelled
O002555,C01858,P0347,05-10-2024,2,0,Card,Cancelled
O002556,C00482,P0405,20-10-2024,0,0,Cash,Returned
O002557,C01415,P0306,10-10-2025,3,20,Card,Cancelled
O002558,C00798,P0024,02-10-2025,3,0,Cash,Shipped
O002559,C00718,P0156,02-04-2025,1,0,Card,Returned
O002560,C01023,P0174,25-08-2025,3,0,Card,Delivered
O002561,C00766,P0488,10-04-2025,3,10,Upi,Shipped
O002562,C01144,P0062,27-01-2025,2,20,Upi,Shipped
O002563,C00649,P0433,10-04-2024,1,0,Upi,Returned
O002564,C01820,P0418,05-09-2024,1,0,Upi,Shipped
O002565,C01072,P0354,19-06-2025,4,15,Upi,Delivered
O002566,C00616,P0119,18-06-2024,2,0,Cash,Cancelled
O002567,C00194,P0006,15-04-2025,0,10,Card,Returned
O002568,C01319,P0120,16-04-2024,1,10,Upi,Delivered
O002569,C01010,P0049,24-03-2025,3,110,Card,Shipped
O002570,C01349,P0180,03-12-2024,3,20,Card,Delivered
O002571,C00868,P0095,06-03-2025,0,110,Upi,Delivered
O002572,C01582,P0239,13-08-2024,2,0,Upi,Delivered
O002573,C00613,P0460,22-11-2024,1,110,Cash,Shipped
O002574,C01023,P0214,16-08-2024,1,20,Card,Delivered
O002575,C00708,P0230,22-05-2025,0,20,Upi,Delivered
O002576,C01615,P0405,13-03-2024,2,10,Card,Delivered
O002577,C00870,P0356,21-10-2025,4,110,Upi,Delivered
O002578,C01665,P0349,30-10-2025,4,110,Card,Shipped
O002579,C00688,P0018,08-04-2025,3,20,Cash,Delivered
O002580,C00239,P0045,11-04-2024,3,10,Upi,Returned
O002581,C00960,P0488,12-03-2024,3,20,Cash,Returned
O002582,C01647,P0252,03-03-2024,0,20,Upi,Delivered
O002583,C01981,P0025,21-07-2025,2,20,Card,Delivered
O002584,C01666,P0313,25-12-2024,2,0,Card,Shipped
O002585,C00384,P0110,14-03-2024,0,20,Card,Delivered
O002586,C00330,P0278,04-05-2025,3,10,Cash,Shipped
O002587,C01123,P0355,19-03-2024,1,0,Upi,Delivered
O002588,C00107,P0450,13-10-2024,3,20,Upi,Cancelled
O002589,C00068,P0425,18-10-2024,1,0,Upi,Delivered
O002590,C01878,P0252,04-02-2024,0,20,Upi,Delivered
O002591,C00084,P0099,16-06-2025,4,10,Cash,Delivered
O002592,C01409,P0363,31-10-2025,4,15,Upi,Returned
O002593,C01982,P0451,11-10-2025,0,20,Upi,Delivered
O002594,C00095,P0303,07-06-2024,3,20,Upi,Returned
O002595,C01027,P0489,20-03-2024,0,110,Upi,Shipped
O002596,C01325,P0441,10-08-2025,4,15,Upi,Delivered
O002597,C01988,P0397,14-04-2025,1,20,Card,Delivered
O002598,C00449,P0043,18-03-2024,2,0,Upi,Delivered
O002599,C00924,P0261,17-02-2024,1,0,Upi,Returned
O002600,C00569,P0156,25-01-2025,2,0,Upi,Delivered
O002601,C00028,P0290,18-04-2025,1,0,Upi,Shipped
O002602,C00240,P0459,06-01-2024,0,0,Upi,Returned
O002603,C00250,P0383,03-02-2025,1,110,Cash,Cancelled
O002604,C01993,P0132,25-07-2025,4,15,Upi,Delivered
O002605,C00207,P0045,21-10-2024,4,20,Card,Delivered
O002606,C00778,P0179,10-02-2025,2,0,Upi,Delivered
O002607,C00504,P0066,20-08-2025,4,10,Upi,Delivered
O002608,C00429,P0328,06-05-2024,4,15,Cash,Shipped
O002609,C00781,P0087,29-06-2024,0,0,Upi,Shipped
O002610,C01653,P0018,10-12-2024,1,110,Card,Shipped
O002611,C01296,P0406,28-03-2024,4,15,Card,Delivered
O002612,C00502,P0203,14-10-2025,2,110,Cash,Shipped
O002613,C00641,P0381,01-04-2025,2,10,Upi,Delivered
O002614,C00438,P0052,24-05-2025,3,10,Cash,Shipped
O002615,C00189,P0048,11-04-2024,1,10,Cash,Delivered
O002616,C01731,P0084,04-01-2024,2,0,Upi,Delivered
O002617,C01135,P0108,25-03-2024,3,0,Card,Returned
O002618,C00519,P0380,18-04-2024,3,0,Cash,Shipped
O002619,C00175,P0492,06-05-2024,3,20,Cash,Delivered
O002620,C00662,P0360,14-01-2025,1,10,Upi,Cancelled
O002621,C00111,P0436,20-10-2024,2,0,Cash,Shipped
O002622,C00812,P0027,12-08-2024,2,0,Upi,Cancelled
O002623,C01248,P0343,19-05-2024,1,10,Upi,Returned
O002624,C01005,P0011,01-11-2025,1,0,Cash,Delivered
O002625,C00339,P0173,01-08-2024,3,0,Card,Delivered
O002626,C00281,P0173,04-03-2025,4,15,Card,Returned
O002627,C00916,P0246,19-02-2024,0,0,Upi,Returned
O002628,C00264,P0448,13-12-2024,3,0,Upi,Delivered
O002629,C01978,P0461,08-07-2025,4,10,Upi,Delivered
O002630,C00446,P0033,07-04-2024,3,20,Card,Delivered
O002631,C00284,P0351,03-02-2024,4,15,Cash,Cancelled
O002632,C01603,P0145,17-06-2024,2,0,Upi,Delivered
O002633,C00830,P0001,12-01-2025,2,20,Card,Returned
O002634,C00749,P0069,17-06-2025,2,0,Upi,Delivered
O002635,C01091,P0277,14-07-2025,2,20,Upi,Cancelled
O002636,C00322,P0122,03-07-2025,0,10,Card,Returned
O002637,C00945,P0254,20-11-2025,4,10,Upi,Delivered
O002638,C01421,P0015,27-06-2025,0,0,Cash,Delivered
O002639,C00513,P0496,21-04-2024,2,0,Cash,Returned
O002640,C00041,P0106,24-06-2024,0,0,Upi,Delivered
O002641,C00480,P0461,19-10-2024,1,0,Upi,Delivered
O002642,C00227,P0182,21-07-2024,0,0,Upi,Cancelled
O002643,C01032,P0258,11-01-2024,2,10,Upi,Shipped
O002644,C01527,P0027,07-02-2025,0,10,Upi,Delivered
O002645,C01037,P0163,07-08-2025,1,0,Upi,Cancelled
O002646,C00210,P0320,25-09-2025,3,0,Cash,Delivered
O002647,C01916,P0061,01-07-2024,1,20,Cash,Delivered
O002648,C01667,P0430,14-10-2025,2,10,Cash,Delivered
O002649,C01973,P0317,25-09-2025,2,10,Upi,Delivered
O002650,C00390,P0346,23-05-2025,0,0,Card,Cancelled
O002651,C01988,P0018,20-06-2025,1,10,Cash,Returned
O002652,C00501,P0316,23-01-2025,2,0,Card,Shipped
O002653,C00336,P0286,20-04-2025,1,110,Upi,Delivered
O002654,C00420,P0368,02-03-2024,0,10,Upi,Delivered
O002655,C00305,P0136,10-08-2025,4,10,Upi,Returned
O002656,C00282,P0350,29-06-2024,2,110,Upi,Returned
O002657,C01467,P0412,17-04-2025,0,110,Cash,Shipped
O002658,C01264,P0159,27-01-2025,1,0,Upi,Cancelled
O002659,C00296,P0201,01-01-2024,2,0,Cash,Delivered
O002660,C01342,P0385,08-05-2024,4,20,Upi,Cancelled
O002661,C01332,P0008,29-06-2024,3,20,Upi,Returned
O002662,C01576,P0386,12-02-2024,4,20,Upi,Shipped
O002663,C00686,P0268,24-07-2024,4,110,Card,Delivered
O002664,C99999,P0376,12-05-2024,2,20,Upi,Cancelled
O002665,C01030,P0115,10-01-2024,3,20,Cash,Returned
O002666,C00695,P0030,12-02-2024,2,10,Upi,Shipped
O002667,C01123,P0353,09-06-2025,2,20,Upi,Shipped
O002668,C01401,P0163,30-11-2024,2,20,Upi,Returned
O002669,C00321,P0088,16-09-2024,2,110,Upi,Delivered
O002670,C01133,P0205,13-11-2024,2,0,Upi,Returned
O002671,C00306,P0497,27-10-2025,0,10,Card,Delivered
O002672,C00648,P0148,15-03-2024,2,20,Cash,Delivered
O002673,C01344,P0470,13-08-2024,0,10,Cash,Delivered
O002674,C00733,P0485,02-06-2025,4,10,Cash,Returned
O002675,C00208,P0074,29-04-2024,1,0,Upi,Returned
O002676,C01617,P0027,23-04-2025,4,15,Cash,Cancelled
O002677,C00324,P0086,27-07-2025,3,0,Upi,Returned
O002678,C01217,P0033,19-05-2024,2,20,Upi,Cancelled
O002679,C01139,P0025,22-03-2025,0,20,Card,Returned
O002680,C00142,P0466,23-10-2024,3,0,Upi,Returned
O002681,C01596,P0096,26-06-2025,2,20,Cash,Delivered
O002682,C01396,P0419,20-01-2024,3,20,Card,Cancelled
O002683,C01414,P0315,05-10-2025,3,0,Upi,Returned
O002684,C00225,P0250,14-05-2024,2,10,Upi,Delivered
O002685,C01142,P0211,15-08-2024,2,0,Upi,Shipped
O002686,C00577,P0128,30-07-2025,1,10,Card,Delivered
O002687,C00870,P0182,13-04-2024,2,0,Upi,Delivered
O002688,C00348,P0397,30-06-2024,4,110,Cash,Shipped
O002689,C01911,P0148,05-03-2024,4,15,Upi,Delivered
O002690,C00669,P0062,03-05-2024,0,0,Cash,Cancelled
O002691,C00279,P0075,26-09-2024,2,0,Upi,Returned
O002692,C00835,P0047,05-10-2024,1,0,Card,Shipped
O002693,C01311,P0049,01-01-2025,1,0,Upi,Cancelled
O002694,C00285,P0466,27-10-2024,1,0,Cash,Delivered
O002695,C01470,P0127,08-05-2025,4,15,Card,Returned
O002696,C00848,P0044,01-10-2025,0,10,Cash,Returned
O002697,C00965,P0134,02-02-2025,3,20,Upi,Delivered
O002698,C01555,P0372,26-04-2024,2,20,Upi,Returned
O002699,C01314,P0105,02-06-2025,3,0,Card,Cancelled
O002700,C00145,P0367,29-05-2024,3,0,Upi,Delivered
O002701,C01825,P0125,09-05-2025,4,20,Upi,Delivered
O002702,C01450,P0334,02-08-2024,0,110,Upi,Delivered
O002703,C00885,P0196,23-03-2024,3,20,Upi,Cancelled
O002704,C00664,P0026,17-06-2024,4,15,Cash,Delivered
O002705,C00562,P0070,21-01-2025,3,20,Cash,Shipped
O002706,C00640,P0016,20-10-2024,2,110,Upi,Shipped
O002707,C00028,P0166,20-02-2024,2,0,Card,Delivered
O002708,C00885,P0074,17-09-2025,1,20,Card,Cancelled
O002709,C00198,P0344,10-08-2025,4,15,Cash,Delivered
O002710,C00183,P0452,19-06-2025,2,110,Upi,Cancelled
O002711,C00273,P0071,29-06-2025,4,15,Cash,Delivered
O002712,C00795,P0315,13-02-2025,4,15,Upi,Cancelled
O002713,C01191,P0013,20-04-2024,2,0,Upi,Cancelled
O002714,C01336,P0409,13-06-2025,0,0,Cash,Delivered
O002715,C01564,P0069,05-02-2024,1,10,Card,Shipped
O002716,C00701,P0481,07-05-2024,3,10,Card,Returned
O002717,C01443,P0318,07-12-2024,1,0,Card,Cancelled
O002718,C01296,P0202,03-04-2025,2,0,Upi,Cancelled
O002719,C00679,P0306,22-08-2024,3,110,Upi,Shipped
O002720,C01465,P0191,04-07-2024,1,0,Upi,Cancelled
O002721,C00784,P0237,14-09-2024,4,110,Cash,Delivered
O002722,C00015,P0462,09-02-2024,2,10,Upi,Delivered
O002723,C00055,P0098,20-11-2024,1,110,Cash,Returned
O002724,C01507,P0187,05-09-2024,1,0,Cash,Delivered
O002725,C01715,P0452,12-06-2024,3,0,Upi,Delivered
O002726,C01393,P0090,14-06-2024,1,20,Upi,Shipped
O002727,C00685,P0253,30-07-2025,2,10,Upi,Delivered
O002728,C00085,P0325,11-06-2024,3,0,Cash,Returned
O002729,C00705,P0485,03-10-2025,2,0,Cash,Cancelled
O002730,C01735,P0449,18-04-2025,2,10,Upi,Shipped
O002731,C01647,P0383,18-05-2025,4,20,Upi,Delivered
O002732,C00729,P0470,29-10-2024,4,20,Upi,Returned
O002733,C00133,P0129,24-05-2025,2,10,Upi,Delivered
O002734,C01215,P0390,14-11-2025,2,10,Upi,Returned
O002735,C00927,P0328,25-08-2024,2,20,Card,Cancelled
O002736,C00961,P0056,14-03-2025,1,0,Card,Delivered
O002737,C00598,P0144,31-01-2024,2,10,Card,Delivered
O002738,C00241,P0168,29-05-2025,0,10,Upi,Delivered
O002739,C00900,P0002,24-06-2024,3,110,Upi,Cancelled
O002740,C01559,P0144,11-12-2024,0,0,Card,Shipped
O002741,C01707,P0063,06-05-2025,4,20,Upi,Delivered
O002742,C01892,P0135,27-07-2024,2,10,Cash,Delivered
O002743,C00767,P0484,11-04-2025,2,0,Upi,Cancelled
O002744,C00767,P0083,16-06-2024,2,0,Upi,Delivered
O002745,C01602,P0334,10-05-2025,2,0,Card,Delivered
O002746,C01672,P0368,20-11-2024,1,110,Cash,Shipped
O002747,C00717,P0261,03-10-2024,1,0,Cash,Cancelled
O002748,C01669,P0424,25-09-2024,2,0,Upi,Delivered
O002749,C00601,P0195,04-08-2025,1,20,Cash,Delivered
O002750,C01901,P0098,23-01-2025,3,10,Upi,Cancelled
O002751,C00303,P0301,28-11-2024,2,10,Cash,Delivered
O002752,C01332,P0152,01-07-2025,1,110,Card,Cancelled
O002753,C00501,P0157,22-01-2024,2,20,Upi,Shipped
O002754,C00177,P0463,06-02-2024,2,20,Card,Cancelled
O002755,C01782,P0203,07-06-2024,3,110,Upi,Returned
O002756,C00698,P0365,07-05-2025,2,20,Upi,Delivered
O002757,C00309,P0197,06-12-2024,2,0,Cash,Delivered
O002758,C00448,P0431,13-07-2024,4,20,Cash,Cancelled
O002759,C00667,P0294,23-05-2024,0,20,Upi,Delivered
O002760,C01775,P0363,09-03-2025,0,20,Cash,Shipped
O002761,C00002,P0246,01-02-2024,0,10,Cash,Shipped
O002762,C01898,P0054,29-09-2025,1,0,Card,Returned
O002763,C00570,P0184,12-04-2025,2,20,Card,Returned
O002764,C01768,P0323,11-08-2025,1,0,Cash,Returned
O002765,C01295,P0479,19-11-2024,1,110,Upi,Shipped
O002766,C00162,P0359,25-05-2024,2,0,Upi,Shipped
O002767,C01146,P0150,10-02-2025,3,0,Upi,Delivered
O002768,C01326,P0164,21-02-2024,1,0,Cash,Delivered
O002769,C00622,P0048,16-11-2025,3,0,Upi,Delivered
O002770,C01772,P9999,20-11-2025,2,10,Cash,Shipped
O002771,C00152,P0437,08-08-2024,2,10,Upi,Delivered
O002772,C00072,P0050,23-12-2024,3,110,Upi,Delivered
O002773,C00694,P0391,24-02-2024,4,10,Cash,Shipped
O002774,C01136,P0126,05-02-2025,1,20,Upi,Shipped
O002775,C01216,P0449,17-12-2024,3,0,Upi,Delivered
O002776,C00131,P0338,29-06-2025,2,0,Card,Delivered
O002777,C01707,P0191,18-09-2024,1,20,Cash,Delivered
O002778,C01340,P0196,09-05-2024,4,15,Card,Delivered
O002779,C00970,P0096,21-03-2024,1,0,Upi,Delivered
O002780,C01377,P0415,19-11-2025,2,20,Card,Returned
O002781,C00266,P0403,15-07-2024,4,10,Cash,Delivered
O002782,C01807,P0325,06-04-2025,2,110,Card,Cancelled
O002783,C01323,P0278,20-06-2025,3,0,Card,Delivered
O002784,C00278,P0381,29-08-2025,2,0,Cash,Shipped
O002785,C01762,P0361,26-01-2025,2,0,Card,Shipped
O002786,C00017,P0401,20-05-2025,2,0,Card,Delivered
O002787,C01772,P0223,28-04-2024,2,20,Cash,Cancelled
O002788,C01130,P0149,19-09-2025,4,10,Upi,Shipped
O002789,C01629,P0001,20-08-2025,2,0,Card,Shipped
O002790,C01465,P0244,03-06-2024,2,20,Upi,Cancelled
O002791,C01198,P0493,08-11-2024,4,15,Card,Shipped
O002792,C01026,P0410,14-06-2025,2,20,Cash,Returned
O002793,C00074,P0491,23-01-2025,4,15,Upi,Returned
O002794,C01712,P0459,24-09-2024,4,20,Card,Cancelled
O002795,C00635,P0173,08-05-2025,2,10,Cash,Delivered
O002796,C01335,P0266,24-01-2025,2,10,Cash,Delivered
O002797,C01555,P0047,16-05-2024,1,0,Upi,Returned
O002798,C01620,P0311,26-02-2025,2,0,Cash,Cancelled
O002799,C01361,P0486,30-03-2024,0,20,Card,Cancelled
O002800,C00023,P0438,25-12-2024,4,15,Cash,Returned
O002801,C00102,P0270,24-02-2025,0,110,Cash,Delivered
O002802,C01872,P0074,09-03-2024,1,0,Upi,Shipped
O002803,C00390,P0241,06-01-2025,3,110,Upi,Cancelled
O002804,C01103,P0249,12-05-2024,0,0,Upi,Delivered
O002805,C01780,P0484,20-08-2024,3,0,Upi,Delivered
O002806,C00091,P0282,29-07-2025,0,20,Card,Cancelled
O002807,C01962,P0324,02-01-2025,3,20,Cash,Delivered
O002808,C01767,P0253,09-11-2024,1,0,Card,Delivered
O002809,C00063,P0372,31-03-2024,2,10,Card,Returned
O002810,C01758,P0304,14-04-2025,4,20,Cash,Delivered
O002811,C00367,P0117,01-05-2024,1,20,Cash,Cancelled
O002812,C00568,P0322,08-03-2025,2,20,Upi,Returned
O002813,C00351,P0419,06-07-2025,1,20,Upi,Shipped
O002814,C01285,P0331,21-05-2025,1,20,Upi,Returned
O002815,C01584,P0139,14-01-2025,2,20,Card,Cancelled
O002816,C01259,P0131,09-10-2025,0,10,Upi,Returned
O002817,C00419,P0361,02-08-2025,2,0,Upi,Delivered
O002818,C00104,P0488,22-11-2025,2,0,Card,Returned
O002819,C01778,P0253,07-07-2024,0,20,Upi,Shipped
O002820,C00129,P0212,05-01-2024,0,110,Card,Delivered
O002821,C00472,P0014,12-07-2024,4,10,Card,Cancelled
O002822,C01770,P0393,30-08-2025,3,0,Upi,Shipped
O002823,C01511,P0318,01-09-2024,0,10,Upi,Cancelled
O002824,C01080,P0158,22-12-2024,2,0,Cash,Delivered
O002825,C00254,P0193,02-11-2025,2,0,Upi,Delivered
O002826,C01689,P0325,12-01-2024,2,0,Upi,Cancelled
O002827,C01164,P0189,29-03-2024,2,20,Upi,Returned
O002828,C01009,P0402,15-05-2025,1,0,Card,Shipped
O002829,C00993,P0277,27-11-2024,4,20,Cash,Shipped
O002830,C00349,P0386,04-03-2024,0,20,Cash,Delivered
O002831,C00923,P0215,21-04-2025,1,20,Cash,Cancelled
O002832,C00082,P0008,27-01-2024,2,0,Cash,Returned
O002833,C00279,P0425,19-03-2025,2,10,Upi,Delivered
O002834,C01920,P0283,02-09-2025,2,0,Upi,Shipped
O002835,C01373,P0310,14-02-2025,1,20,Upi,Delivered
O002836,C00438,P0394,24-11-2025,2,20,Card,Cancelled
O002837,C01232,P0008,10-02-2025,1,20,Upi,Cancelled
O002838,C00905,P0009,11-08-2024,3,0,Upi,Delivered
O002839,C00042,P0140,03-03-2025,0,0,Cash,Delivered
O002840,C00402,P0191,30-04-2025,1,20,Card,Shipped
O002841,C01951,P0314,13-02-2025,0,0,Upi,Shipped
O002842,C00057,P0060,25-05-2025,0,110,Cash,Delivered
O002843,C01427,P0137,01-02-2024,0,110,Cash,Cancelled
O002844,C01916,P0406,09-04-2025,0,110,Card,Cancelled
O002845,C00348,P0159,23-07-2025,2,20,Card,Cancelled
O002846,C01090,P0111,30-06-2025,1,0,Upi,Returned
O002847,C00384,P0459,04-02-2025,2,20,Upi,Returned
O002848,C01643,P0384,31-05-2024,3,20,Card,Shipped
O002849,C01316,P0173,19-11-2025,1,110,Upi,Delivered
O002850,C01759,P0019,03-03-2024,4,110,Upi,Delivered
O002851,C00072,P0486,15-07-2025,3,0,Upi,Shipped
O002852,C00043,P0269,15-09-2025,0,10,Card,Delivered
O002853,C00831,P0407,25-11-2025,0,0,Upi,Shipped
O002854,C01393,P0310,08-11-2025,4,15,Upi,Delivered
O002855,C00047,P0100,24-03-2025,2,0,Upi,Delivered
O002856,C01203,P0174,01-02-2025,0,20,Cash,Delivered
O002857,C01460,P0241,31-03-2024,2,0,Card,Returned
O002858,C00932,P0037,13-07-2025,3,20,Upi,Returned
O002859,C01081,P0187,25-10-2025,2,0,Upi,Cancelled
O002860,C00420,P0314,05-04-2025,1,0,Card,Delivered
O002861,C00151,P0006,31-10-2024,2,0,Upi,Delivered
O002862,C00618,P0231,14-10-2025,3,0,Upi,Delivered
O002863,C00356,P0275,08-06-2024,4,15,Upi,Delivered
O002864,C00580,P0322,20-01-2025,3,20,Upi,Shipped
O002865,C00905,P0224,27-05-2024,2,0,Cash,Returned
O002866,C00675,P0328,12-11-2024,3,10,Upi,Shipped
O002867,C01710,P0152,18-11-2024,2,0,Upi,Cancelled
O002868,C00277,P0225,19-09-2025,4,15,Upi,Delivered
O002869,C00259,P0009,30-03-2024,0,110,Card,Cancelled
O002870,C01828,P0445,09-07-2025,3,20,Card,Cancelled
O002871,C00825,P0142,14-09-2024,1,0,Cash,Cancelled
O002872,C00471,P0326,21-05-2025,3,110,Upi,Cancelled
O002873,C01981,P0425,21-09-2024,0,10,Card,Delivered
O002874,C01434,P0050,08-10-2024,1,20,Upi,Shipped
O002875,C00919,P0448,06-07-2025,2,20,Cash,Returned
O002876,C01904,P0195,21-10-2025,1,0,Cash,Returned
O002877,C01750,P0490,03-06-2025,0,0,Upi,Delivered
O002878,C01988,P0439,18-06-2025,4,110,Upi,Shipped
O002879,C01445,P0065,20-05-2025,4,10,Cash,Shipped
O002880,C00563,P0427,20-10-2024,2,110,Cash,Shipped
O002881,C00451,P0485,12-08-2025,0,0,Card,Delivered
O002882,C00671,P0145,08-04-2024,2,0,Cash,Cancelled
O002883,C00292,P0309,29-10-2024,3,0,Upi,Cancelled
O002884,C00025,P0441,06-10-2025,4,15,Cash,Shipped
O002885,C00310,P0339,05-09-2025,4,15,Upi,Delivered
O002886,C00268,P0170,11-11-2025,3,20,Cash,Delivered
O002887,C01793,P0015,27-06-2024,4,10,Upi,Delivered
O002888,C00174,P0150,29-07-2024,3,0,Upi,Cancelled
O002889,C00885,P0211,02-04-2024,2,110,Cash,Returned
O002890,C01389,P0074,18-03-2025,2,110,Upi,Delivered
O002891,C01218,P0429,05-05-2024,2,10,Upi,Cancelled
O002892,C01871,P0456,29-02-2024,0,20,Cash,Delivered
O002893,C00814,P0404,25-05-2025,2,110,Upi,Returned
O002894,C01970,P0042,13-06-2024,3,20,Upi,Delivered
O002895,C00788,P0222,29-09-2025,0,10,Upi,Returned
O002896,C00739,P0323,19-10-2024,2,10,Card,Delivered
O002897,C01043,P0231,22-01-2024,4,10,Cash,Returned
O002898,C00366,P0228,04-04-2024,1,0,Cash,Shipped
O002899,C00487,P0278,18-02-2024,1,10,Card,Returned
O002900,C00171,P0307,23-02-2024,0,0,Card,Delivered
O002901,C01469,P0056,02-09-2024,4,15,Upi,Delivered
O002902,C01017,P0383,26-08-2024,4,10,Upi,Cancelled
O002903,C00238,P0189,09-06-2025,4,15,Upi,Shipped
O002904,C01916,P0158,18-08-2025,0,0,Card,Cancelled
O002905,C00321,P0354,28-01-2025,4,110,Card,Returned
O002906,C01546,P0072,23-01-2024,3,10,Card,Delivered
O002907,C00735,P0253,17-11-2024,2,10,Upi,Returned
O002908,C01286,P0479,22-09-2025,4,20,Card,Delivered
O002909,C00447,P0270,23-04-2024,2,0,Cash,Cancelled
O002910,C00629,P0122,19-12-2024,2,10,Card,Cancelled
O002911,C00360,P0391,08-07-2025,4,20,Upi,Delivered
O002912,C00587,P0118,01-07-2025,2,0,Upi,Cancelled
O002913,C01268,P0301,29-05-2024,0,20,Upi,Delivered
O002914,C00714,P0469,21-05-2024,1,20,Cash,Delivered
O002915,C00306,P0428,27-06-2024,4,15,Upi,Returned
O002916,C01220,P0148,21-05-2025,4,15,Upi,Shipped
O002917,C01156,P0151,12-10-2025,4,10,Upi,Delivered
O002918,C00859,P0107,10-10-2024,1,0,Upi,Delivered
O002919,C00841,P0062,09-02-2024,3,0,Cash,Delivered
O002920,C01603,P0030,16-06-2025,0,20,Card,Returned
O002921,C01016,P0163,26-05-2024,4,20,Upi,Delivered
O002922,C01541,P0005,01-07-2024,2,0,Cash,Shipped
O002923,C00349,P0354,14-11-2024,4,20,Card,Shipped
O002924,C00032,P0067,25-11-2025,2,20,Upi,Delivered
O002925,C01218,P0469,11-02-2025,2,10,Upi,Returned
O002926,C01166,P0090,04-11-2025,2,20,Cash,Cancelled
O002927,C01668,P0495,04-05-2024,2,0,Card,Returned
O002928,C01065,P0339,03-10-2024,3,20,Cash,Delivered
O002929,C01959,P0122,28-05-2024,0,110,Upi,Shipped
O002930,C01800,P0301,11-04-2025,3,20,Upi,Delivered
O002931,C01721,P0485,20-09-2025,1,0,Card,Delivered
O002932,C00817,P0393,15-11-2025,0,0,Upi,Cancelled
O002933,C01805,P0022,08-11-2024,4,20,Upi,Cancelled
O002934,C00249,P0302,24-11-2025,2,110,Upi,Shipped
O002935,C01095,P0298,29-01-2025,1,10,Upi,Returned
O002936,C00605,P0288,03-06-2025,4,10,Upi,Returned
O002937,C01929,P0116,03-05-2024,4,10,Cash,Shipped
O002938,C00626,P0433,18-08-2024,2,0,Cash,Delivered
O002939,C01376,P0457,16-08-2025,4,20,Cash,Delivered
O002940,C00432,P0260,31-08-2025,0,20,Card,Returned
O002941,C00629,P0249,24-02-2025,2,20,Cash,Returned
O002942,C01821,P0018,01-01-2024,1,110,Upi,Delivered
O002943,C01335,P0113,18-07-2024,2,0,Upi,Delivered
O002944,C00589,P0075,17-12-2024,4,110,Card,Returned
O002945,C01788,P0015,04-02-2024,2,20,Upi,Returned
O002946,C01699,P0328,16-10-2025,1,20,Card,Cancelled
O002947,C00624,P0359,13-09-2024,4,20,Card,Delivered
O002948,C01295,P0319,22-04-2024,1,0,Card,Delivered
O002949,C00537,P0419,04-02-2024,3,0,Card,Returned
O002950,C01455,P0113,18-10-2024,1,20,Upi,Shipped
O002951,C00409,P0419,07-04-2025,4,15,Cash,Delivered
O002952,C01209,P0113,08-08-2024,0,0,Cash,Delivered
O002953,C00114,P0336,18-03-2024,3,0,Card,Shipped
O002954,C01281,P0135,11-11-2024,4,10,Cash,Delivered
O002955,C01598,P0266,28-04-2024,2,10,Card,Returned
O002956,C00372,P0167,01-05-2025,1,10,Upi,Delivered
O002957,C00277,P0439,27-01-2024,0,0,Upi,Delivered
O002958,C01961,P0177,23-05-2025,2,110,Cash,Delivered
O002959,C00714,P0481,06-04-2024,2,0,Upi,Cancelled
O002960,C00116,P0141,30-06-2024,3,10,Card,Delivered
O002961,C00387,P0249,26-03-2025,2,0,Cash,Returned
O002962,C01945,P0236,17-10-2025,2,20,Cash,Delivered
O002963,C00862,P0160,04-11-2024,1,20,Upi,Returned
O002964,C01208,P0182,21-08-2024,4,15,Upi,Shipped
O002965,C00794,P0056,09-04-2024,0,20,Card,Returned
O002966,C00137,P0226,13-02-2024,0,10,Upi,Shipped
O002967,C00614,P0212,03-10-2025,2,110,Upi,Shipped
O002968,C01342,P0020,27-05-2024,2,10,Cash,Returned
O002969,C00667,P0302,13-02-2024,2,20,Cash,Cancelled
O002970,C01361,P0234,04-10-2025,4,20,Card,Cancelled
O002971,C01712,P0125,18-11-2025,3,0,Upi,Shipped
O002972,C01193,P0216,29-05-2025,1,0,Upi,Cancelled
O002973,C00803,P0205,14-02-2024,0,0,Cash,Cancelled
O002974,C01613,P0298,17-09-2025,3,110,Upi,Shipped
O002975,C00147,P0164,20-08-2025,2,110,Card,Cancelled
O002976,C00130,P0102,09-08-2025,3,110,Upi,Delivered
O002977,C01643,P0292,05-03-2025,3,20,Card,Shipped
O002978,C00056,P0388,09-01-2025,2,0,Upi,Delivered
O002979,C01767,P0044,30-10-2025,1,110,Upi,Delivered
O002980,C01293,P0350,25-09-2025,4,15,Upi,Returned
O002981,C01803,P0460,12-05-2025,0,20,Card,Returned
O002982,C00121,P0187,01-02-2025,4,20,Card,Shipped
O002983,C01888,P0186,29-10-2025,2,10,Cash,Delivered
O002984,C00373,P0202,10-01-2025,2,20,Card,Returned
O002985,C01215,P0418,05-06-2024,3,10,Upi,Cancelled
O002986,C00575,P0218,05-12-2024,2,0,Card,Delivered
O002987,C01695,P0251,27-09-2025,1,20,Cash,Shipped
O002988,C01153,P0186,04-08-2025,4,15,Cash,Cancelled
O002989,C01139,P0190,08-09-2025,3,10,Cash,Returned
O002990,C00290,P0346,04-09-2025,2,0,Card,Delivered
O002991,C01207,P0491,09-02-2025,2,110,Upi,Cancelled
O002992,C01640,P0016,17-04-2025,1,0,Upi,Returned
O002993,C00220,P0129,28-06-2025,2,20,Upi,Returned
O002994,C00332,P0150,28-10-2025,2,0,Upi,Delivered
O002995,C01061,P0469,05-09-2024,4,110,Upi,Delivered
O002996,C00567,P0017,07-09-2025,1,0,Card,Cancelled
O002997,C99999,P0485,17-08-2025,0,10,Upi,Cancelled
O002998,C01957,P0243,28-02-2025,1,0,Upi,Shipped
O002999,C00343,P0002,13-04-2024,0,0,Card,Cancelled
O003000,C00785,P0132,25-01-2024,2,0,Card,Shipped
O003001,C01313,P0446,28-02-2025,2,0,Cash,Returned
O003002,C01773,P0452,13-01-2024,0,20,Card,Cancelled
O003003,C01506,P0138,02-07-2025,2,110,Upi,Shipped
O003004,C01560,P0013,24-10-2024,3,10,Card,Delivered
O003005,C01690,P0422,26-11-2024,2,0,Upi,Returned
O003006,C00693,P0409,01-06-2024,1,0,Upi,Delivered
O003007,C00769,P0109,08-05-2025,2,0,Upi,Delivered
O003008,C01946,P0041,28-01-2024,2,110,Upi,Shipped
O003009,C00594,P0306,02-05-2025,0,20,Card,Delivered
O003010,C01047,P0090,16-12-2024,2,0,Cash,Returned
O003011,C01892,P0435,06-07-2025,4,110,Card,Cancelled
O003012,C01171,P0432,26-05-2024,4,15,Card,Returned
O003013,C01998,P0373,10-11-2025,3,110,Upi,Delivered
O003014,C01155,P0368,11-02-2024,2,10,Upi,Cancelled
O003015,C01200,P0247,16-07-2025,3,0,Upi,Cancelled
O003016,C00668,P0326,02-10-2024,1,20,Upi,Delivered
O003017,C00379,P0418,30-06-2024,2,0,Cash,Delivered
O003018,C00644,P0332,04-09-2025,2,0,Upi,Shipped
O003019,C01977,P0250,05-02-2024,2,0,Card,Delivered
O003020,C01463,P0012,11-11-2024,2,110,Upi,Delivered
O003021,C01190,P0311,28-12-2024,2,0,Cash,Cancelled
O003022,C01484,P0442,01-07-2024,4,15,Card,Delivered
O003023,C01028,P0411,18-08-2024,2,0,Upi,Shipped
O003024,C01485,P0086,06-03-2025,3,10,Card,Delivered
O003025,C00093,P0160,20-11-2024,2,0,Upi,Delivered
O003026,C01045,P0443,18-08-2025,2,110,Upi,Shipped
O003027,C01212,P0142,15-07-2025,0,0,Cash,Delivered
O003028,C01633,P0490,12-11-2024,0,110,Upi,Returned
O003029,C01972,P0463,11-06-2024,2,20,Upi,Returned
O003030,C00385,P0411,24-01-2024,2,0,Card,Delivered
O003031,C00199,P0199,22-08-2025,2,10,Card,Delivered
O003032,C00507,P0071,04-09-2025,3,0,Upi,Shipped
O003033,C00828,P0202,29-05-2024,0,10,Upi,Delivered
O003034,C01524,P0396,04-12-2024,4,20,Upi,Returned
O003035,C00923,P0365,13-01-2025,2,20,Upi,Returned
O003036,C00531,P0195,05-01-2024,2,20,Upi,Shipped
O003037,C01999,P0406,26-11-2025,0,110,Card,Returned
O003038,C00635,P0251,16-01-2024,0,20,Cash,Returned
O003039,C01317,P0386,03-11-2024,0,0,Cash,Shipped
O003040,C01944,P0025,25-07-2025,2,20,Upi,Cancelled
O003041,C00860,P0212,25-10-2025,1,10,Upi,Delivered
O003042,C00452,P0346,01-12-2024,4,10,Cash,Delivered
O003043,C01356,P0074,10-08-2024,1,20,Cash,Returned
O003044,C00462,P0285,11-04-2024,0,10,Card,Cancelled
O003045,C00645,P0447,25-02-2025,4,110,Upi,Shipped
O003046,C01725,P0086,29-05-2024,3,20,Upi,Cancelled
O003047,C00690,P9999,25-01-2024,2,10,Card,Cancelled
O003048,C00424,P0039,30-08-2024,3,20,Upi,Cancelled
O003049,C00763,P0033,08-09-2024,2,0,Card,Cancelled
O003050,C01123,P0485,29-09-2025,4,15,Cash,Cancelled
O003051,C00485,P0314,28-08-2024,3,110,Card,Shipped
O003052,C00814,P0041,06-01-2024,1,10,Cash,Shipped
O003053,C00457,P0080,25-04-2024,2,10,Upi,Cancelled
O003054,C00758,P0404,07-04-2024,2,110,Upi,Delivered
O003055,C01402,P0366,03-10-2024,1,10,Card,Delivered
O003056,C00518,P0485,04-02-2024,3,20,Card,Cancelled
O003057,C00496,P0407,02-06-2024,4,15,Upi,Delivered
O003058,C01372,P0205,31-07-2024,2,10,Card,Returned
O003059,C01250,P0273,07-05-2025,1,20,Card,Delivered
O003060,C00576,P0388,27-08-2025,0,0,Cash,Delivered
O003061,C01959,P0245,18-10-2024,0,10,Upi,Returned
O003062,C00825,P0201,19-06-2025,0,20,Card,Cancelled
O003063,C00545,P0209,03-05-2025,3,0,Cash,Returned
O003064,C01606,P0076,04-01-2025,3,0,Upi,Cancelled
O003065,C01647,P0176,29-04-2024,2,20,Upi,Delivered
O003066,C00304,P0078,17-01-2025,1,0,Cash,Delivered
O003067,C00111,P0388,06-05-2025,2,10,Upi,Shipped
O003068,C00207,P0050,27-02-2024,1,20,Cash,Cancelled
O003069,C00254,P0157,13-06-2024,0,0,Upi,Shipped
O003070,C01916,P0275,16-04-2024,0,0,Cash,Delivered
O003071,C01426,P0151,20-08-2024,2,0,Cash,Delivered
O003072,C01369,P0374,04-11-2024,3,10,Card,Delivered
O003073,C01767,P0407,26-03-2024,4,10,Upi,Cancelled
O003074,C01858,P0381,05-09-2024,1,10,Card,Cancelled
O003075,C00413,P0335,21-07-2024,2,0,Card,Delivered
O003076,C01514,P0229,08-04-2025,0,20,Upi,Shipped
O003077,C01264,P0390,12-04-2024,4,15,Cash,Delivered
O003078,C00260,P0498,06-01-2025,0,110,Upi,Delivered
O003079,C00069,P0092,21-10-2024,1,20,Upi,Shipped
O003080,C01549,P0425,28-04-2024,4,15,Upi,Delivered
O003081,C00537,P0121,26-02-2024,4,15,Upi,Cancelled
O003082,C00823,P0266,04-04-2025,2,10,Upi,Delivered
O003083,C00101,P0355,02-09-2024,3,20,Upi,Cancelled
O003084,C01150,P0056,05-04-2025,2,0,Card,Delivered
O003085,C01880,P0379,01-12-2024,4,15,Upi,Delivered
O003086,C01643,P0466,14-04-2025,0,110,Card,Delivered
O003087,C00991,P0498,13-06-2024,0,20,Card,Delivered
O003088,C00251,P0162,20-08-2025,3,20,Cash,Delivered
O003089,C01230,P0398,27-06-2025,2,110,Cash,Delivered
O003090,C01253,P0181,16-12-2024,1,0,Cash,Cancelled
O003091,C00924,P0237,27-06-2025,4,15,Card,Shipped
O003092,C01487,P0209,27-05-2025,4,10,Upi,Cancelled
O003093,C01222,P0439,06-10-2024,2,20,Card,Delivered
O003094,C01566,P0427,24-04-2024,2,0,Upi,Cancelled
O003095,C01095,P0016,23-09-2025,1,10,Card,Shipped
O003096,C01924,P0106,29-07-2024,4,10,Upi,Delivered
O003097,C01946,P0107,11-03-2025,1,0,Upi,Shipped
O003098,C01610,P0125,19-09-2025,1,110,Cash,Shipped
O003099,C00252,P0225,28-03-2024,2,0,Card,Returned
O003100,C00712,P0445,17-09-2024,0,10,Upi,Delivered
O003101,C01960,P0316,14-08-2024,3,20,Upi,Returned
O003102,C01321,P0290,01-06-2024,0,0,Card,Delivered
O003103,C00327,P0210,04-10-2024,0,10,Card,Cancelled
O003104,C01015,P0335,22-10-2024,2,10,Upi,Shipped
O003105,C00112,P0238,24-05-2024,1,20,Upi,Delivered
O003106,C01199,P0462,22-06-2025,0,110,Cash,Cancelled
O003107,C00380,P0467,03-08-2024,2,10,Cash,Delivered
O003108,C01104,P0435,22-08-2024,0,0,Cash,Cancelled
O003109,C01288,P0434,07-01-2025,4,10,Cash,Returned
O003110,C01771,P0467,27-09-2024,1,20,Upi,Returned
O003111,C00455,P0193,23-09-2025,1,10,Card,Shipped
O003112,C01269,P0408,06-07-2024,3,0,Upi,Delivered
O003113,C00113,P0054,28-03-2025,3,20,Upi,Returned
O003114,C00463,P0086,19-05-2025,3,0,Card,Delivered
O003115,C01575,P0079,23-04-2024,0,0,Upi,Delivered
O003116,C01527,P0241,22-10-2024,4,10,Upi,Delivered
O003117,C01142,P0160,15-10-2025,0,0,Upi,Shipped
O003118,C01475,P0246,13-01-2025,2,10,Cash,Shipped
O003119,C00922,P0365,14-09-2025,2,10,Upi,Cancelled
O003120,C00951,P0338,22-08-2024,4,10,Upi,Cancelled
O003121,C01427,P0433,16-01-2025,4,20,Upi,Cancelled
O003122,C01246,P0197,06-06-2024,0,0,Cash,Returned
O003123,C00153,P0252,20-02-2025,4,15,Upi,Returned
O003124,C00676,P0473,03-10-2025,3,10,Upi,Delivered
O003125,C01917,P0266,10-09-2024,2,10,Card,Shipped
O003126,C01902,P0332,21-05-2024,2,10,Upi,Cancelled
O003127,C00886,P0360,25-05-2024,2,20,Card,Delivered
O003128,C00635,P0235,29-08-2024,2,110,Cash,Cancelled
O003129,C00854,P0325,31-03-2024,2,0,Upi,Shipped
O003130,C00419,P0008,03-08-2025,1,0,Card,Returned
O003131,C01913,P0472,18-08-2025,2,20,Cash,Delivered
O003132,C01273,P0058,08-04-2024,0,10,Upi,Delivered
O003133,C00860,P0077,20-06-2025,2,10,Upi,Cancelled
O003134,C01035,P0336,13-12-2024,0,0,Card,Cancelled
O003135,C00278,P0313,10-08-2025,0,0,Cash,Cancelled
O003136,C01401,P0429,12-08-2024,4,15,Card,Delivered
O003137,C00631,P0073,27-05-2025,0,10,Upi,Delivered
O003138,C00782,P0114,17-02-2024,0,10,Upi,Delivered
O003139,C00141,P0386,10-06-2024,3,10,Upi,Delivered
O003140,C00034,P0405,30-10-2025,0,0,Upi,Delivered
O003141,C01852,P0409,01-08-2024,2,0,Card,Delivered
O003142,C01803,P0326,13-12-2024,0,0,Upi,Cancelled
O003143,C01635,P0248,05-03-2025,0,110,Card,Shipped
O003144,C00254,P0264,08-05-2025,4,15,Upi,Delivered
O003145,C00213,P0248,29-04-2025,1,0,Upi,Returned
O003146,C01845,P0229,04-06-2024,4,20,Upi,Returned
O003147,C00339,P0406,11-12-2024,2,10,Card,Cancelled
O003148,C00002,P0182,22-07-2025,2,0,Card,Delivered
O003149,C01986,P0455,02-03-2024,3,0,Card,Delivered
O003150,C01020,P0078,07-03-2025,2,0,Upi,Shipped
O003151,C00290,P0167,22-10-2025,3,0,Upi,Shipped
O003152,C01299,P0072,10-10-2025,1,0,Upi,Delivered
O003153,C00241,P0033,04-06-2025,4,10,Cash,Delivered
O003154,C01024,P0473,09-07-2025,0,10,Cash,Cancelled
O003155,C01882,P0213,13-09-2024,1,110,Upi,Shipped
O003156,C01020,P0039,24-04-2025,2,20,Upi,Shipped
O003157,C00685,P0263,12-07-2024,4,10,Card,Cancelled
O003158,C00347,P0149,09-02-2025,2,0,Upi,Delivered
O003159,C01084,P0097,29-11-2025,3,10,Card,Shipped
O003160,C01412,P0007,19-06-2025,1,10,Cash,Shipped
O003161,C00006,P0376,04-02-2025,2,10,Card,Cancelled
O003162,C01420,P0475,20-11-2025,2,10,Card,Shipped
O003163,C01086,P0210,24-02-2024,4,20,Upi,Cancelled
O003164,C00148,P0277,28-01-2024,2,0,Upi,Cancelled
O003165,C01878,P0344,26-06-2024,2,20,Cash,Delivered
O003166,C01435,P0054,31-01-2024,3,10,Cash,Returned
O003167,C00755,P0010,03-06-2024,3,20,Cash,Delivered
O003168,C01907,P0373,06-03-2025,1,20,Upi,Delivered
O003169,C01133,P0346,31-12-2024,1,110,Cash,Delivered
O003170,C00957,P0068,27-07-2024,0,20,Card,Returned
O003171,C01660,P0052,15-08-2025,4,15,Card,Delivered
O003172,C01047,P0358,26-06-2024,2,0,Cash,Delivered
O003173,C01740,P0474,11-01-2024,2,20,Upi,Shipped
O003174,C00335,P0483,24-03-2025,2,10,Card,Delivered
O003175,C00593,P0073,12-02-2024,2,110,Upi,Delivered
O003176,C00184,P0321,19-11-2024,0,20,Card,Delivered
O003177,C00747,P0454,09-08-2024,3,110,Card,Delivered
O003178,C00588,P0330,24-06-2024,2,0,Cash,Returned
O003179,C01258,P0467,11-06-2024,2,20,Cash,Returned
O003180,C01421,P0386,08-07-2025,3,10,Upi,Delivered
O003181,C01986,P0272,14-11-2025,4,110,Cash,Shipped
O003182,C00060,P0214,04-07-2024,0,0,Card,Delivered
O003183,C00864,P0072,07-10-2025,2,20,Card,Returned
O003184,C00806,P0214,19-08-2024,3,10,Upi,Delivered
O003185,C01242,P0223,28-05-2024,2,110,Upi,Cancelled
O003186,C00304,P0197,20-11-2025,3,10,Cash,Cancelled
O003187,C01330,P0024,23-12-2024,4,15,Card,Returned
O003188,C01053,P0074,09-08-2024,3,0,Cash,Delivered
O003189,C00327,P0284,28-11-2025,3,0,Upi,Shipped
O003190,C00044,P0321,26-04-2024,2,0,Card,Cancelled
O003191,C01668,P0437,18-05-2024,1,0,Upi,Returned
O003192,C00211,P0381,05-12-2024,2,0,Cash,Delivered
O003193,C01730,P0284,27-11-2025,4,110,Upi,Delivered
O003194,C01651,P0176,12-11-2024,1,0,Upi,Shipped
O003195,C00857,P0295,30-09-2025,3,20,Upi,Delivered
O003196,C01534,P0244,16-09-2024,0,0,Upi,Cancelled
O003197,C01873,P0042,28-09-2024,4,110,Card,Returned
O003198,C01335,P0295,18-07-2025,1,20,Cash,Delivered
O003199,C01882,P0290,25-03-2025,4,20,Card,Cancelled
O003200,C01276,P0237,05-10-2024,0,110,Cash,Cancelled
O003201,C01020,P0457,05-02-2025,4,15,Upi,Delivered
O003202,C00878,P0199,20-10-2024,3,0,Cash,Cancelled
O003203,C00431,P0480,13-02-2024,1,0,Upi,Returned
O003204,C00709,P0172,08-02-2025,2,0,Upi,Returned
O003205,C00352,P0141,28-07-2024,1,10,Upi,Shipped
O003206,C01388,P0132,24-06-2024,2,0,Upi,Returned
O003207,C01363,P0495,23-07-2024,4,15,Upi,Returned
O003208,C00187,P0261,03-09-2024,3,0,Upi,Returned
O003209,C01275,P0336,06-06-2024,1,10,Card,Delivered
O003210,C00279,P0013,16-10-2025,4,15,Card,Delivered
O003211,C00715,P0213,12-04-2025,2,0,Cash,Delivered
O003212,C00293,P0195,12-07-2025,2,20,Upi,Returned
O003213,C00569,P0412,18-04-2025,2,10,Upi,Delivered
O003214,C00383,P0412,03-07-2025,1,110,Cash,Delivered
O003215,C01823,P0262,03-01-2025,0,20,Card,Delivered
O003216,C01580,P0093,24-06-2024,2,20,Upi,Returned
O003217,C00558,P0464,16-10-2025,4,15,Upi,Shipped
O003218,C01837,P0157,19-10-2024,2,0,Upi,Cancelled
O003219,C00278,P0154,20-04-2025,4,15,Upi,Shipped
O003220,C01591,P0203,09-08-2024,0,20,Upi,Shipped
O003221,C00560,P0327,02-11-2025,1,20,Cash,Delivered
O003222,C00205,P0170,03-04-2024,0,20,Cash,Delivered
O003223,C01148,P0279,27-11-2025,4,110,Card,Cancelled
O003224,C01067,P0380,23-09-2025,3,0,Cash,Cancelled
O003225,C01998,P0182,28-11-2025,1,10,Upi,Cancelled
O003226,C00737,P0221,13-03-2025,2,20,Cash,Returned
O003227,C00283,P0381,12-02-2024,3,10,Cash,Returned
O003228,C00381,P0232,09-04-2024,4,110,Card,Cancelled
O003229,C01199,P0091,13-01-2024,2,0,Cash,Cancelled
O003230,C01448,P0248,12-10-2024,4,10,Card,Delivered
O003231,C00725,P0142,29-10-2025,2,0,Upi,Delivered
O003232,C01025,P0211,06-02-2025,2,110,Card,Delivered
O003233,C01208,P0437,08-08-2025,3,20,Cash,Cancelled
O003234,C00885,P0221,03-08-2025,3,110,Card,Delivered
O003235,C01306,P0241,16-07-2024,1,0,Upi,Delivered
O003236,C00790,P0101,18-09-2024,1,20,Upi,Delivered
O003237,C01192,P0499,14-02-2025,2,110,Card,Shipped
O003238,C01321,P0181,12-10-2024,2,0,Cash,Delivered
O003239,C01785,P0392,17-12-2024,0,0,Card,Returned
O003240,C01517,P0457,29-09-2025,3,20,Card,Delivered
O003241,C01775,P0267,08-11-2024,3,0,Upi,Returned
O003242,C01481,P0435,13-08-2024,2,10,Card,Returned
O003243,C00300,P0207,26-02-2025,3,0,Card,Returned
O003244,C01495,P0401,25-03-2024,2,0,Upi,Cancelled
O003245,C00801,P0173,16-01-2024,1,10,Upi,Delivered
O003246,C01536,P0300,05-10-2024,2,10,Cash,Returned
O003247,C00314,P0417,13-01-2024,1,10,Cash,Delivered
O003248,C00533,P0121,18-06-2024,3,20,Card,Delivered
O003249,C01130,P0208,01-01-2025,3,20,Upi,Delivered
O003250,C01932,P0066,26-08-2025,4,15,Upi,Shipped
O003251,C01098,P0433,06-04-2025,0,20,Card,Cancelled
O003252,C00092,P0454,30-09-2025,1,0,Upi,Shipped
O003253,C00961,P0255,24-10-2024,0,0,Upi,Returned
O003254,C00651,P0109,14-06-2024,3,0,Card,Returned
O003255,C01921,P0151,01-09-2024,2,10,Card,Shipped
O003256,C00801,P0156,11-08-2024,2,0,Cash,Delivered
O003257,C00990,P0478,24-12-2024,3,20,Cash,Shipped
O003258,C01243,P0262,31-07-2024,2,0,Upi,Returned
O003259,C00641,P0128,05-07-2024,4,15,Upi,Delivered
O003260,C00252,P0493,05-03-2024,2,110,Upi,Returned
O003261,C00852,P0140,10-02-2024,1,10,Card,Cancelled
O003262,C01472,P0206,02-02-2024,4,20,Cash,Shipped
O003263,C01083,P0482,06-12-2024,2,10,Card,Shipped
O003264,C01629,P0211,27-01-2025,4,15,Cash,Delivered
O003265,C01394,P0404,07-09-2024,4,15,Upi,Cancelled
O003266,C01726,P0423,02-02-2024,0,20,Card,Returned
O003267,C01308,P0187,23-09-2024,2,10,Upi,Returned
O003268,C00634,P0158,03-05-2025,4,15,Cash,Delivered
O003269,C00671,P0425,12-03-2025,1,110,Cash,Cancelled
O003270,C00794,P0006,20-04-2024,2,110,Upi,Returned
O003271,C01408,P0388,14-10-2025,2,10,Upi,Cancelled
O003272,C01573,P0026,02-10-2024,2,0,Card,Cancelled
O003273,C00554,P0005,15-09-2024,1,10,Upi,Shipped
O003274,C00913,P0069,02-02-2025,2,0,Cash,Cancelled
O003275,C01127,P0341,08-06-2025,0,10,Cash,Returned
O003276,C00033,P0465,24-09-2024,1,0,Upi,Delivered
O003277,C01254,P0306,22-12-2024,2,20,Upi,Returned
O003278,C00391,P0435,28-02-2025,1,20,Upi,Delivered
O003279,C00977,P0366,25-10-2024,2,0,Cash,Delivered
O003280,C01480,P0459,23-03-2024,4,15,Cash,Delivered
O003281,C01181,P0178,20-06-2025,1,0,Upi,Delivered
O003282,C01746,P0405,12-06-2025,2,0,Card,Delivered
O003283,C01421,P0462,02-07-2025,3,20,Upi,Shipped
O003284,C00278,P0071,19-07-2024,1,0,Card,Delivered
O003285,C00445,P0299,16-12-2024,2,10,Card,Returned
O003286,C01121,P0111,26-04-2024,1,0,Card,Shipped
O003287,C01786,P0151,27-06-2025,4,10,Upi,Returned
O003288,C01528,P0185,26-07-2025,3,10,Cash,Shipped
O003289,C00948,P0341,22-08-2025,3,0,Cash,Delivered
O003290,C01683,P0384,18-07-2025,4,20,Card,Cancelled
O003291,C00180,P0090,14-11-2025,2,10,Upi,Cancelled
O003292,C00534,P0112,31-10-2025,0,20,Cash,Returned
O003293,C00231,P0210,03-04-2024,2,0,Upi,Returned
O003294,C00466,P0108,25-08-2025,4,10,Card,Delivered
O003295,C01920,P0353,19-11-2024,1,0,Card,Shipped
O003296,C00544,P0274,11-04-2024,3,20,Upi,Delivered
O003297,C01357,P0059,03-03-2025,1,20,Cash,Delivered
O003298,C01899,P0484,09-05-2024,2,0,Card,Delivered
O003299,C00457,P0075,21-01-2025,0,110,Upi,Shipped
O003300,C01855,P0457,06-06-2025,3,0,Upi,Delivered
O003301,C00728,P0382,20-05-2024,2,10,Card,Returned
O003302,C00322,P0397,01-01-2024,3,20,Cash,Cancelled
O003303,C01955,P0474,09-05-2025,1,10,Card,Shipped
O003304,C00463,P0142,20-10-2024,3,10,Card,Delivered
O003305,C00878,P0059,14-10-2024,0,20,Cash,Shipped
O003306,C01824,P0074,22-06-2024,4,15,Upi,Returned
O003307,C00051,P0181,16-05-2024,4,110,Cash,Returned
O003308,C01496,P0128,09-03-2024,0,0,Upi,Returned
O003309,C00761,P0067,18-03-2025,3,0,Upi,Delivered
O003310,C01740,P0391,04-08-2024,4,20,Card,Delivered
O003311,C01893,P0220,31-10-2025,1,0,Cash,Cancelled
O003312,C00738,P0477,27-06-2025,1,20,Card,Returned
O003313,C00481,P0285,04-05-2024,2,110,Cash,Returned
O003314,C01754,P0466,23-10-2025,3,0,Card,Returned
O003315,C01709,P0200,05-06-2024,1,0,Cash,Delivered
O003316,C00499,P0243,03-11-2025,3,0,Card,Returned
O003317,C01116,P0352,27-05-2024,4,20,Card,Delivered
O003318,C01208,P0260,22-09-2025,3,10,Cash,Delivered
O003319,C01317,P0006,27-04-2025,2,0,Upi,Shipped
O003320,C01252,P0484,20-11-2024,3,10,Upi,Returned
O003321,C01334,P0250,27-05-2025,2,20,Card,Delivered
O003322,C01434,P0026,15-10-2025,2,0,Upi,Delivered
O003323,C00876,P0500,20-11-2025,4,10,Upi,Returned
O003324,C00855,P9999,13-04-2024,4,15,Upi,Returned
O003325,C00384,P0250,04-01-2025,2,10,Upi,Delivered
O003326,C00137,P0061,21-01-2025,0,0,Upi,Returned
O003327,C01713,P0295,15-06-2025,4,15,Upi,Returned
O003328,C00020,P0135,14-04-2025,0,110,Card,Delivered
O003329,C00291,P0135,09-08-2025,2,10,Card,Cancelled
O003330,C99999,P0094,17-06-2024,0,20,Upi,Delivered
O003331,C01897,P0313,19-06-2024,2,10,Upi,Cancelled
O003332,C00909,P0096,13-11-2024,1,0,Upi,Delivered
O003333,C00850,P0500,16-02-2025,1,10,Upi,Delivered
O003334,C00547,P0384,13-08-2025,3,20,Upi,Shipped
O003335,C00177,P0460,19-04-2025,2,0,Upi,Returned
O003336,C01543,P0291,08-04-2025,2,110,Cash,Cancelled
O003337,C01951,P0069,21-09-2024,2,20,Upi,Cancelled
O003338,C00831,P0341,22-10-2025,0,0,Upi,Delivered
O003339,C01032,P0432,14-10-2025,4,10,Upi,Shipped
O003340,C01112,P0030,13-10-2024,0,110,Card,Delivered
O003341,C00975,P0254,11-04-2025,1,20,Card,Returned
O003342,C01171,P0432,09-09-2025,3,20,Cash,Cancelled
O003343,C01470,P0371,25-02-2025,4,10,Cash,Returned
O003344,C01389,P0186,08-08-2024,4,10,Cash,Shipped
O003345,C01129,P0319,20-07-2024,2,10,Cash,Delivered
O003346,C01982,P0227,27-04-2024,2,0,Upi,Returned
O003347,C01764,P0315,21-05-2024,2,10,Cash,Returned
O003348,C01169,P0230,06-08-2024,4,110,Upi,Delivered
O003349,C00517,P0141,31-01-2024,2,0,Cash,Shipped
O003350,C00093,P0482,06-07-2024,3,0,Card,Delivered
O003351,C00599,P0068,08-06-2025,1,20,Upi,Cancelled
O003352,C01485,P0312,09-05-2025,0,0,Card,Delivered
O003353,C01358,P0010,01-04-2025,4,15,Upi,Delivered
O003354,C00842,P0334,01-06-2024,2,10,Card,Returned
O003355,C01744,P0462,12-11-2025,2,0,Upi,Shipped
O003356,C01247,P0266,30-05-2025,2,20,Cash,Delivered
O003357,C00499,P0443,08-10-2024,3,0,Cash,Shipped
O003358,C01515,P0045,09-06-2025,2,110,Cash,Delivered
O003359,C01304,P0145,28-09-2025,1,20,Cash,Delivered
O003360,C00182,P0101,08-12-2024,4,10,Cash,Shipped
O003361,C00626,P0477,04-07-2024,3,10,Upi,Shipped
O003362,C01690,P0409,29-12-2024,2,20,Upi,Returned
O003363,C00714,P0346,11-04-2025,2,10,Upi,Delivered
O003364,C01820,P0205,19-12-2024,1,10,Card,Delivered
O003365,C01674,P0179,12-09-2025,1,20,Upi,Delivered
O003366,C01275,P0289,06-09-2024,1,10,Cash,Shipped
O003367,C00666,P0132,04-08-2024,0,0,Cash,Returned
O003368,C00837,P0352,26-12-2024,3,0,Upi,Delivered
O003369,C00799,P0135,22-09-2024,3,0,Cash,Shipped
O003370,C00524,P0023,16-05-2024,4,10,Cash,Delivered
O003371,C00578,P0084,04-07-2024,4,15,Cash,Delivered
O003372,C01105,P0086,02-11-2025,2,0,Card,Delivered
O003373,C00188,P0174,14-08-2025,1,20,Upi,Shipped
O003374,C00111,P0456,24-06-2025,4,15,Cash,Delivered
O003375,C01356,P0279,01-04-2025,3,20,Card,Cancelled
O003376,C01683,P0433,11-07-2025,4,10,Card,Returned
O003377,C00395,P0008,08-08-2024,4,20,Cash,Shipped
O003378,C00648,P0457,04-06-2024,3,20,Cash,Delivered
O003379,C01991,P0280,07-01-2024,1,0,Upi,Shipped
O003380,C00945,P0419,18-03-2025,0,0,Upi,Delivered
O003381,C01026,P0159,07-10-2025,0,20,Upi,Shipped
O003382,C00018,P0476,04-05-2025,1,10,Upi,Delivered
O003383,C00451,P0111,20-08-2024,4,20,Card,Shipped
O003384,C00764,P0066,22-08-2025,3,0,Upi,Returned
O003385,C01572,P0493,21-04-2025,1,0,Upi,Delivered
O003386,C00490,P0199,19-03-2024,2,20,Upi,Delivered
O003387,C01029,P0424,13-07-2024,3,20,Card,Delivered
O003388,C00755,P0029,24-02-2025,2,110,Cash,Shipped
O003389,C00928,P0072,02-01-2024,0,20,Cash,Delivered
O003390,C00571,P0056,22-11-2024,1,20,Upi,Shipped
O003391,C01345,P0175,09-06-2024,2,0,Upi,Shipped
O003392,C00937,P0022,08-02-2024,0,0,Card,Returned
O003393,C01673,P0039,01-02-2024,4,15,Upi,Returned
O003394,C00171,P0499,05-09-2024,2,20,Card,Delivered
O003395,C00393,P0407,11-06-2025,4,10,Cash,Returned
O003396,C01083,P0214,10-05-2025,4,20,Upi,Shipped
O003397,C01076,P0404,22-04-2024,2,0,Upi,Cancelled
O003398,C00365,P0009,02-08-2025,2,0,Upi,Delivered
O003399,C01036,P0181,20-11-2024,4,10,Upi,Delivered
O003400,C00441,P0330,01-06-2024,4,10,Cash,Cancelled
O003401,C00702,P0045,03-09-2024,2,0,Cash,Shipped
O003402,C01290,P0475,22-07-2024,1,10,Card,Delivered
O003403,C01817,P0085,11-06-2025,0,0,Card,Delivered
O003404,C00401,P0297,03-12-2024,1,20,Upi,Delivered
O003405,C00903,P0099,14-01-2024,0,10,Cash,Shipped
O003406,C00026,P0141,22-02-2025,3,20,Card,Delivered
O003407,C01220,P0322,10-03-2024,3,20,Upi,Cancelled
O003408,C01363,P0031,07-03-2024,2,10,Cash,Returned
O003409,C00842,P0397,14-04-2025,2,20,Card,Delivered
O003410,C01307,P0245,22-07-2024,3,10,Upi,Cancelled
O003411,C00381,P0059,11-05-2025,1,10,Card,Cancelled
O003412,C00286,P0479,22-02-2025,0,10,Card,Returned
O003413,C01234,P0378,06-08-2025,2,20,Cash,Shipped
O003414,C01751,P0140,10-02-2024,3,20,Upi,Returned
O003415,C01036,P0437,27-06-2024,0,20,Cash,Delivered
O003416,C00692,P0156,16-11-2025,0,10,Card,Delivered
O003417,C01433,P0111,01-08-2024,2,0,Cash,Delivered
O003418,C00324,P0326,15-09-2025,3,0,Upi,Cancelled
O003419,C01642,P0447,10-04-2024,3,20,Upi,Delivered
O003420,C01992,P0423,09-11-2025,2,20,Cash,Delivered
O003421,C00912,P0374,24-03-2024,2,110,Upi,Shipped
O003422,C01167,P0372,21-09-2025,3,20,Cash,Returned
O003423,C00700,P0431,01-12-2025,1,110,Cash,Returned
O003424,C01429,P0346,06-06-2025,0,20,Card,Shipped
O003425,C01787,P0308,07-11-2024,4,15,Upi,Cancelled
O003426,C01313,P0201,25-01-2025,3,0,Upi,Cancelled
O003427,C00095,P0493,06-10-2024,4,15,Upi,Returned
O003428,C01232,P0389,19-02-2024,0,110,Upi,Delivered
O003429,C00734,P0144,03-06-2025,0,10,Upi,Shipped
O003430,C01235,P0110,24-06-2024,3,20,Upi,Delivered
O003431,C00781,P0290,11-04-2024,2,110,Cash,Delivered
O003432,C00276,P0185,01-05-2024,4,110,Upi,Delivered
O003433,C01907,P0084,19-11-2024,3,20,Upi,Cancelled
O003434,C01069,P0293,20-05-2024,4,110,Cash,Delivered
O003435,C01273,P0143,05-09-2024,2,20,Card,Delivered
O003436,C01127,P0198,05-03-2025,2,0,Upi,Delivered
O003437,C00659,P0375,19-10-2025,3,20,Upi,Cancelled
O003438,C01071,P0486,06-09-2024,2,10,Card,Returned
O003439,C00462,P0490,22-09-2025,1,0,Upi,Delivered
O003440,C00148,P0253,25-05-2024,2,110,Cash,Delivered
O003441,C00072,P0490,18-04-2024,3,0,Cash,Delivered
O003442,C01775,P0158,06-11-2024,0,0,Upi,Returned
O003443,C00996,P0350,21-06-2025,3,0,Card,Cancelled
O003444,C01505,P0379,06-10-2025,0,0,Cash,Returned
O003445,C01794,P0448,10-09-2025,4,110,Upi,Cancelled
O003446,C01548,P0091,18-03-2024,2,20,Upi,Returned
O003447,C00440,P0180,03-08-2024,3,10,Cash,Cancelled
O003448,C00863,P0228,29-01-2025,1,10,Card,Shipped
O003449,C00122,P0342,10-06-2024,0,10,Upi,Returned
O003450,C00910,P0303,31-03-2025,3,10,Card,Delivered
O003451,C01971,P0144,02-03-2024,2,0,Upi,Returned
O003452,C00485,P0147,05-12-2024,2,10,Card,Returned
O003453,C01407,P0331,06-02-2024,2,0,Upi,Cancelled
O003454,C01300,P0126,08-09-2024,4,10,Cash,Shipped
O003455,C01450,P0373,30-11-2025,3,110,Cash,Delivered
O003456,C01156,P0078,26-10-2024,0,0,Card,Cancelled
O003457,C00334,P0218,08-04-2024,2,10,Upi,Returned
O003458,C00550,P0328,01-05-2025,4,10,Upi,Delivered
O003459,C00024,P0230,25-10-2025,4,20,Upi,Delivered
O003460,C01679,P0460,12-06-2024,3,0,Card,Cancelled
O003461,C01920,P0013,03-08-2025,0,0,Upi,Returned
O003462,C01608,P0188,27-01-2024,1,10,Cash,Delivered
O003463,C01729,P0477,31-05-2025,1,20,Card,Returned
O003464,C01818,P0408,12-08-2024,1,0,Cash,Returned
O003465,C00497,P0199,09-09-2025,4,15,Upi,Delivered
O003466,C01178,P0439,04-01-2024,4,20,Upi,Delivered
O003467,C01789,P0283,07-02-2025,2,0,Cash,Shipped
O003468,C01753,P0457,03-01-2025,1,10,Card,Cancelled
O003469,C00777,P0160,30-06-2025,4,110,Cash,Delivered
O003470,C00554,P0154,19-10-2024,2,0,Cash,Delivered
O003471,C00055,P0174,05-06-2025,0,0,Upi,Cancelled
O003472,C00310,P0250,06-01-2024,2,20,Cash,Cancelled
O003473,C00064,P0123,27-03-2025,2,10,Upi,Returned
O003474,C01122,P0029,20-02-2025,2,110,Upi,Delivered
O003475,C00600,P0347,25-10-2025,0,10,Cash,Shipped
O003476,C01457,P0378,07-06-2024,1,20,Card,Returned
O003477,C00547,P0015,02-05-2025,2,110,Upi,Returned
O003478,C01012,P0413,24-09-2024,0,20,Cash,Shipped
O003479,C01050,P0429,17-01-2024,0,110,Cash,Delivered
O003480,C01445,P0052,01-09-2024,4,15,Cash,Delivered
O003481,C01623,P0284,10-05-2024,2,0,Upi,Shipped
O003482,C00716,P0334,24-03-2024,2,20,Upi,Cancelled
O003483,C00129,P0402,08-06-2024,4,20,Upi,Shipped
O003484,C01496,P0062,17-04-2025,3,0,Upi,Delivered
O003485,C00498,P0405,31-10-2025,2,110,Card,Delivered
O003486,C01605,P0122,25-08-2024,1,0,Upi,Shipped
O003487,C00021,P0438,13-07-2024,1,20,Card,Shipped
O003488,C01497,P0075,31-01-2024,4,10,Upi,Delivered
O003489,C00818,P0019,11-05-2024,0,0,Cash,Cancelled
O003490,C01269,P0128,26-10-2024,1,0,Upi,Delivered
O003491,C01229,P0006,21-03-2025,0,0,Upi,Shipped
O003492,C00300,P0193,16-10-2024,4,10,Upi,Returned
O003493,C01088,P0479,25-12-2024,0,10,Cash,Returned
O003494,C01070,P0328,15-07-2025,3,0,Card,Delivered
O003495,C00912,P0160,18-10-2025,2,0,Upi,Delivered
O003496,C01706,P0204,23-06-2025,2,10,Upi,Returned
O003497,C01688,P0131,13-08-2025,4,10,Upi,Returned
O003498,C01165,P0272,01-04-2024,1,20,Card,Returned
O003499,C00396,P0423,05-09-2024,2,0,Upi,Delivered
O003500,C00302,P0285,20-07-2024,1,20,Card,Shipped
O003501,C01521,P0446,06-02-2024,4,20,Upi,Delivered
O003502,C01398,P0386,21-08-2024,3,0,Upi,Cancelled
O003503,C00034,P0123,04-07-2025,0,0,Upi,Cancelled
O003504,C01746,P0061,03-05-2025,4,10,Upi,Delivered
O003505,C00787,P0364,26-06-2025,2,0,Card,Delivered
O003506,C00794,P0369,10-04-2025,2,20,Cash,Returned
O003507,C01028,P0421,03-04-2024,4,10,Upi,Cancelled
O003508,C01290,P0144,08-06-2024,2,0,Upi,Shipped
O003509,C01206,P0087,16-12-2024,3,0,Upi,Cancelled
O003510,C01878,P0287,12-01-2025,2,110,Card,Shipped
O003511,C00998,P0323,12-07-2024,2,0,Upi,Cancelled
O003512,C01407,P0372,02-01-2025,3,0,Card,Returned
O003513,C01202,P0159,09-05-2025,2,20,Card,Cancelled
O003514,C00149,P0069,30-03-2024,2,10,Upi,Returned
O003515,C00752,P0389,28-05-2024,4,20,Upi,Cancelled
O003516,C01315,P0018,11-01-2024,2,20,Upi,Cancelled
O003517,C01029,P0027,17-07-2024,2,10,Upi,Cancelled
O003518,C00790,P0365,25-04-2025,1,20,Upi,Delivered
O003519,C01010,P0094,25-11-2025,0,0,Upi,Returned
O003520,C01832,P0199,08-08-2025,2,0,Upi,Shipped
O003521,C00482,P0013,09-08-2025,4,110,Cash,Delivered
O003522,C01694,P0220,02-10-2024,2,10,Upi,Returned
O003523,C01270,P0062,24-07-2024,2,0,Upi,Delivered
O003524,C01392,P0497,12-12-2024,2,20,Cash,Delivered
O003525,C01716,P0316,01-10-2025,2,0,Cash,Delivered
O003526,C00690,P0397,17-06-2024,2,10,Upi,Delivered
O003527,C00096,P0345,01-05-2025,3,10,Upi,Delivered
O003528,C01015,P0378,10-06-2025,2,10,Upi,Returned
O003529,C01541,P0030,11-09-2024,2,20,Upi,Shipped
O003530,C02000,P0199,15-05-2025,3,20,Upi,Returned
O003531,C00030,P0228,12-03-2024,3,10,Upi,Cancelled
O003532,C00469,P0151,21-01-2025,2,110,Card,Delivered
O003533,C00980,P0475,30-10-2024,2,10,Card,Delivered
O003534,C00594,P0127,02-04-2025,1,0,Cash,Cancelled
O003535,C01933,P0042,31-01-2025,1,0,Cash,Shipped
O003536,C00404,P0375,17-07-2025,1,0,Upi,Delivered
O003537,C00771,P0351,04-10-2025,4,10,Cash,Delivered
O003538,C00568,P0489,09-04-2024,3,20,Cash,Cancelled
O003539,C00708,P0172,20-04-2024,2,10,Upi,Shipped
O003540,C01052,P0362,16-07-2024,1,10,Upi,Delivered
O003541,C01277,P0470,14-06-2024,1,0,Card,Returned
O003542,C01881,P0007,21-07-2025,3,0,Upi,Returned
O003543,C00915,P0075,06-09-2024,2,10,Upi,Cancelled
O003544,C00417,P0239,24-11-2024,2,20,Cash,Shipped
O003545,C01472,P0241,19-09-2024,3,20,Upi,Shipped
O003546,C00263,P0036,25-12-2024,2,10,Cash,Returned
O003547,C01411,P0227,13-06-2024,1,0,Cash,Cancelled
O003548,C00358,P0396,11-10-2024,2,10,Upi,Returned
O003549,C01678,P0449,24-04-2024,2,0,Upi,Delivered
O003550,C00971,P0126,19-07-2025,3,110,Cash,Returned
O003551,C01182,P0260,07-09-2024,0,20,Upi,Delivered
O003552,C00851,P0428,16-08-2024,3,0,Upi,Returned
O003553,C01262,P0341,08-03-2025,4,20,Card,Delivered
O003554,C00714,P0236,01-07-2025,4,15,Card,Shipped
O003555,C01947,P0289,10-12-2024,1,0,Cash,Shipped
O003556,C00782,P0024,21-09-2025,4,15,Cash,Returned
O003557,C01913,P0164,17-02-2025,0,0,Upi,Shipped
O003558,C00554,P0244,02-12-2024,3,0,Card,Delivered
O003559,C01198,P0296,11-04-2024,1,20,Card,Delivered
O003560,C00696,P0197,08-02-2024,0,20,Upi,Delivered
O003561,C01080,P0416,09-10-2024,0,20,Upi,Cancelled
O003562,C01678,P0125,23-07-2024,0,20,Upi,Returned
O003563,C01504,P0030,28-07-2025,0,0,Cash,Delivered
O003564,C00059,P0156,15-03-2024,1,20,Upi,Delivered
O003565,C00510,P0423,17-11-2024,2,110,Upi,Cancelled
O003566,C00610,P0194,23-02-2025,4,20,Card,Shipped
O003567,C01280,P0011,01-05-2024,1,20,Card,Delivered
O003568,C01872,P0040,09-10-2025,4,10,Upi,Shipped
O003569,C00035,P0088,15-07-2025,2,0,Upi,Cancelled
O003570,C01131,P0103,15-03-2024,2,0,Upi,Shipped
O003571,C00140,P0496,24-09-2024,4,20,Upi,Delivered
O003572,C01479,P0323,22-04-2024,4,10,Card,Cancelled
O003573,C01907,P0402,17-05-2025,2,0,Card,Delivered
O003574,C00037,P0382,23-02-2024,0,20,Upi,Delivered
O003575,C00477,P0121,05-09-2024,2,0,Cash,Delivered
O003576,C00630,P0085,21-05-2025,1,110,Card,Delivered
O003577,C01344,P0177,01-04-2025,1,110,Upi,Delivered
O003578,C01292,P0480,02-01-2025,4,15,Card,Returned
O003579,C01007,P0314,09-05-2024,1,0,Cash,Delivered
O003580,C01647,P0079,28-09-2025,0,0,Card,Shipped
O003581,C01506,P0146,26-08-2024,0,110,Cash,Returned
O003582,C01833,P0058,29-02-2024,0,0,Cash,Delivered
O003583,C01989,P0395,28-09-2025,2,0,Cash,Delivered
O003584,C00318,P0413,10-07-2025,4,10,Card,Cancelled
O003585,C00671,P0366,21-02-2024,0,20,Upi,Delivered
O003586,C00790,P0297,20-10-2024,3,0,Card,Delivered
O003587,C00377,P0143,08-05-2025,4,110,Cash,Delivered
O003588,C00221,P0050,02-05-2024,2,20,Cash,Delivered
O003589,C00160,P0004,15-09-2024,0,10,Upi,Delivered
O003590,C00902,P0456,19-01-2024,3,0,Upi,Returned
O003591,C00287,P0090,04-04-2025,2,0,Cash,Delivered
O003592,C01302,P0009,12-03-2025,1,20,Upi,Delivered
O003593,C01674,P0039,09-07-2024,2,10,Upi,Cancelled
O003594,C00284,P0058,17-08-2025,3,10,Upi,Delivered
O003595,C00700,P0030,29-05-2025,3,10,Card,Returned
O003596,C01444,P0310,09-01-2025,4,110,Upi,Returned
O003597,C00632,P0001,02-08-2025,3,0,Upi,Delivered
O003598,C01590,P0223,03-09-2024,3,10,Cash,Returned
O003599,C00771,P0320,22-10-2025,3,10,Card,Cancelled
O003600,C00189,P0263,31-08-2025,4,10,Upi,Returned
O003601,C01293,P9999,10-03-2024,2,0,Upi,Returned
O003602,C00255,P0212,29-02-2024,2,110,Upi,Cancelled
O003603,C01945,P0216,28-04-2024,4,20,Card,Shipped
O003604,C00634,P0070,12-10-2025,2,0,Upi,Delivered
O003605,C01195,P0491,29-12-2024,1,10,Cash,Returned
O003606,C01874,P0020,26-07-2024,4,15,Upi,Delivered
O003607,C01752,P0185,30-07-2025,0,0,Cash,Delivered
O003608,C01600,P0327,07-11-2024,2,0,Card,Cancelled
O003609,C00582,P0316,21-03-2025,3,0,Upi,Returned
O003610,C00266,P0083,06-02-2025,2,20,Upi,Returned
O003611,C01876,P0306,19-08-2025,2,10,Card,Cancelled
O003612,C01301,P0357,08-11-2024,1,10,Upi,Cancelled
O003613,C01775,P0237,01-03-2025,4,10,Upi,Cancelled
O003614,C00166,P0065,19-02-2025,0,0,Cash,Shipped
O003615,C00042,P0075,19-01-2024,0,10,Upi,Delivered
O003616,C00530,P0468,20-07-2024,2,10,Upi,Cancelled
O003617,C00925,P0331,10-11-2025,4,15,Cash,Returned
O003618,C00171,P0284,05-11-2024,2,0,Upi,Delivered
O003619,C00443,P0487,13-10-2024,3,0,Cash,Returned
O003620,C00161,P0482,17-08-2025,2,0,Card,Shipped
O003621,C01783,P0362,12-11-2024,2,0,Card,Cancelled
O003622,C01987,P0065,16-04-2024,4,10,Upi,Delivered
O003623,C00953,P0200,07-03-2024,4,10,Upi,Delivered
O003624,C01327,P0423,29-06-2024,0,0,Upi,Delivered
O003625,C01022,P0023,13-06-2024,4,15,Card,Delivered
O003626,C00461,P0299,29-03-2025,4,110,Upi,Delivered
O003627,C00111,P0272,23-07-2024,0,0,Upi,Returned
O003628,C01154,P0334,23-11-2025,3,110,Cash,Shipped
O003629,C00775,P0412,27-04-2025,2,0,Cash,Shipped
O003630,C00666,P0100,25-11-2025,2,0,Cash,Shipped
O003631,C00530,P0040,24-07-2025,3,0,Cash,Returned
O003632,C01127,P0401,06-11-2025,2,10,Cash,Delivered
O003633,C00957,P0304,10-01-2024,4,110,Upi,Returned
O003634,C01963,P0253,14-07-2024,3,0,Card,Delivered
O003635,C00401,P0453,09-09-2025,4,15,Upi,Shipped
O003636,C01365,P0471,10-03-2024,3,20,Card,Returned
O003637,C00669,P0310,10-02-2024,4,15,Upi,Returned
O003638,C00133,P0335,12-05-2025,1,0,Cash,Cancelled
O003639,C00146,P0285,26-05-2025,1,20,Upi,Delivered
O003640,C01585,P0448,15-11-2024,4,15,Cash,Delivered
O003641,C01479,P0096,03-10-2025,0,10,Upi,Cancelled
O003642,C01717,P0395,17-11-2025,4,10,Card,Delivered
O003643,C01089,P0054,23-11-2025,2,110,Cash,Delivered
O003644,C01965,P0369,12-03-2024,0,10,Card,Returned
O003645,C00972,P0174,29-01-2024,2,0,Upi,Delivered
O003646,C00679,P0402,12-01-2024,2,10,Cash,Cancelled
O003647,C00611,P0327,30-04-2024,4,20,Cash,Cancelled
O003648,C01392,P0498,01-02-2024,3,0,Upi,Returned
O003649,C00703,P0414,18-04-2024,1,10,Card,Cancelled
O003650,C01235,P0039,07-12-2024,2,10,Card,Returned
O003651,C00437,P0460,22-06-2025,4,10,Upi,Returned
O003652,C01275,P0471,03-06-2025,3,110,Upi,Delivered
O003653,C01438,P0453,11-02-2025,0,0,Upi,Cancelled
O003654,C00619,P0418,02-08-2024,2,20,Upi,Shipped
O003655,C01917,P0496,05-09-2025,3,0,Cash,Returned
O003656,C00765,P0131,19-08-2024,2,20,Card,Delivered
O003657,C01154,P0410,10-02-2025,4,15,Cash,Cancelled
O003658,C00470,P0426,06-04-2025,1,20,Card,Delivered
O003659,C00189,P0099,10-06-2024,4,110,Card,Returned
O003660,C01980,P0249,02-06-2024,2,20,Card,Delivered
O003661,C01415,P0344,06-03-2024,3,0,Upi,Delivered
O003662,C00017,P0269,19-01-2025,1,0,Upi,Delivered
O003663,C99999,P0334,13-04-2024,2,0,Card,Shipped
O003664,C01486,P0037,11-01-2024,1,0,Card,Delivered
O003665,C00236,P0440,09-11-2025,2,0,Cash,Shipped
O003666,C00614,P0029,01-02-2024,2,0,Upi,Returned
O003667,C00444,P0488,25-08-2024,0,20,Upi,Cancelled
O003668,C00693,P0205,29-10-2024,4,110,Upi,Returned
O003669,C01534,P0089,07-11-2025,0,10,Card,Delivered
O003670,C01216,P0274,07-07-2024,1,10,Upi,Delivered
O003671,C00334,P0464,23-10-2024,2,10,Card,Cancelled
O003672,C00473,P0081,17-08-2025,2,10,Upi,Delivered
O003673,C01693,P0125,08-10-2024,0,10,Card,Returned
O003674,C01172,P0411,20-11-2025,1,20,Upi,Shipped
O003675,C01967,P0073,12-07-2025,1,20,Cash,Delivered
O003676,C00319,P0167,07-11-2025,2,20,Upi,Delivered
O003677,C00968,P0433,21-09-2024,0,20,Upi,Cancelled
O003678,C01710,P0445,12-06-2025,1,10,Cash,Cancelled
O003679,C01744,P0364,20-06-2024,4,10,Upi,Delivered
O003680,C01821,P0415,10-02-2025,0,0,Upi,Delivered
O003681,C01145,P0334,09-04-2025,3,20,Upi,Delivered
O003682,C01071,P0369,17-07-2025,4,15,Cash,Cancelled
O003683,C00709,P0213,03-01-2025,2,20,Upi,Cancelled
O003684,C01109,P0470,21-03-2024,1,20,Card,Delivered
O003685,C01913,P0427,12-02-2025,4,10,Upi,Delivered
O003686,C00112,P0304,18-02-2025,2,0,Upi,Returned
O003687,C01368,P0443,12-07-2024,1,20,Upi,Delivered
O003688,C00505,P0363,22-03-2025,2,110,Cash,Shipped
O003689,C00780,P0400,10-08-2025,0,10,Cash,Returned
O003690,C00172,P0458,03-08-2024,0,110,Upi,Delivered
O003691,C00106,P0062,27-02-2024,2,20,Cash,Returned
O003692,C00229,P0104,08-10-2025,3,0,Upi,Delivered
O003693,C01393,P0240,20-11-2024,3,20,Upi,Delivered
O003694,C01011,P0310,24-06-2025,4,20,Upi,Cancelled
O003695,C00287,P0227,26-12-2024,2,10,Upi,Delivered
O003696,C00201,P0268,10-02-2025,0,20,Card,Delivered
O003697,C00241,P0474,30-07-2025,4,20,Card,Delivered
O003698,C01290,P0135,09-04-2025,1,0,Upi,Cancelled
O003699,C01099,P0051,07-04-2024,0,0,Upi,Delivered
O003700,C01480,P0338,18-10-2025,1,10,Upi,Shipped
O003701,C01872,P0080,23-06-2024,2,0,Upi,Delivered
O003702,C00108,P0378,03-04-2024,2,0,Cash,Cancelled
O003703,C00316,P0169,01-04-2025,1,0,Upi,Delivered
O003704,C00628,P0443,15-03-2024,2,10,Card,Shipped
O003705,C01163,P0256,21-05-2024,3,20,Card,Returned
O003706,C00236,P0328,11-11-2025,2,10,Cash,Delivered
O003707,C00848,P0100,07-10-2024,3,20,Cash,Shipped
O003708,C01644,P0228,13-04-2024,1,10,Cash,Cancelled
O003709,C01506,P0331,20-10-2024,0,110,Upi,Cancelled
O003710,C01109,P0367,29-03-2025,2,10,Card,Delivered
O003711,C01909,P0494,19-03-2024,0,20,Upi,Delivered
O003712,C01515,P0185,08-11-2025,3,110,Cash,Shipped
O003713,C00001,P0035,27-07-2024,3,10,Upi,Returned
O003714,C01617,P0109,10-05-2024,2,0,Card,Delivered
O003715,C00608,P0186,28-06-2024,3,20,Upi,Delivered
O003716,C00342,P0001,09-04-2024,2,20,Upi,Returned
O003717,C00825,P0479,24-05-2024,1,10,Card,Returned
O003718,C00913,P0468,08-10-2025,2,10,Upi,Cancelled
O003719,C01890,P0375,23-01-2025,4,110,Upi,Returned
O003720,C01050,P0200,03-02-2024,1,10,Upi,Returned
O003721,C01640,P0353,12-09-2024,2,20,Card,Delivered
O003722,C00420,P0218,23-06-2024,4,15,Card,Delivered
O003723,C01397,P0497,08-05-2025,2,10,Cash,Shipped
O003724,C01793,P0491,02-09-2024,2,110,Upi,Delivered
O003725,C01565,P0182,02-01-2024,4,110,Upi,Shipped
O003726,C01819,P0046,12-07-2024,2,10,Upi,Delivered
O003727,C01369,P0207,22-01-2024,4,15,Upi,Returned
O003728,C00176,P0496,06-01-2025,2,10,Card,Delivered
O003729,C00829,P0169,07-09-2024,0,20,Upi,Shipped
O003730,C00373,P0460,22-01-2024,1,0,Cash,Delivered
O003731,C01994,P0179,01-12-2025,1,10,Upi,Returned
O003732,C01675,P0129,02-06-2024,1,0,Cash,Shipped
O003733,C01831,P0347,24-05-2024,0,0,Upi,Returned
O003734,C00704,P0426,09-03-2024,0,0,Card,Delivered
O003735,C00165,P0476,09-09-2025,2,20,Cash,Cancelled
O003736,C00641,P0310,02-09-2025,2,0,Upi,Shipped
O003737,C00806,P0473,02-05-2024,1,10,Upi,Returned
O003738,C01676,P0299,14-11-2024,2,110,Upi,Cancelled
O003739,C00483,P0283,27-10-2024,4,10,Card,Returned
O003740,C01467,P0319,12-02-2025,0,110,Card,Cancelled
O003741,C00763,P0134,04-08-2025,1,20,Upi,Returned
O003742,C01737,P0438,08-09-2024,1,0,Cash,Delivered
O003743,C01125,P0053,06-08-2024,4,10,Card,Delivered
O003744,C00458,P0169,19-02-2025,1,0,Upi,Returned
O003745,C00850,P0173,02-07-2024,2,20,Upi,Delivered
O003746,C01221,P0481,17-05-2024,3,0,Upi,Delivered
O003747,C01202,P0299,17-03-2025,4,20,Upi,Shipped
O003748,C01953,P0182,29-11-2025,0,20,Upi,Delivered
O003749,C01760,P0437,16-11-2024,0,0,Upi,Shipped
O003750,C00461,P0440,02-05-2024,3,0,Upi,Shipped
O003751,C01533,P0215,23-09-2024,2,10,Cash,Returned
O003752,C00402,P0478,31-08-2025,2,20,Card,Delivered
O003753,C01921,P0210,01-08-2025,2,110,Upi,Cancelled
O003754,C00325,P0475,19-02-2025,4,10,Cash,Delivered
O003755,C00360,P0137,03-12-2024,2,10,Upi,Delivered
O003756,C01367,P0268,06-04-2024,3,20,Card,Shipped
O003757,C01183,P0243,06-11-2024,2,0,Upi,Delivered
O003758,C01885,P0291,03-03-2024,0,10,Card,Cancelled
O003759,C01437,P0319,13-02-2024,4,20,Card,Returned
O003760,C00359,P0375,19-04-2025,2,10,Upi,Shipped
O003761,C00112,P0047,16-03-2025,4,10,Upi,Cancelled
O003762,C00861,P0341,12-04-2025,3,0,Upi,Cancelled
O003763,C00388,P0462,20-01-2024,1,20,Card,Delivered
O003764,C00386,P0010,14-05-2024,3,0,Upi,Cancelled
O003765,C01417,P0017,25-01-2025,4,15,Upi,Delivered
O003766,C01097,P0407,01-10-2024,2,0,Card,Delivered
O003767,C00364,P0054,05-02-2025,4,10,Upi,Shipped
O003768,C01422,P0365,23-10-2024,2,0,Upi,Shipped
O003769,C00668,P0223,09-04-2024,2,110,Card,Returned
O003770,C00451,P0340,16-07-2025,4,15,Card,Shipped
O003771,C01700,P0329,06-06-2025,4,20,Upi,Delivered
O003772,C01752,P0222,04-06-2025,2,0,Cash,Delivered
O003773,C00698,P0394,07-08-2024,2,20,Cash,Delivered
O003774,C01751,P0416,05-03-2024,2,20,Cash,Delivered
O003775,C00813,P0355,15-01-2025,1,0,Card,Returned
O003776,C01848,P0025,03-11-2024,2,10,Cash,Delivered
O003777,C01915,P0483,28-11-2025,0,10,Card,Delivered
O003778,C00839,P0053,12-11-2025,2,20,Card,Delivered
O003779,C01640,P0042,28-01-2024,3,0,Card,Delivered
O003780,C00187,P0309,19-11-2024,2,0,Cash,Delivered
O003781,C00809,P0223,02-04-2025,0,20,Upi,Delivered
O003782,C01346,P0407,05-04-2025,2,10,Card,Shipped
O003783,C01190,P0202,28-09-2025,4,110,Cash,Cancelled
O003784,C01130,P0196,12-07-2024,2,110,Card,Cancelled
O003785,C01811,P0010,15-09-2025,2,0,Cash,Returned
O003786,C01238,P0168,26-01-2024,2,0,Upi,Delivered
O003787,C00327,P0384,09-08-2025,4,15,Upi,Delivered
O003788,C01181,P0221,14-01-2024,4,10,Cash,Returned
O003789,C01525,P0361,27-05-2025,2,0,Card,Delivered
O003790,C00763,P0248,12-05-2025,3,10,Card,Shipped
O003791,C01889,P0180,24-05-2024,1,20,Card,Returned
O003792,C00486,P0461,25-09-2024,3,20,Cash,Shipped
O003793,C01975,P0172,28-08-2024,0,10,Cash,Cancelled
O003794,C01817,P0069,11-09-2025,3,0,Upi,Delivered
O003795,C00341,P0306,11-05-2025,0,0,Upi,Delivered
O003796,C01509,P0448,21-07-2024,4,15,Cash,Delivered
O003797,C00269,P0259,27-01-2024,0,0,Card,Cancelled
O003798,C01596,P0452,18-04-2025,1,10,Card,Cancelled
O003799,C00480,P0092,26-10-2024,2,20,Upi,Returned
O003800,C01033,P0317,23-08-2025,1,0,Upi,Delivered
O003801,C00139,P0373,28-02-2024,2,10,Cash,Delivered
O003802,C01484,P0393,05-06-2025,2,10,Upi,Delivered
O003803,C01700,P0007,14-09-2025,2,10,Upi,Delivered
O003804,C01318,P0377,09-09-2024,2,20,Cash,Shipped
O003805,C01296,P0294,26-09-2024,2,0,Upi,Returned
O003806,C00924,P0496,30-04-2024,2,10,Cash,Cancelled
O003807,C00430,P0113,21-09-2025,2,110,Cash,Cancelled
O003808,C00568,P0180,15-05-2024,3,20,Upi,Cancelled
O003809,C01019,P0106,29-06-2025,0,10,Upi,Delivered
O003810,C01877,P0236,12-04-2025,3,0,Cash,Shipped
O003811,C00766,P0388,16-09-2025,2,110,Upi,Shipped
O003812,C01641,P0140,28-03-2024,1,10,Cash,Returned
O003813,C00684,P0164,25-02-2025,2,0,Upi,Shipped
O003814,C01763,P0492,19-04-2025,2,10,Upi,Delivered
O003815,C01395,P0200,20-10-2025,2,10,Card,Shipped
O003816,C01172,P0225,20-08-2025,2,110,Card,Shipped
O003817,C01750,P0016,12-08-2024,1,0,Cash,Cancelled
O003818,C00356,P0464,17-11-2025,0,0,Upi,Delivered
O003819,C01870,P0297,30-10-2024,4,110,Cash,Shipped
O003820,C01593,P0224,11-03-2025,2,20,Cash,Delivered
O003821,C00864,P0427,09-06-2024,2,20,Card,Delivered
O003822,C00071,P0322,23-06-2024,3,0,Card,Shipped
O003823,C00055,P0080,29-10-2025,4,15,Upi,Delivered
O003824,C00619,P0254,20-12-2024,2,20,Upi,Cancelled
O003825,C00165,P0398,30-06-2024,2,0,Upi,Returned
O003826,C01654,P0254,09-02-2024,1,10,Upi,Shipped
O003827,C01315,P0372,26-08-2024,3,10,Card,Returned
O003828,C00631,P0097,07-09-2025,3,0,Upi,Cancelled
O003829,C00994,P0204,11-01-2024,3,110,Upi,Shipped
O003830,C01558,P0023,11-06-2025,2,0,Upi,Delivered
O003831,C01169,P0032,21-02-2025,1,0,Upi,Returned
O003832,C00895,P0251,18-09-2024,0,110,Cash,Returned
O003833,C01090,P0430,25-08-2024,0,10,Card,Delivered
O003834,C00515,P0328,02-04-2025,3,0,Card,Delivered
O003835,C00706,P0206,01-01-2024,3,10,Cash,Returned
O003836,C00876,P0466,29-07-2024,0,0,Upi,Cancelled
O003837,C00222,P0118,09-06-2024,2,10,Cash,Delivered
O003838,C00814,P0451,30-04-2025,3,10,Upi,Shipped
O003839,C01375,P0401,14-06-2025,3,20,Cash,Returned
O003840,C00967,P0101,01-08-2025,2,0,Upi,Delivered
O003841,C00760,P0337,18-03-2024,2,20,Upi,Delivered
O003842,C01936,P0252,23-06-2024,2,20,Cash,Cancelled
O003843,C01018,P0481,20-02-2025,0,110,Card,Returned
O003844,C01753,P0470,24-05-2025,3,0,Upi,Delivered
O003845,C01215,P0098,14-05-2024,3,20,Cash,Shipped
O003846,C01797,P0188,23-04-2024,2,0,Card,Returned
O003847,C01652,P0365,19-07-2024,2,20,Cash,Shipped
O003848,C01173,P0024,18-07-2025,2,110,Upi,Delivered
O003849,C01766,P0242,16-05-2025,2,0,Upi,Delivered
O003850,C01037,P0375,30-06-2025,2,20,Upi,Returned
O003851,C01595,P0149,08-08-2025,2,0,Cash,Delivered
O003852,C00900,P0337,11-05-2025,3,20,Upi,Shipped
O003853,C00125,P0037,10-04-2024,3,10,Cash,Cancelled
O003854,C00236,P0201,20-06-2024,4,110,Cash,Returned
O003855,C01830,P0495,17-01-2025,2,10,Card,Returned
O003856,C01725,P0394,26-08-2024,1,110,Upi,Shipped
O003857,C00237,P0156,09-01-2024,4,15,Upi,Shipped
O003858,C01504,P0013,19-02-2024,4,10,Upi,Delivered
O003859,C01253,P0305,09-10-2024,1,0,Upi,Shipped
O003860,C00223,P0250,22-04-2025,0,20,Cash,Shipped
O003861,C01414,P0478,12-07-2024,0,20,Cash,Delivered
O003862,C00535,P0497,19-10-2024,3,0,Upi,Cancelled
O003863,C00119,P0240,01-03-2024,3,0,Upi,Shipped
O003864,C00881,P0330,10-03-2024,1,0,Card,Shipped
O003865,C00027,P0451,26-02-2025,4,10,Upi,Shipped
O003866,C00102,P0491,04-06-2024,4,10,Cash,Returned
O003867,C01498,P0342,07-07-2024,3,0,Card,Cancelled
O003868,C01202,P0305,28-12-2024,2,10,Upi,Shipped
O003869,C00986,P0206,13-10-2025,2,110,Card,Delivered
O003870,C01262,P0248,28-03-2025,3,0,Upi,Cancelled
O003871,C00116,P0101,04-06-2025,0,0,Upi,Delivered
O003872,C00660,P0263,23-03-2024,0,0,Card,Shipped
O003873,C01398,P0277,25-04-2024,1,0,Cash,Delivered
O003874,C01340,P0246,30-11-2024,1,20,Upi,Returned
O003875,C00078,P0204,16-05-2024,2,0,Card,Delivered
O003876,C01659,P0164,09-04-2025,4,20,Upi,Shipped
O003877,C00066,P0261,07-08-2025,0,0,Upi,Cancelled
O003878,C01898,P9999,16-02-2024,4,110,Card,Delivered
O003879,C01039,P0422,27-01-2024,3,10,Upi,Delivered
O003880,C01201,P0479,20-12-2024,4,15,Upi,Returned
O003881,C00858,P0114,08-04-2024,3,0,Cash,Delivered
O003882,C01789,P0320,11-01-2024,4,10,Upi,Delivered
O003883,C00689,P0026,19-06-2024,1,0,Upi,Shipped
O003884,C01513,P0424,04-10-2024,0,0,Card,Returned
O003885,C00034,P0107,03-06-2025,2,20,Upi,Shipped
O003886,C01696,P0010,10-11-2024,0,0,Upi,Delivered
O003887,C01511,P0204,25-03-2025,1,0,Cash,Delivered
O003888,C00374,P0144,16-06-2024,3,10,Cash,Returned
O003889,C01141,P0107,15-09-2024,1,0,Upi,Shipped
O003890,C01138,P0454,17-05-2024,0,110,Upi,Returned
O003891,C00126,P0107,26-09-2025,2,110,Upi,Shipped
O003892,C01762,P0266,09-10-2025,2,0,Cash,Delivered
O003893,C00146,P0038,02-05-2025,4,20,Cash,Shipped
O003894,C01747,P0209,02-02-2024,4,10,Upi,Cancelled
O003895,C00047,P0117,28-12-2024,4,15,Upi,Shipped
O003896,C00485,P0394,02-06-2024,2,10,Card,Returned
O003897,C00056,P0029,18-09-2025,3,10,Upi,Returned
O003898,C00745,P0469,18-08-2025,3,20,Cash,Delivered
O003899,C01254,P0451,11-08-2024,2,0,Upi,Delivered
O003900,C01322,P0030,10-06-2024,2,0,Upi,Delivered
O003901,C01508,P0183,22-09-2024,2,0,Cash,Shipped
O003902,C00179,P0455,25-02-2025,3,10,Upi,Cancelled
O003903,C00449,P0119,26-03-2024,2,10,Upi,Shipped
O003904,C01589,P0270,11-03-2025,1,0,Card,Delivered
O003905,C01138,P0216,30-10-2025,0,0,Upi,Shipped
O003906,C00661,P0419,28-08-2025,2,20,Upi,Returned
O003907,C01055,P0026,06-03-2025,2,20,Upi,Delivered
O003908,C00220,P0077,08-01-2025,0,0,Cash,Shipped
O003909,C01357,P0315,24-06-2025,2,110,Cash,Returned
O003910,C00638,P0060,01-02-2024,0,10,Card,Shipped
O003911,C00792,P0230,12-08-2024,2,10,Upi,Delivered
O003912,C00559,P0003,10-11-2025,3,110,Upi,Cancelled
O003913,C00810,P0477,01-11-2025,0,20,Upi,Shipped
O003914,C01234,P0432,01-12-2024,1,10,Upi,Returned
O003915,C00906,P0478,11-02-2025,0,110,Card,Delivered
O003916,C01941,P0003,30-09-2024,2,0,Cash,Delivered
O003917,C00816,P0001,15-05-2025,2,10,Card,Shipped
O003918,C01861,P0492,07-08-2024,4,15,Cash,Delivered
O003919,C01565,P0437,29-09-2025,1,0,Upi,Returned
O003920,C00613,P0204,02-11-2024,0,0,Cash,Delivered
O003921,C01470,P0268,19-10-2025,2,20,Cash,Delivered
O003922,C00830,P0141,17-06-2024,2,0,Card,Returned
O003923,C01049,P0292,29-05-2025,4,15,Upi,Returned
O003924,C00247,P0117,08-02-2025,2,10,Cash,Cancelled
O003925,C01770,P0473,24-03-2024,4,20,Upi,Cancelled
O003926,C00126,P0457,10-04-2024,2,110,Upi,Delivered
O003927,C01114,P0046,30-07-2024,2,0,Card,Cancelled
O003928,C00846,P0335,12-03-2025,2,20,Upi,Shipped
O003929,C00367,P0424,10-07-2025,2,10,Cash,Cancelled
O003930,C01949,P0473,22-03-2024,4,10,Upi,Shipped
O003931,C01845,P0082,01-10-2025,2,20,Card,Shipped
O003932,C00578,P0084,01-09-2024,2,20,Card,Delivered
O003933,C00289,P0040,31-08-2024,2,20,Card,Shipped
O003934,C01028,P0491,19-05-2024,3,20,Upi,Delivered
O003935,C01046,P0375,27-09-2025,2,0,Upi,Delivered
O003936,C01947,P0290,02-11-2024,2,0,Upi,Delivered
O003937,C00410,P0218,12-02-2024,1,10,Upi,Delivered
O003938,C00266,P0363,06-07-2024,4,110,Cash,Delivered
O003939,C01464,P0115,08-06-2024,4,10,Card,Shipped
O003940,C01548,P0100,21-10-2024,3,20,Card,Delivered
O003941,C01650,P0093,18-01-2024,1,10,Cash,Returned
O003942,C00550,P0255,27-12-2024,3,110,Upi,Returned
O003943,C01091,P0164,10-02-2025,0,10,Card,Delivered
O003944,C00677,P0422,28-09-2025,2,0,Cash,Cancelled
O003945,C00517,P0400,21-01-2024,2,10,Cash,Delivered
O003946,C01785,P0448,15-11-2025,2,0,Upi,Delivered
O003947,C00770,P0418,30-08-2025,4,20,Cash,Delivered
O003948,C01101,P0328,03-05-2024,4,110,Upi,Delivered
O003949,C00856,P0287,09-06-2025,3,110,Upi,Delivered
O003950,C00285,P0499,30-06-2025,2,0,Cash,Delivered
O003951,C00966,P0212,28-06-2025,4,20,Upi,Cancelled
O003952,C00587,P0414,13-12-2024,2,10,Upi,Shipped
O003953,C00124,P0076,28-12-2024,4,15,Card,Delivered
O003954,C01581,P0233,02-09-2025,0,0,Card,Delivered
O003955,C01272,P0492,16-04-2025,0,110,Card,Shipped
O003956,C00448,P0390,06-06-2024,1,20,Upi,Cancelled
O003957,C00443,P0382,24-07-2024,2,0,Card,Delivered
O003958,C00327,P0482,04-05-2025,2,110,Upi,Shipped
O003959,C00784,P0126,28-02-2024,1,10,Upi,Delivered
O003960,C01084,P0465,20-05-2024,0,20,Card,Cancelled
O003961,C01213,P0439,04-06-2025,1,20,Card,Returned
O003962,C01644,P0472,07-03-2025,4,15,Upi,Delivered
O003963,C01794,P0250,10-10-2025,1,0,Cash,Cancelled
O003964,C00522,P0043,05-02-2025,1,20,Upi,Shipped
O003965,C01524,P0111,01-08-2024,2,10,Card,Shipped
O003966,C01096,P0069,31-01-2025,4,110,Card,Delivered
O003967,C01723,P0404,14-01-2024,2,10,Upi,Cancelled
O003968,C01823,P0466,02-08-2025,2,10,Upi,Returned
O003969,C01323,P0221,10-02-2024,2,10,Upi,Returned
O003970,C00129,P0069,01-01-2024,3,0,Upi,Shipped
O003971,C01583,P0289,19-02-2024,1,0,Cash,Shipped
O003972,C01981,P0120,06-09-2024,4,20,Card,Shipped
O003973,C00129,P0310,11-08-2024,2,10,Upi,Returned
O003974,C00329,P0500,03-12-2024,3,10,Card,Delivered
O003975,C00822,P0231,30-11-2025,2,0,Upi,Returned
O003976,C01302,P0269,18-01-2025,1,20,Upi,Delivered
O003977,C00592,P0149,30-10-2025,4,110,Upi,Shipped
O003978,C01924,P0426,21-07-2024,0,10,Upi,Returned
O003979,C00075,P0278,13-11-2025,0,10,Upi,Cancelled
O003980,C00272,P0307,30-11-2025,0,0,Cash,Shipped
O003981,C00447,P0491,13-08-2025,4,10,Upi,Returned
O003982,C00980,P0378,03-07-2025,1,10,Upi,Cancelled
O003983,C00929,P0208,30-01-2024,1,20,Upi,Cancelled
O003984,C01895,P0109,17-10-2024,4,20,Upi,Returned
O003985,C00997,P0106,24-01-2025,2,20,Upi,Shipped
O003986,C00260,P0230,22-10-2024,2,20,Upi,Delivered
O003987,C00918,P0492,01-01-2025,0,20,Card,Delivered
O003988,C01939,P0101,12-10-2025,0,10,Upi,Returned
O003989,C01549,P0144,23-07-2025,2,0,Upi,Delivered
O003990,C01979,P0061,23-11-2024,4,10,Upi,Delivered
O003991,C01575,P0378,02-05-2025,2,110,Upi,Cancelled
O003992,C01469,P0454,05-04-2024,2,10,Cash,Cancelled
O003993,C01028,P0147,19-11-2024,2,10,Upi,Cancelled
O003994,C00098,P0199,21-09-2025,4,15,Card,Delivered
O003995,C00171,P0003,16-04-2025,2,110,Upi,Returned
O003996,C99999,P0009,30-04-2024,0,20,Upi,Delivered
O003997,C00024,P0412,03-11-2024,2,110,Upi,Cancelled
O003998,C00861,P0102,02-07-2024,2,20,Upi,Returned
O003999,C01414,P0052,10-04-2025,2,20,Cash,Delivered
O004000,C00575,P0495,30-06-2025,4,15,Cash,Delivered
O004001,C00984,P0192,09-07-2024,1,20,Cash,Returned
O004002,C00950,P0330,30-05-2024,3,10,Upi,Delivered
O004003,C00479,P0264,04-05-2025,2,0,Card,Cancelled
O004004,C00736,P0125,31-12-2024,4,15,Upi,Delivered
O004005,C00607,P0417,03-10-2024,2,20,Upi,Delivered
O004006,C01445,P0356,24-02-2025,2,0,Upi,Delivered
O004007,C01809,P0492,12-10-2024,1,0,Card,Shipped
O004008,C01386,P0180,19-10-2024,3,10,Upi,Shipped
O004009,C01331,P0041,17-01-2024,3,20,Upi,Cancelled
O004010,C01988,P0172,29-04-2024,2,0,Upi,Shipped
O004011,C00660,P0027,09-01-2025,2,20,Upi,Shipped
O004012,C01964,P0201,12-02-2024,3,20,Card,Returned
O004013,C00210,P0317,10-10-2025,2,0,Upi,Shipped
O004014,C01079,P0055,08-05-2024,1,10,Cash,Cancelled
O004015,C00293,P0054,18-03-2025,4,15,Upi,Delivered
O004016,C01871,P0381,01-03-2025,4,20,Upi,Returned
O004017,C01019,P0035,23-05-2025,1,20,Upi,Shipped
O004018,C00972,P0392,30-01-2024,4,10,Upi,Returned
O004019,C00832,P0500,17-08-2025,1,20,Upi,Returned
O004020,C01382,P0256,24-09-2024,2,10,Card,Delivered
O004021,C00897,P0170,13-11-2025,3,20,Upi,Cancelled
O004022,C00337,P0346,10-11-2025,4,20,Upi,Delivered
O004023,C01715,P0136,12-08-2025,1,0,Upi,Shipped
O004024,C01705,P0202,12-10-2024,2,20,Card,Delivered
O004025,C01199,P0299,03-02-2024,3,0,Upi,Shipped
O004026,C00738,P0153,04-06-2025,2,20,Card,Returned
O004027,C00116,P0374,07-09-2024,1,0,Upi,Shipped
O004028,C01998,P0140,05-01-2024,1,20,Card,Delivered
O004029,C00150,P0020,19-03-2025,1,20,Upi,Shipped
O004030,C00038,P0339,09-07-2025,1,10,Cash,Shipped
O004031,C00614,P0359,22-07-2024,2,110,Upi,Returned
O004032,C01598,P0444,21-01-2025,3,20,Cash,Delivered
O004033,C00517,P0120,23-12-2024,3,20,Upi,Delivered
O004034,C01535,P0143,19-10-2025,1,20,Upi,Shipped
O004035,C00589,P0350,07-04-2025,4,20,Cash,Shipped
O004036,C01495,P0312,05-08-2024,1,20,Upi,Delivered
O004037,C00138,P0401,14-04-2025,1,0,Card,Cancelled
O004038,C01807,P0125,05-10-2024,2,0,Card,Cancelled
O004039,C01134,P0476,25-07-2025,2,20,Cash,Shipped
O004040,C00165,P0368,28-01-2024,3,20,Upi,Delivered
O004041,C01810,P0262,27-11-2024,4,15,Card,Delivered
O004042,C00167,P0263,21-02-2024,0,20,Upi,Shipped
O004043,C00078,P0223,26-07-2025,4,20,Card,Delivered
O004044,C01436,P0090,01-02-2024,4,20,Cash,Delivered
O004045,C01122,P0493,21-02-2025,2,20,Upi,Delivered
O004046,C01314,P0157,28-06-2024,0,0,Card,Cancelled
O004047,C00055,P0062,02-11-2025,3,20,Card,Shipped
O004048,C00928,P0257,13-01-2024,1,0,Upi,Cancelled
O004049,C01773,P0331,29-03-2025,2,0,Cash,Cancelled
O004050,C00264,P0020,09-07-2025,3,0,Cash,Delivered
O004051,C01258,P0350,25-07-2024,2,20,Card,Shipped
O004052,C01738,P0300,25-11-2024,2,10,Upi,Delivered
O004053,C00127,P0111,14-02-2025,2,10,Upi,Shipped
O004054,C01694,P0282,16-06-2024,4,15,Card,Delivered
O004055,C01244,P0391,08-12-2024,0,10,Card,Delivered
O004056,C00957,P0313,11-05-2024,3,20,Cash,Delivered
O004057,C01857,P0254,12-03-2024,3,0,Upi,Returned
O004058,C00527,P0357,30-04-2024,3,10,Upi,Cancelled
O004059,C01092,P0265,29-02-2024,3,10,Upi,Shipped
O004060,C01604,P0379,24-06-2024,1,110,Card,Delivered
O004061,C00028,P0171,22-01-2025,4,20,Upi,Delivered
O004062,C00067,P0345,10-12-2024,0,10,Upi,Returned
O004063,C00349,P0309,06-05-2025,3,10,Card,Delivered
O004064,C00697,P0164,28-06-2024,1,10,Upi,Shipped
O004065,C00616,P0477,21-06-2025,2,10,Card,Shipped
O004066,C00009,P0288,13-11-2025,4,15,Card,Shipped
O004067,C00855,P0105,27-06-2024,0,10,Card,Delivered
O004068,C00880,P0189,15-06-2025,2,20,Upi,Delivered
O004069,C00623,P0230,15-04-2024,2,10,Cash,Delivered
O004070,C01663,P0213,26-10-2025,3,10,Cash,Delivered
O004071,C00331,P0457,04-05-2025,1,20,Upi,Delivered
O004072,C01139,P0068,11-04-2025,0,20,Cash,Delivered
O004073,C01696,P0072,21-11-2024,4,20,Upi,Cancelled
O004074,C01792,P0330,12-09-2025,2,0,Card,Cancelled
O004075,C00986,P0117,17-01-2024,3,0,Upi,Shipped
O004076,C01740,P0163,12-04-2024,1,10,Cash,Cancelled
O004077,C00049,P0038,05-12-2024,1,10,Upi,Returned
O004078,C01952,P0202,12-12-2024,4,10,Upi,Delivered
O004079,C01420,P0066,30-01-2024,0,0,Upi,Delivered
O004080,C00732,P0196,02-11-2025,0,0,Upi,Delivered
O004081,C00867,P0032,05-08-2024,1,20,Cash,Shipped
O004082,C01634,P0103,20-11-2025,0,20,Upi,Delivered
O004083,C00247,P0236,23-05-2025,0,20,Card,Shipped
O004084,C01806,P0118,03-03-2025,2,0,Card,Delivered
O004085,C01111,P0102,10-03-2025,1,0,Upi,Shipped
O004086,C01424,P0326,07-04-2024,4,15,Card,Delivered
O004087,C01256,P0415,12-05-2024,0,0,Cash,Delivered
O004088,C01362,P0460,27-06-2025,2,10,Upi,Shipped
O004089,C01080,P0028,02-04-2024,4,10,Upi,Returned
O004090,C00055,P0454,07-11-2025,3,0,Upi,Cancelled
O004091,C00038,P0345,19-10-2024,2,110,Card,Delivered
O004092,C01601,P0412,16-03-2024,0,0,Upi,Returned
O004093,C00874,P0465,18-11-2024,1,20,Upi,Cancelled
O004094,C01967,P0200,21-07-2024,1,10,Card,Delivered
O004095,C01842,P0434,10-12-2024,3,20,Upi,Shipped
O004096,C01422,P0165,16-10-2025,2,10,Upi,Cancelled
O004097,C01160,P0468,07-06-2025,1,10,Upi,Delivered
O004098,C00275,P0270,05-02-2024,3,20,Upi,Cancelled
O004099,C00133,P0327,03-08-2025,1,20,Cash,Returned
O004100,C00835,P0328,04-05-2024,2,10,Upi,Returned
O004101,C00074,P0254,18-07-2025,0,0,Upi,Cancelled
O004102,C01705,P0107,04-03-2025,2,110,Card,Shipped
O004103,C01807,P0028,12-02-2024,4,15,Upi,Returned
O004104,C00397,P0034,17-12-2024,1,10,Upi,Returned
O004105,C00820,P0357,05-04-2024,1,0,Cash,Returned
O004106,C00626,P0417,25-04-2024,0,110,Cash,Returned
O004107,C01403,P0067,15-08-2024,4,15,Upi,Delivered
O004108,C01956,P0400,15-08-2025,4,15,Upi,Delivered
O004109,C00771,P0388,01-01-2024,2,110,Upi,Delivered
O004110,C00373,P0290,02-09-2025,2,20,Upi,Returned
O004111,C00771,P0019,05-02-2025,1,20,Upi,Cancelled
O004112,C00092,P0184,06-11-2024,0,10,Cash,Shipped
O004113,C00804,P0230,19-09-2025,2,10,Upi,Delivered
O004114,C01747,P0329,18-09-2025,0,110,Upi,Delivered
O004115,C00600,P0113,22-08-2024,0,0,Upi,Shipped
O004116,C00808,P0277,10-06-2025,1,0,Upi,Returned
O004117,C01574,P0220,01-03-2024,3,0,Upi,Cancelled
O004118,C00064,P0046,10-07-2024,1,0,Card,Returned
O004119,C00300,P0412,24-01-2025,1,20,Upi,Returned
O004120,C00095,P0253,06-10-2025,0,20,Upi,Cancelled
O004121,C01464,P0238,16-09-2024,1,10,Upi,Cancelled
O004122,C00870,P0025,15-01-2025,3,10,Cash,Delivered
O004123,C01211,P0268,10-06-2025,4,15,Upi,Returned
O004124,C00919,P0003,31-05-2025,1,0,Upi,Delivered
O004125,C00388,P0115,25-05-2025,4,15,Upi,Delivered
O004126,C00484,P0279,16-04-2025,2,20,Card,Cancelled
O004127,C00250,P0333,20-05-2025,3,0,Card,Returned
O004128,C01984,P0193,14-04-2024,0,10,Upi,Cancelled
O004129,C01802,P0344,26-05-2024,1,0,Card,Delivered
O004130,C01514,P0391,17-05-2025,2,10,Card,Cancelled
O004131,C01774,P0392,03-11-2025,2,10,Upi,Delivered
O004132,C00782,P0199,13-04-2024,2,20,Upi,Delivered
O004133,C01135,P0474,30-03-2024,2,0,Upi,Cancelled
O004134,C00610,P0224,29-05-2024,4,15,Upi,Delivered
O004135,C01232,P0067,18-12-2024,2,0,Cash,Cancelled
O004136,C00221,P0037,21-07-2025,3,0,Cash,Shipped
O004137,C01242,P0036,20-01-2025,1,0,Upi,Delivered
O004138,C01678,P0126,24-09-2024,0,0,Upi,Cancelled
O004139,C01349,P0057,11-08-2025,4,10,Upi,Returned
O004140,C00944,P0211,12-11-2025,2,10,Upi,Cancelled
O004141,C00433,P0054,24-10-2025,2,10,Upi,Delivered
O004142,C01854,P0063,15-04-2025,0,0,Card,Returned
O004143,C01323,P0398,24-10-2024,3,10,Upi,Delivered
O004144,C01488,P0435,04-01-2024,0,20,Cash,Cancelled
O004145,C00306,P0306,29-08-2024,2,110,Card,Returned
O004146,C01939,P0365,18-11-2024,2,110,Cash,Delivered
O004147,C01429,P0034,19-04-2024,3,20,Upi,Shipped
O004148,C01819,P0435,05-08-2025,1,0,Card,Cancelled
O004149,C01200,P0068,22-08-2025,1,0,Cash,Delivered
O004150,C00676,P0422,28-05-2025,2,10,Card,Delivered
O004151,C00067,P0436,19-10-2024,3,10,Cash,Delivered
O004152,C00589,P0473,25-05-2025,1,110,Upi,Returned
O004153,C00127,P0040,03-11-2025,1,0,Cash,Cancelled
O004154,C00545,P0276,16-02-2025,1,10,Card,Delivered
O004155,C01351,P9999,11-04-2024,4,20,Cash,Delivered
O004156,C00207,P0495,19-05-2025,3,0,Upi,Shipped
O004157,C01720,P0105,09-08-2024,2,10,Cash,Returned
O004158,C01849,P0259,19-04-2024,2,10,Upi,Returned
O004159,C00933,P0093,17-11-2025,4,110,Card,Shipped
O004160,C01734,P0050,07-05-2024,1,0,Card,Returned
O004161,C00174,P0043,15-06-2024,2,20,Cash,Delivered
O004162,C01689,P0396,24-02-2025,3,10,Upi,Shipped
O004163,C01319,P0479,24-03-2025,2,20,Upi,Cancelled
O004164,C01337,P0419,12-05-2024,3,0,Upi,Delivered
O004165,C01843,P0316,07-11-2025,2,10,Card,Cancelled
O004166,C01596,P0351,27-06-2024,0,20,Cash,Shipped
O004167,C00133,P0457,08-02-2024,2,10,Upi,Cancelled
O004168,C00973,P0280,09-12-2024,1,10,Upi,Delivered
O004169,C01124,P0430,25-03-2024,0,0,Cash,Cancelled
O004170,C00139,P0308,08-10-2025,2,20,Cash,Cancelled
O004171,C00745,P0244,07-06-2024,4,20,Card,Cancelled
O004172,C01763,P0421,07-05-2024,0,0,Upi,Cancelled
O004173,C00949,P0168,11-12-2024,2,20,Card,Delivered
O004174,C01579,P0261,10-02-2025,4,20,Cash,Cancelled
O004175,C01948,P0467,19-09-2024,3,0,Upi,Returned
O004176,C00745,P0315,17-02-2024,4,15,Upi,Cancelled
O004177,C01971,P0167,01-12-2024,2,0,Card,Shipped
O004178,C00274,P0015,30-06-2025,2,20,Upi,Cancelled
O004179,C01364,P0495,24-03-2024,2,110,Upi,Shipped
O004180,C01486,P0379,23-05-2025,2,0,Upi,Cancelled
O004181,C00548,P0168,10-09-2024,0,10,Card,Delivered
O004182,C01853,P0142,01-05-2024,3,10,Upi,Delivered
O004183,C00354,P0179,12-10-2025,2,0,Card,Delivered
O004184,C00361,P0094,27-12-2024,2,110,Upi,Returned
O004185,C00165,P0283,03-03-2024,4,20,Upi,Delivered
O004186,C01435,P0357,22-03-2024,2,0,Upi,Shipped
O004187,C01725,P0270,20-12-2024,4,10,Card,Returned
O004188,C00011,P0290,17-07-2025,2,0,Upi,Delivered
O004189,C00821,P0341,22-08-2024,1,0,Card,Returned
O004190,C00439,P0323,02-06-2025,3,110,Upi,Returned
O004191,C00887,P0226,15-06-2024,2,20,Upi,Shipped
O004192,C01098,P0464,17-09-2024,2,0,Upi,Delivered
O004193,C01871,P0065,16-03-2025,3,20,Upi,Cancelled
O004194,C00128,P0179,15-01-2025,2,0,Card,Delivered
O004195,C00617,P0311,22-04-2025,2,20,Upi,Returned
O004196,C00794,P0139,08-05-2025,1,0,Upi,Cancelled
O004197,C00522,P0311,11-04-2025,2,20,Upi,Returned
O004198,C01143,P0397,31-12-2024,2,0,Upi,Returned
O004199,C01875,P0049,14-06-2025,2,10,Upi,Returned
O004200,C00403,P0190,28-11-2025,4,20,Cash,Delivered
O004201,C01196,P0168,20-02-2024,3,20,Card,Delivered
O004202,C00830,P0219,03-01-2025,1,10,Upi,Returned
O004203,C01403,P0495,24-12-2024,4,10,Cash,Shipped
O004204,C01745,P0076,16-03-2024,2,10,Upi,Delivered
O004205,C00316,P0088,07-10-2025,0,10,Upi,Returned
O004206,C00584,P0162,08-09-2025,1,0,Cash,Shipped
O004207,C01825,P0398,08-12-2024,2,20,Card,Shipped
O004208,C00525,P0109,28-01-2024,1,20,Upi,Delivered
O004209,C01364,P0387,31-07-2024,2,0,Card,Delivered
O004210,C00066,P0393,28-08-2024,4,20,Upi,Delivered
O004211,C01953,P0234,29-05-2024,1,10,Upi,Cancelled
O004212,C01911,P0186,13-08-2024,2,0,Cash,Delivered
O004213,C00909,P0208,07-09-2024,4,10,Card,Shipped
O004214,C01406,P0122,17-11-2024,3,110,Upi,Delivered
O004215,C01885,P0392,25-07-2024,2,0,Upi,Cancelled
O004216,C01772,P0284,29-09-2024,0,20,Cash,Delivered
O004217,C00278,P0322,28-06-2025,2,0,Cash,Delivered
O004218,C00395,P0497,17-02-2025,4,20,Card,Delivered
O004219,C01237,P0438,10-04-2025,2,0,Cash,Delivered
O004220,C00079,P0382,27-08-2024,0,0,Cash,Shipped
O004221,C00944,P0050,26-10-2025,0,10,Cash,Cancelled
O004222,C00881,P0049,19-10-2025,2,20,Upi,Delivered
O004223,C01784,P0023,29-02-2024,3,0,Card,Returned
O004224,C01676,P0293,07-01-2024,1,0,Upi,Returned
O004225,C00358,P0331,17-03-2024,1,110,Upi,Delivered
O004226,C00505,P0127,31-07-2024,2,10,Card,Shipped
O004227,C00589,P0044,27-06-2025,3,0,Upi,Shipped
O004228,C00899,P0202,24-11-2025,3,10,Cash,Shipped
O004229,C01911,P0139,29-04-2025,2,10,Upi,Delivered
O004230,C01053,P0082,30-09-2025,4,20,Cash,Delivered
O004231,C00694,P0115,05-06-2025,4,10,Cash,Returned
O004232,C01464,P0115,16-12-2024,1,20,Upi,Cancelled
O004233,C01333,P0069,04-04-2024,3,10,Card,Delivered
O004234,C00228,P0363,23-04-2025,0,110,Upi,Cancelled
O004235,C01324,P0337,30-03-2024,3,10,Upi,Delivered
O004236,C00027,P0441,18-03-2025,0,20,Card,Shipped
O004237,C00597,P0234,03-03-2024,2,0,Upi,Delivered
O004238,C01634,P0368,22-04-2025,2,110,Cash,Delivered
O004239,C00431,P0473,25-08-2025,2,110,Upi,Delivered
O004240,C00973,P0441,15-05-2024,4,10,Upi,Cancelled
O004241,C01468,P0090,10-08-2025,3,0,Card,Shipped
O004242,C00184,P0405,08-04-2025,2,110,Upi,Cancelled
O004243,C01484,P0011,03-02-2024,3,20,Cash,Returned
O004244,C00466,P0033,20-08-2024,0,20,Cash,Delivered
O004245,C00176,P0035,03-06-2024,4,15,Card,Cancelled
O004246,C00510,P0440,30-01-2025,2,0,Upi,Delivered
O004247,C00082,P0386,15-02-2025,2,20,Upi,Returned
O004248,C01726,P0095,11-01-2024,2,20,Upi,Shipped
O004249,C01235,P0352,22-06-2024,2,10,Upi,Delivered
O004250,C01791,P0349,11-03-2025,3,0,Cash,Delivered
O004251,C01551,P0500,10-10-2025,3,10,Upi,Shipped
O004252,C00874,P0117,13-09-2024,2,0,Card,Delivered
O004253,C01165,P0305,01-07-2025,2,20,Upi,Delivered
O004254,C01879,P0329,21-10-2025,1,10,Upi,Returned
O004255,C00411,P0381,30-07-2025,0,10,Cash,Returned
O004256,C01769,P0383,17-04-2024,3,0,Cash,Delivered
O004257,C01436,P0343,07-06-2025,1,0,Upi,Cancelled
O004258,C01190,P0117,25-02-2024,3,10,Upi,Delivered
O004259,C00806,P0074,23-03-2025,0,0,Upi,Cancelled
O004260,C00808,P0262,01-02-2024,1,20,Card,Delivered
O004261,C01865,P0108,15-01-2025,1,0,Card,Returned
O004262,C00588,P0079,18-04-2024,3,0,Cash,Delivered
O004263,C01471,P0062,29-07-2025,4,10,Card,Delivered
O004264,C00839,P0446,26-06-2024,2,10,Upi,Shipped
O004265,C01778,P0160,25-11-2024,2,20,Card,Delivered
O004266,C01666,P0116,01-03-2025,2,0,Card,Delivered
O004267,C01181,P0388,18-07-2025,2,0,Upi,Returned
O004268,C01831,P0116,30-11-2024,1,110,Upi,Returned
O004269,C00253,P0359,06-11-2025,1,0,Upi,Shipped
O004270,C01916,P0406,13-01-2025,3,10,Card,Returned
O004271,C01468,P0433,30-03-2025,0,0,Upi,Returned
O004272,C01100,P0262,06-08-2025,2,0,Upi,Shipped
O004273,C01283,P0106,30-07-2025,4,20,Upi,Delivered
O004274,C01136,P0223,14-03-2025,4,110,Upi,Returned
O004275,C01538,P0364,29-04-2025,4,10,Upi,Cancelled
O004276,C00825,P0468,27-03-2025,4,20,Upi,Cancelled
O004277,C01076,P0024,26-08-2024,2,0,Cash,Cancelled
O004278,C00498,P0220,18-11-2024,2,0,Upi,Delivered
O004279,C01123,P0062,04-03-2024,3,0,Cash,Shipped
O004280,C01390,P0078,04-07-2025,4,110,Cash,Delivered
O004281,C01379,P0013,22-12-2024,4,10,Cash,Cancelled
O004282,C01179,P0145,28-08-2025,1,0,Cash,Shipped
O004283,C00482,P0418,04-06-2024,2,0,Cash,Returned
O004284,C01272,P0134,14-09-2025,2,10,Upi,Shipped
O004285,C01112,P0309,24-02-2025,2,0,Upi,Delivered
O004286,C01089,P0218,26-11-2024,4,20,Upi,Returned
O004287,C01767,P0329,11-12-2024,3,10,Upi,Returned
O004288,C00228,P0399,18-07-2024,0,0,Cash,Delivered
O004289,C00596,P0299,05-04-2025,4,10,Upi,Delivered
O004290,C01791,P0267,20-03-2025,1,110,Upi,Shipped
O004291,C00596,P0426,09-04-2024,0,0,Upi,Shipped
O004292,C01805,P0339,16-04-2025,3,10,Upi,Returned
O004293,C00700,P0039,23-06-2025,4,10,Upi,Cancelled
O004294,C00296,P0414,31-10-2024,0,0,Upi,Shipped
O004295,C00899,P0339,01-11-2025,3,0,Card,Shipped
O004296,C01875,P0138,12-04-2024,2,0,Card,Shipped
O004297,C00456,P0411,18-01-2024,3,0,Upi,Returned
O004298,C00483,P0332,26-03-2024,2,110,Card,Returned
O004299,C01083,P0381,26-08-2024,2,10,Upi,Cancelled
O004300,C01953,P0093,13-06-2025,1,20,Upi,Delivered
O004301,C00986,P0090,10-05-2025,2,20,Cash,Delivered
O004302,C00650,P0300,06-07-2024,1,20,Upi,Delivered
O004303,C01813,P0354,28-04-2024,3,20,Card,Delivered
O004304,C01940,P0383,16-04-2024,2,0,Cash,Cancelled
O004305,C01316,P0055,12-06-2024,2,110,Upi,Delivered
O004306,C00294,P0407,18-07-2025,3,110,Card,Returned
O004307,C01618,P0017,23-04-2025,0,20,Upi,Returned
O004308,C00141,P0117,31-10-2025,3,110,Cash,Cancelled
O004309,C00374,P0173,27-04-2025,0,10,Cash,Cancelled
O004310,C00719,P0072,21-02-2024,0,0,Upi,Delivered
O004311,C00400,P0228,18-02-2025,0,110,Upi,Shipped
O004312,C00300,P0476,06-05-2025,2,10,Card,Returned
O004313,C01950,P0392,03-04-2024,0,0,Upi,Cancelled
O004314,C01268,P0187,01-08-2024,3,20,Card,Returned
O004315,C01683,P0400,17-08-2024,1,20,Upi,Delivered
O004316,C01017,P0207,24-09-2024,1,10,Cash,Returned
O004317,C00666,P0049,14-11-2024,1,10,Cash,Delivered
O004318,C01143,P0176,03-08-2025,2,10,Card,Delivered
O004319,C00287,P0272,05-07-2025,2,20,Card,Returned
O004320,C01534,P0246,01-09-2024,0,20,Cash,Cancelled
O004321,C00031,P0430,27-08-2024,2,0,Cash,Returned
O004322,C01473,P0437,05-04-2024,0,10,Card,Delivered
O004323,C01056,P0059,03-11-2024,3,10,Upi,Delivered
O004324,C01117,P0401,09-04-2024,2,110,Card,Cancelled
O004325,C01899,P0298,06-11-2025,2,0,Cash,Delivered
O004326,C01614,P0343,10-03-2025,4,15,Upi,Cancelled
O004327,C01753,P0237,01-05-2024,0,20,Upi,Cancelled
O004328,C01872,P0410,29-09-2025,2,0,Cash,Cancelled
O004329,C99999,P0403,01-09-2024,2,0,Card,Delivered
O004330,C01000,P0186,16-10-2024,2,20,Cash,Cancelled
O004331,C01082,P0123,02-08-2025,0,0,Cash,Shipped
O004332,C00927,P0143,15-07-2024,2,10,Cash,Returned
O004333,C01238,P0182,26-07-2024,2,20,Upi,Shipped
O004334,C01923,P0095,01-05-2024,0,110,Card,Cancelled
O004335,C00733,P0026,04-09-2025,0,20,Upi,Delivered
O004336,C00267,P0407,15-04-2025,1,0,Upi,Returned
O004337,C00210,P0104,29-10-2025,2,0,Upi,Cancelled
O004338,C01602,P0163,23-02-2025,2,10,Upi,Shipped
O004339,C01654,P0312,30-07-2024,1,0,Card,Returned
O004340,C01793,P0383,01-06-2025,4,20,Upi,Returned
O004341,C00921,P0026,24-12-2024,0,10,Upi,Delivered
O004342,C01146,P0142,11-09-2024,2,10,Upi,Delivered
O004343,C00041,P0040,09-11-2024,0,110,Upi,Delivered
O004344,C00490,P0126,29-04-2024,1,10,Upi,Delivered
O004345,C00756,P0181,07-10-2024,0,110,Cash,Shipped
O004346,C01833,P0035,25-05-2024,2,20,Upi,Cancelled
O004347,C01455,P0211,29-05-2025,1,20,Upi,Delivered
O004348,C00642,P0145,24-12-2024,4,20,Cash,Returned
O004349,C01674,P0125,26-02-2024,2,20,Cash,Cancelled
O004350,C01779,P0476,06-10-2024,0,0,Cash,Shipped
O004351,C01667,P0092,12-06-2024,3,20,Cash,Returned
O004352,C01772,P0466,12-04-2025,0,10,Cash,Returned
O004353,C01550,P0172,12-11-2025,1,20,Upi,Cancelled
O004354,C01282,P0203,04-06-2024,2,20,Upi,Cancelled
O004355,C01969,P0305,14-05-2025,2,10,Upi,Shipped
O004356,C01916,P0197,08-07-2024,0,110,Card,Returned
O004357,C01547,P0418,13-04-2024,1,10,Card,Returned
O004358,C00263,P0119,07-01-2025,2,0,Card,Delivered
O004359,C00209,P0217,22-10-2025,1,10,Upi,Cancelled
O004360,C00669,P0011,28-06-2025,3,20,Cash,Cancelled
O004361,C01605,P0490,31-10-2025,2,20,Upi,Returned
O004362,C01654,P0019,11-06-2025,2,20,Upi,Delivered
O004363,C00106,P0468,31-03-2024,0,10,Cash,Delivered
O004364,C01464,P0165,12-07-2025,3,10,Cash,Cancelled
O004365,C00424,P0498,13-08-2024,3,0,Upi,Shipped
O004366,C01531,P0163,02-11-2025,2,0,Upi,Delivered
O004367,C00655,P0403,16-11-2024,2,0,Card,Delivered
O004368,C00432,P0292,06-06-2024,2,0,Card,Delivered
O004369,C00123,P0470,13-04-2024,3,20,Cash,Cancelled
O004370,C01768,P0482,27-06-2025,2,10,Upi,Delivered
O004371,C00717,P0003,04-05-2025,4,110,Card,Delivered
O004372,C01618,P0401,19-10-2025,1,110,Upi,Shipped
O004373,C01636,P0113,28-05-2024,0,110,Card,Cancelled
O004374,C01800,P0449,06-03-2025,2,0,Upi,Shipped
O004375,C01894,P0027,23-11-2024,3,10,Upi,Shipped
O004376,C00365,P0356,18-04-2025,1,0,Upi,Delivered
O004377,C01640,P0268,23-01-2024,1,20,Upi,Cancelled
O004378,C00471,P0340,19-03-2024,4,110,Upi,Returned
O004379,C00188,P0007,25-06-2025,2,20,Upi,Cancelled
O004380,C00747,P0296,15-01-2025,0,110,Card,Shipped
O004381,C01999,P0272,04-03-2024,2,110,Upi,Delivered
O004382,C01342,P0289,01-10-2025,4,15,Card,Delivered
O004383,C01412,P0314,15-10-2025,4,15,Card,Delivered
O004384,C00280,P0451,20-05-2024,1,110,Upi,Cancelled
O004385,C00127,P0354,25-01-2025,2,10,Upi,Shipped
O004386,C00371,P0286,17-01-2025,0,20,Upi,Returned
O004387,C00991,P0461,24-08-2024,1,20,Card,Cancelled
O004388,C01694,P0207,30-05-2025,2,0,Card,Returned
O004389,C01064,P0200,09-06-2025,3,110,Cash,Delivered
O004390,C00141,P0308,27-09-2025,3,110,Upi,Delivered
O004391,C00646,P0168,19-10-2024,1,0,Upi,Returned
O004392,C00571,P0449,05-09-2024,3,0,Upi,Delivered
O004393,C00062,P0094,19-07-2025,2,110,Cash,Delivered
O004394,C00335,P0079,30-01-2024,2,0,Upi,Delivered
O004395,C00992,P0171,12-07-2025,3,0,Upi,Delivered
O004396,C00640,P0430,08-09-2024,0,20,Upi,Delivered
O004397,C00090,P0344,08-04-2025,1,10,Upi,Returned
O004398,C01693,P0449,08-10-2025,1,0,Cash,Shipped
O004399,C00562,P0365,19-02-2024,1,0,Cash,Delivered
O004400,C00367,P0354,18-12-2024,1,10,Upi,Delivered
O004401,C00248,P0033,27-03-2025,0,10,Upi,Cancelled
O004402,C01245,P0421,09-09-2024,1,110,Upi,Cancelled
O004403,C00281,P0206,02-02-2025,3,20,Upi,Returned
O004404,C01368,P0133,20-05-2024,0,10,Upi,Delivered
O004405,C01847,P0396,22-05-2025,2,110,Cash,Shipped
O004406,C00361,P0116,20-11-2025,2,110,Card,Delivered
O004407,C01789,P0291,21-03-2024,2,10,Upi,Delivered
O004408,C01509,P0458,04-08-2025,3,10,Cash,Returned
O004409,C00257,P0064,28-02-2025,2,0,Cash,Delivered
O004410,C01493,P0132,09-02-2024,2,10,Card,Delivered
O004411,C00525,P0421,30-04-2025,3,10,Upi,Delivered
O004412,C00733,P0281,14-07-2024,1,0,Card,Delivered
O004413,C01603,P0350,30-10-2025,2,0,Upi,Returned
O004414,C01010,P0065,14-07-2025,4,15,Upi,Returned
O004415,C01346,P0437,09-08-2025,3,20,Upi,Delivered
O004416,C00889,P0468,20-07-2025,1,0,Upi,Delivered
O004417,C01337,P0178,26-08-2024,2,0,Card,Delivered
O004418,C01674,P0092,09-11-2024,2,20,Cash,Shipped
O004419,C00828,P0037,03-08-2024,4,15,Cash,Delivered
O004420,C00573,P0153,11-06-2025,3,110,Upi,Returned
O004421,C01670,P0491,16-11-2024,1,10,Card,Delivered
O004422,C01118,P0364,09-01-2024,0,10,Upi,Delivered
O004423,C00605,P0379,04-04-2025,3,0,Upi,Delivered
O004424,C01384,P0487,02-06-2024,0,110,Card,Returned
O004425,C00510,P0025,22-10-2024,1,10,Card,Cancelled
O004426,C01735,P0410,19-02-2024,1,10,Card,Returned
O004427,C00061,P0236,14-11-2025,2,10,Upi,Cancelled
O004428,C01777,P0166,11-07-2025,4,10,Upi,Returned
O004429,C00223,P0132,09-08-2024,2,0,Cash,Delivered
O004430,C00483,P0186,31-01-2024,1,20,Upi,Cancelled
O004431,C01906,P0055,01-06-2024,2,0,Cash,Shipped
O004432,C01987,P9999,04-04-2024,2,0,Upi,Returned
O004433,C00987,P0304,03-10-2025,3,10,Upi,Shipped
O004434,C00996,P0468,21-05-2025,2,0,Upi,Cancelled
O004435,C01088,P0365,18-05-2024,0,20,Cash,Returned
O004436,C00057,P0499,14-06-2024,0,0,Card,Shipped
O004437,C01320,P0058,25-03-2025,1,20,Cash,Delivered
O004438,C00465,P0130,08-08-2024,3,10,Upi,Returned
O004439,C01902,P0081,14-04-2024,4,10,Cash,Delivered
O004440,C00246,P0174,29-12-2024,2,20,Upi,Delivered
O004441,C00110,P0224,15-04-2025,3,110,Upi,Delivered
O004442,C01472,P0143,03-05-2024,2,110,Upi,Delivered
O004443,C01010,P0340,16-02-2024,0,0,Card,Shipped
O004444,C01613,P0100,19-12-2024,3,20,Cash,Cancelled
O004445,C01544,P0031,02-08-2025,1,0,Upi,Delivered
O004446,C00349,P0093,28-11-2025,1,110,Cash,Delivered
O004447,C00594,P0265,05-03-2025,4,20,Card,Delivered
O004448,C01489,P0164,22-09-2024,2,0,Cash,Delivered
O004449,C01913,P0465,24-03-2025,4,110,Upi,Delivered
O004450,C01978,P0319,13-04-2024,3,110,Upi,Cancelled
O004451,C00053,P0377,29-06-2025,1,20,Upi,Shipped
O004452,C01234,P0210,24-08-2025,1,10,Card,Cancelled
O004453,C01494,P0178,09-06-2025,2,20,Card,Cancelled
O004454,C00123,P0190,30-03-2024,2,10,Upi,Shipped
O004455,C00778,P0160,04-12-2024,2,0,Upi,Returned
O004456,C00735,P0061,05-12-2024,2,0,Cash,Returned
O004457,C00500,P0332,22-04-2024,4,15,Upi,Cancelled
O004458,C00949,P0102,31-07-2025,1,0,Upi,Shipped
O004459,C01200,P0340,25-05-2024,3,0,Card,Cancelled
O004460,C00494,P0085,29-01-2025,0,110,Cash,Cancelled
O004461,C01507,P0050,26-08-2025,3,0,Cash,Shipped
O004462,C00717,P0302,02-09-2024,1,0,Upi,Shipped
O004463,C01782,P0173,17-11-2024,1,0,Upi,Delivered
O004464,C01440,P0373,06-07-2024,3,0,Upi,Returned
O004465,C01183,P0500,13-09-2025,0,0,Upi,Shipped
O004466,C00759,P0303,13-08-2025,2,10,Upi,Cancelled
O004467,C01833,P0425,11-05-2024,1,20,Upi,Returned
O004468,C00909,P0030,04-12-2024,3,110,Card,Delivered
O004469,C01232,P0130,07-03-2025,2,0,Upi,Cancelled
O004470,C00305,P0315,10-10-2025,0,110,Upi,Delivered
O004471,C01129,P0038,02-01-2024,4,110,Cash,Returned
O004472,C00715,P0076,10-06-2024,0,110,Cash,Cancelled
O004473,C00505,P0136,13-07-2024,1,20,Card,Returned
O004474,C00663,P0491,16-04-2024,2,0,Upi,Shipped
O004475,C00093,P0476,17-07-2025,2,20,Upi,Delivered
O004476,C01076,P0138,18-11-2024,3,10,Upi,Cancelled
O004477,C00087,P0184,05-08-2024,4,15,Card,Returned
O004478,C01277,P0076,03-05-2024,2,10,Upi,Shipped
O004479,C01741,P0253,07-01-2024,2,10,Upi,Cancelled
O004480,C01786,P0352,02-03-2024,2,0,Card,Delivered
O004481,C01959,P0067,31-03-2024,2,10,Upi,Returned
O004482,C00923,P0229,06-06-2025,3,10,Upi,Delivered
O004483,C01129,P0460,19-02-2025,3,0,Upi,Returned
O004484,C00380,P0304,16-06-2025,3,20,Cash,Delivered
O004485,C01453,P0199,26-01-2024,3,0,Card,Delivered
O004486,C00162,P0221,30-11-2025,0,0,Card,Returned
O004487,C01776,P0247,27-09-2024,2,110,Upi,Delivered
O004488,C00929,P0495,15-02-2024,2,110,Card,Shipped
O004489,C00980,P0057,16-04-2025,2,0,Cash,Shipped
O004490,C00120,P0123,31-05-2024,3,110,Upi,Returned
O004491,C00006,P0284,10-07-2024,0,0,Card,Delivered
O004492,C01273,P0489,07-07-2024,3,10,Cash,Cancelled
O004493,C00868,P0307,12-10-2024,0,20,Upi,Delivered
O004494,C00782,P0130,19-11-2025,2,20,Card,Cancelled
O004495,C00786,P0364,15-06-2024,3,20,Upi,Cancelled
O004496,C00793,P0155,14-07-2024,3,10,Card,Cancelled
O004497,C00923,P0302,16-08-2024,2,110,Cash,Delivered
O004498,C00374,P0442,24-06-2024,0,0,Upi,Cancelled
O004499,C00491,P0298,22-08-2024,0,0,Card,Delivered
O004500,C00635,P0056,27-01-2024,1,0,Cash,Shipped
O004501,C01305,P0176,21-02-2025,2,10,Upi,Returned
O004502,C00748,P0096,17-11-2024,3,10,Upi,Cancelled
O004503,C00208,P0150,22-02-2025,1,20,Cash,Returned
O004504,C01385,P0127,26-08-2024,0,20,Cash,Returned
O004505,C00685,P0278,24-11-2024,0,0,Upi,Cancelled
O004506,C00584,P0261,15-11-2024,1,10,Cash,Shipped
O004507,C01917,P0337,06-05-2025,2,110,Card,Returned
O004508,C01940,P0423,20-06-2024,2,20,Card,Returned
O004509,C00070,P0175,04-01-2024,2,0,Card,Returned
O004510,C00697,P0407,16-06-2024,3,110,Upi,Cancelled
O004511,C00159,P0191,23-04-2025,2,0,Upi,Shipped
O004512,C00292,P0442,27-07-2024,3,10,Upi,Cancelled
O004513,C00154,P0109,02-06-2025,2,0,Upi,Shipped
O004514,C00910,P0032,22-02-2024,3,20,Upi,Returned
O004515,C01224,P0010,04-11-2024,4,110,Upi,Delivered
O004516,C01270,P0048,30-05-2025,1,20,Cash,Delivered
O004517,C00191,P0081,01-12-2024,1,20,Upi,Delivered
O004518,C01614,P0465,06-01-2025,1,110,Cash,Shipped
O004519,C01014,P0022,10-08-2025,0,20,Upi,Cancelled
O004520,C00301,P0108,04-04-2024,2,0,Upi,Delivered
O004521,C00068,P0317,28-11-2025,1,0,Upi,Cancelled
O004522,C00718,P0397,22-09-2025,4,10,Cash,Delivered
O004523,C00736,P0219,20-04-2024,1,20,Card,Cancelled
O004524,C00281,P0293,24-02-2025,2,0,Cash,Shipped
O004525,C01734,P0372,01-11-2025,0,20,Upi,Shipped
O004526,C01033,P0347,02-07-2025,2,0,Upi,Cancelled
O004527,C00881,P0307,15-03-2025,2,10,Card,Delivered
O004528,C01325,P0380,13-01-2025,2,10,Upi,Delivered
O004529,C00575,P0277,02-09-2024,2,0,Upi,Delivered
O004530,C00211,P0142,01-10-2024,3,20,Upi,Returned
O004531,C00700,P0072,26-12-2024,2,0,Upi,Returned
O004532,C01190,P0002,28-07-2024,2,20,Card,Returned
O004533,C01606,P0027,14-05-2024,1,0,Upi,Returned
O004534,C01213,P0246,20-05-2025,0,0,Cash,Cancelled
O004535,C00977,P0121,17-05-2025,2,10,Card,Delivered
O004536,C00922,P0242,05-08-2024,1,0,Card,Delivered
O004537,C01361,P0050,28-09-2025,4,15,Card,Cancelled
O004538,C00395,P0343,19-02-2024,4,15,Upi,Returned
O004539,C00066,P0186,11-08-2024,0,10,Upi,Returned
O004540,C00843,P0304,07-03-2024,3,20,Card,Delivered
O004541,C00040,P0495,13-06-2024,1,0,Upi,Returned
O004542,C00363,P0149,23-08-2024,4,110,Card,Delivered
O004543,C01747,P0303,22-06-2025,2,20,Upi,Returned
O004544,C00258,P0079,16-09-2024,3,10,Upi,Delivered
O004545,C01114,P0327,29-07-2024,2,10,Upi,Delivered
O004546,C01374,P0419,27-10-2025,2,0,Upi,Delivered
O004547,C01795,P0444,15-06-2024,4,110,Upi,Shipped
O004548,C01890,P0419,12-08-2024,4,15,Upi,Delivered
O004549,C01920,P0115,23-09-2025,1,0,Upi,Cancelled
O004550,C01576,P0432,23-07-2025,2,10,Cash,Returned
O004551,C01766,P0056,08-10-2025,4,10,Cash,Shipped
O004552,C00439,P0007,11-11-2024,0,10,Cash,Returned
O004553,C00259,P0009,10-02-2025,3,10,Cash,Delivered
O004554,C00612,P0276,18-12-2024,0,20,Card,Cancelled
O004555,C01060,P0388,26-08-2024,1,0,Upi,Returned
O004556,C01420,P0486,30-03-2025,3,20,Cash,Cancelled
O004557,C01121,P0423,22-10-2024,0,10,Upi,Shipped
O004558,C01780,P0312,03-11-2024,4,10,Upi,Shipped
O004559,C00654,P0233,29-08-2024,1,10,Card,Shipped
O004560,C01797,P0305,12-01-2025,1,110,Upi,Returned
O004561,C00828,P0386,26-09-2024,3,0,Upi,Delivered
O004562,C01169,P0132,04-08-2025,0,20,Card,Delivered
O004563,C00022,P0377,11-05-2025,0,10,Cash,Shipped
O004564,C01858,P0463,27-12-2024,3,110,Card,Returned
O004565,C01326,P0233,28-07-2024,1,0,Upi,Delivered
O004566,C01845,P0008,23-05-2025,2,0,Upi,Delivered
O004567,C00870,P0230,10-11-2025,1,0,Cash,Shipped
O004568,C01319,P0123,05-07-2025,2,0,Cash,Returned
O004569,C00889,P0432,24-04-2024,3,0,Upi,Delivered
O004570,C01530,P0309,04-04-2025,1,10,Upi,Cancelled
O004571,C00927,P0038,18-05-2024,3,20,Upi,Delivered
O004572,C01381,P0157,19-11-2025,2,20,Upi,Cancelled
O004573,C00200,P0241,07-04-2024,4,110,Cash,Delivered
O004574,C01950,P0242,12-03-2024,3,10,Upi,Delivered
O004575,C00848,P0463,24-04-2025,1,0,Cash,Shipped
O004576,C00382,P0365,15-11-2024,3,20,Upi,Delivered
O004577,C01860,P0298,03-01-2025,1,0,Upi,Delivered
O004578,C01241,P0324,17-03-2024,3,0,Cash,Shipped
O004579,C01500,P0127,15-08-2025,2,20,Cash,Returned
O004580,C01073,P0132,09-11-2025,2,10,Upi,Cancelled
O004581,C01290,P0158,19-09-2025,4,20,Upi,Cancelled
O004582,C00464,P0005,22-12-2024,2,0,Card,Delivered
O004583,C00972,P0098,08-11-2025,2,20,Upi,Delivered
O004584,C00796,P0065,21-04-2024,0,20,Cash,Cancelled
O004585,C00637,P0264,04-02-2025,3,10,Card,Returned
O004586,C00002,P0149,19-09-2025,2,0,Card,Shipped
O004587,C00713,P0360,01-04-2025,2,110,Card,Returned
O004588,C01966,P0046,27-11-2025,0,0,Card,Shipped
O004589,C01820,P0389,24-08-2025,2,0,Cash,Returned
O004590,C00785,P0216,22-06-2024,2,10,Cash,Shipped
O004591,C00601,P0260,05-03-2024,2,10,Upi,Shipped
O004592,C01093,P0356,15-01-2025,2,20,Upi,Shipped
O004593,C01743,P0096,12-02-2024,2,20,Upi,Shipped
O004594,C00805,P0275,13-04-2025,1,10,Upi,Delivered
O004595,C00366,P0284,11-08-2025,0,10,Upi,Cancelled
O004596,C00724,P0406,23-11-2024,2,10,Upi,Cancelled
O004597,C00823,P0323,02-03-2025,3,0,Upi,Returned
O004598,C00992,P0264,31-03-2025,2,0,Cash,Cancelled
O004599,C00505,P0289,10-05-2025,4,20,Upi,Cancelled
O004600,C01719,P0483,29-06-2024,2,20,Card,Returned
O004601,C00398,P0350,28-08-2024,0,20,Cash,Cancelled
O004602,C00606,P0439,15-08-2025,3,0,Upi,Returned
O004603,C01749,P0274,08-03-2024,0,0,Card,Delivered
O004604,C01799,P0246,18-10-2024,3,110,Upi,Delivered
O004605,C00487,P0345,20-04-2024,4,15,Cash,Returned
O004606,C01068,P0105,27-07-2025,2,10,Card,Delivered
O004607,C00948,P0493,05-03-2025,2,0,Card,Shipped
O004608,C01252,P0199,01-02-2024,4,15,Upi,Shipped
O004609,C00321,P0021,06-07-2024,4,110,Cash,Cancelled
O004610,C01596,P0039,20-07-2024,0,0,Card,Delivered
O004611,C01765,P0242,18-10-2025,4,110,Card,Shipped
O004612,C00077,P0012,07-09-2024,1,20,Upi,Cancelled
O004613,C00211,P0244,29-11-2025,2,0,Upi,Cancelled
O004614,C01569,P0224,05-06-2024,1,20,Cash,Cancelled
O004615,C00762,P0137,15-03-2025,0,0,Card,Returned
O004616,C00326,P0174,27-05-2024,2,10,Upi,Shipped
O004617,C01901,P0430,19-07-2025,2,0,Upi,Cancelled
O004618,C00888,P0423,21-01-2025,2,10,Upi,Delivered
O004619,C01141,P0438,09-03-2025,0,110,Upi,Shipped
O004620,C00445,P0427,27-11-2024,0,0,Upi,Shipped
O004621,C00874,P0448,07-03-2024,0,10,Cash,Returned
O004622,C01827,P0062,25-09-2024,0,0,Upi,Delivered
O004623,C00988,P0161,05-04-2024,2,0,Upi,Delivered
O004624,C00589,P0075,11-03-2024,4,15,Upi,Cancelled
O004625,C01528,P0144,25-11-2025,0,110,Upi,Delivered
O004626,C00692,P0353,12-02-2025,3,110,Upi,Cancelled
O004627,C00128,P0481,09-03-2025,4,15,Cash,Delivered
O004628,C01898,P0243,02-05-2024,1,0,Upi,Returned
O004629,C00787,P0173,17-03-2025,1,110,Cash,Cancelled
O004630,C00872,P0329,16-02-2024,2,10,Cash,Returned
O004631,C00769,P0374,22-10-2024,2,110,Upi,Delivered
O004632,C01692,P0308,28-03-2025,4,15,Cash,Delivered
O004633,C00292,P0093,28-05-2024,3,20,Upi,Delivered
O004634,C00556,P0133,06-03-2025,1,10,Upi,Returned
O004635,C01751,P0230,30-05-2024,4,15,Upi,Delivered
O004636,C01855,P0083,01-12-2024,1,20,Card,Cancelled
O004637,C00570,P0008,17-02-2024,2,110,Cash,Returned
O004638,C00474,P0436,18-06-2024,2,20,Upi,Returned
O004639,C01577,P0318,28-08-2024,1,110,Card,Delivered
O004640,C01259,P0481,13-09-2025,4,15,Card,Cancelled
O004641,C01997,P0389,21-02-2025,2,10,Cash,Delivered
O004642,C01178,P0309,23-02-2024,0,20,Upi,Delivered
O004643,C01276,P0406,10-03-2024,3,10,Card,Delivered
O004644,C01552,P0004,31-07-2024,4,10,Cash,Shipped
O004645,C01769,P0156,08-07-2024,3,10,Upi,Shipped
O004646,C01197,P0130,02-05-2025,2,0,Upi,Delivered
O004647,C00921,P0175,28-09-2024,2,10,Card,Shipped
O004648,C00253,P0250,15-10-2024,2,20,Card,Cancelled
O004649,C00495,P0209,03-08-2024,0,0,Upi,Cancelled
O004650,C00842,P0251,12-10-2025,1,0,Upi,Cancelled
O004651,C00234,P0090,18-05-2024,2,0,Upi,Shipped
O004652,C00292,P0240,08-09-2025,2,20,Card,Returned
O004653,C01990,P0264,03-02-2024,0,0,Upi,Cancelled
O004654,C01229,P0495,05-02-2024,4,10,Upi,Delivered
O004655,C00143,P0294,10-05-2025,1,10,Card,Shipped
O004656,C01799,P0271,11-09-2025,1,20,Upi,Delivered
O004657,C00657,P0368,18-09-2025,3,20,Upi,Shipped
O004658,C00724,P0117,22-05-2024,2,0,Card,Delivered
O004659,C01235,P0186,18-10-2024,4,110,Cash,Returned
O004660,C01306,P0103,22-03-2025,4,20,Upi,Delivered
O004661,C00171,P0112,07-11-2025,2,20,Cash,Returned
O004662,C99999,P0320,25-06-2024,1,20,Upi,Returned
O004663,C00633,P0003,18-05-2025,1,20,Upi,Cancelled
O004664,C01342,P0242,17-11-2025,2,0,Card,Cancelled
O004665,C01985,P0254,20-10-2024,0,110,Upi,Delivered
O004666,C01859,P0091,21-10-2024,1,10,Upi,Delivered
O004667,C00701,P0099,05-10-2025,2,10,Card,Cancelled
O004668,C00215,P0004,16-06-2025,3,0,Upi,Returned
O004669,C00646,P0316,06-05-2024,3,20,Card,Returned
O004670,C00512,P0180,09-05-2025,0,20,Upi,Cancelled
O004671,C01053,P0163,22-07-2025,4,20,Upi,Cancelled
O004672,C00217,P0362,08-06-2025,0,0,Upi,Returned
O004673,C01799,P0159,05-03-2024,4,10,Cash,Shipped
O004674,C01562,P0107,23-05-2025,3,10,Upi,Delivered
O004675,C01030,P0417,14-04-2024,0,10,Upi,Cancelled
O004676,C00567,P0429,23-01-2025,1,10,Upi,Delivered
O004677,C00499,P0455,22-03-2024,4,15,Upi,Cancelled
O004678,C00874,P0163,11-08-2025,3,110,Upi,Delivered
O004679,C00840,P0219,31-01-2025,3,0,Card,Shipped
O004680,C01679,P0115,03-09-2024,0,0,Upi,Delivered
O004681,C00215,P0256,27-09-2024,2,20,Upi,Delivered
O004682,C00541,P0320,07-06-2025,0,20,Cash,Delivered
O004683,C01259,P0365,20-05-2024,2,0,Upi,Shipped
O004684,C01307,P0314,30-01-2025,3,110,Cash,Shipped
O004685,C00117,P0413,23-08-2024,0,20,Cash,Shipped
O004686,C00911,P0183,22-11-2024,4,15,Upi,Delivered
O004687,C00354,P0120,11-05-2024,0,0,Upi,Cancelled
O004688,C00821,P0225,13-10-2024,3,20,Upi,Shipped
O004689,C00950,P0147,15-07-2025,2,0,Cash,Returned
O004690,C01394,P0461,26-01-2024,4,10,Card,Returned
O004691,C00487,P0237,22-10-2025,2,0,Card,Returned
O004692,C00050,P0085,02-01-2025,0,110,Upi,Shipped
O004693,C01918,P0478,23-08-2025,2,0,Upi,Returned
O004694,C01135,P0195,25-05-2025,4,20,Cash,Delivered
O004695,C00262,P0062,15-05-2025,1,20,Card,Delivered
O004696,C00021,P0340,24-04-2024,1,10,Card,Returned
O004697,C01471,P0333,23-03-2025,2,20,Cash,Delivered
O004698,C00008,P0256,30-07-2024,2,0,Upi,Cancelled
O004699,C01549,P0153,17-11-2025,3,0,Upi,Delivered
O004700,C00910,P0343,15-08-2024,1,0,Cash,Delivered
O004701,C01357,P0148,01-05-2024,1,10,Card,Delivered
O004702,C01823,P0237,19-04-2024,0,0,Upi,Shipped
O004703,C01945,P0318,08-05-2025,3,10,Cash,Returned
O004704,C01211,P0365,07-06-2025,0,110,Card,Cancelled
O004705,C01742,P0350,04-05-2024,0,0,Upi,Delivered
O004706,C00303,P0375,18-09-2025,1,20,Upi,Returned
O004707,C00051,P0464,01-06-2024,0,20,Upi,Delivered
O004708,C01552,P0476,09-03-2025,2,110,Upi,Returned
O004709,C00358,P9999,07-02-2025,4,20,Upi,Returned
O004710,C00505,P0470,20-12-2024,2,10,Upi,Delivered
O004711,C00723,P0018,11-01-2025,1,110,Cash,Cancelled
O004712,C00074,P0330,23-05-2024,2,110,Upi,Delivered
O004713,C00590,P0055,22-12-2024,0,110,Upi,Returned
O004714,C00992,P0456,13-05-2024,4,20,Upi,Delivered
O004715,C01564,P0405,03-05-2024,3,20,Card,Returned
O004716,C01266,P0441,30-03-2025,2,10,Upi,Delivered
O004717,C00963,P0231,31-03-2024,2,0,Upi,Returned
O004718,C01355,P0284,11-11-2024,0,10,Upi,Delivered
O004719,C01313,P0147,26-02-2025,1,0,Card,Shipped
O004720,C00647,P0386,24-11-2024,2,110,Card,Shipped
O004721,C00084,P0026,26-07-2025,2,0,Cash,Delivered
O004722,C01039,P0143,24-03-2025,2,10,Cash,Delivered
O004723,C00055,P0150,22-03-2025,0,0,Upi,Cancelled
O004724,C00913,P0048,22-03-2025,3,110,Upi,Returned
O004725,C00429,P0015,27-03-2024,1,0,Card,Shipped
O004726,C00963,P0130,30-09-2025,3,110,Upi,Returned
O004727,C00940,P0075,03-07-2024,2,20,Upi,Returned
O004728,C00346,P0389,28-01-2025,3,20,Cash,Delivered
O004729,C00515,P0488,14-06-2024,3,0,Upi,Delivered
O004730,C01160,P0184,21-08-2024,4,20,Upi,Delivered
O004731,C01693,P0074,21-01-2025,0,0,Upi,Cancelled
O004732,C01180,P0048,18-09-2025,1,0,Upi,Delivered
O004733,C00996,P0102,12-11-2025,0,0,Upi,Shipped
O004734,C00272,P0090,07-02-2024,4,10,Upi,Cancelled
O004735,C00306,P0179,05-06-2025,2,0,Cash,Delivered
O004736,C00888,P0396,06-07-2024,3,20,Card,Delivered
O004737,C00678,P0385,23-05-2025,2,20,Upi,Shipped
O004738,C00236,P0019,19-01-2025,4,15,Upi,Cancelled
O004739,C01856,P0251,05-11-2024,1,10,Card,Delivered
O004740,C00186,P0046,30-08-2024,2,0,Card,Delivered
O004741,C01210,P0433,18-11-2025,1,0,Upi,Delivered
O004742,C01526,P0147,17-11-2024,2,20,Upi,Cancelled
O004743,C01555,P0492,11-12-2024,3,110,Upi,Returned
O004744,C00542,P0471,26-08-2024,1,0,Upi,Cancelled
O004745,C00924,P0321,13-09-2024,1,0,Upi,Delivered
O004746,C01775,P0211,29-02-2024,0,10,Upi,Returned
O004747,C01256,P0353,28-10-2024,1,10,Upi,Cancelled
O004748,C00913,P0153,15-08-2025,4,20,Upi,Cancelled
O004749,C01699,P0424,31-10-2025,0,20,Upi,Delivered
O004750,C01957,P0069,24-10-2025,2,20,Upi,Returned
O004751,C01005,P0391,09-05-2024,2,0,Upi,Delivered
O004752,C01799,P0313,15-09-2025,0,20,Upi,Returned
O004753,C00648,P0061,03-05-2024,0,0,Upi,Delivered
O004754,C00364,P0177,15-05-2024,2,110,Upi,Shipped
O004755,C00430,P0413,01-05-2024,1,110,Cash,Shipped
O004756,C01460,P0114,29-12-2024,3,10,Upi,Delivered
O004757,C00876,P0106,08-08-2024,4,15,Upi,Delivered
O004758,C01032,P0359,09-07-2025,0,20,Card,Shipped
O004759,C00964,P0400,16-04-2025,3,0,Card,Cancelled
O004760,C01882,P0115,21-08-2024,1,10,Upi,Cancelled
O004761,C00715,P0339,07-08-2024,4,10,Cash,Delivered
O004762,C01536,P0053,09-10-2025,3,0,Card,Returned
O004763,C01066,P0311,13-08-2025,1,10,Upi,Shipped
O004764,C01171,P0003,06-09-2025,3,10,Card,Delivered
O004765,C01205,P0320,25-04-2025,2,0,Cash,Shipped
O004766,C01501,P0453,29-05-2024,2,0,Upi,Returned
O004767,C01318,P0167,12-04-2025,4,15,Card,Delivered
O004768,C01188,P0125,28-08-2024,1,20,Upi,Delivered
O004769,C00264,P0339,15-08-2024,0,0,Upi,Delivered
O004770,C00955,P0051,01-12-2025,3,10,Cash,Returned
O004771,C01270,P0137,15-09-2024,2,20,Card,Cancelled
O004772,C01399,P0196,05-08-2025,3,10,Card,Delivered
O004773,C01167,P0296,21-10-2024,0,0,Card,Shipped
O004774,C00269,P0382,08-03-2024,0,10,Upi,Cancelled
O004775,C00673,P0399,09-06-2024,4,110,Cash,Shipped
O004776,C00858,P0054,25-03-2024,2,20,Upi,Delivered
O004777,C00728,P0355,01-03-2024,1,10,Cash,Delivered
O004778,C00733,P0016,13-10-2024,1,0,Card,Delivered
O004779,C00787,P0310,19-08-2025,0,10,Upi,Shipped
O004780,C01148,P0465,01-12-2024,1,20,Upi,Delivered
O004781,C01687,P0156,03-03-2024,3,0,Cash,Shipped
O004782,C00623,P0318,16-03-2025,2,10,Card,Returned
O004783,C00235,P0398,31-05-2024,0,0,Upi,Shipped
O004784,C00204,P0377,20-01-2024,0,10,Upi,Returned
O004785,C00996,P0462,01-09-2024,0,10,Upi,Cancelled
O004786,C00549,P0258,25-09-2025,1,0,Upi,Delivered
O004787,C00081,P0355,27-10-2025,3,10,Upi,Shipped
O004788,C01726,P0319,24-04-2025,4,15,Upi,Cancelled
O004789,C00423,P0423,06-03-2025,4,15,Card,Delivered
O004790,C01359,P0097,17-06-2024,1,0,Upi,Returned
O004791,C01433,P0055,13-07-2025,2,110,Upi,Delivered
O004792,C01145,P0404,29-05-2024,4,15,Cash,Cancelled
O004793,C00325,P0308,14-10-2024,0,10,Upi,Delivered
O004794,C00632,P0235,20-04-2025,1,110,Upi,Delivered
O004795,C01871,P0489,24-11-2025,2,20,Upi,Cancelled
O004796,C00394,P0244,22-11-2024,0,0,Upi,Delivered
O004797,C00872,P0424,20-02-2025,4,10,Upi,Returned
O004798,C00209,P0336,16-02-2024,2,110,Upi,Shipped
O004799,C00769,P0349,14-06-2025,2,20,Upi,Delivered
O004800,C00341,P0165,27-10-2025,2,110,Upi,Shipped
O004801,C00754,P0485,04-08-2024,2,0,Upi,Delivered
O004802,C00888,P0156,04-03-2025,4,10,Cash,Shipped
O004803,C01619,P0150,20-10-2024,0,20,Card,Returned
O004804,C00728,P0293,15-09-2024,1,10,Card,Cancelled
O004805,C01315,P0271,03-11-2024,2,0,Card,Shipped
O004806,C01685,P0041,17-07-2025,2,20,Cash,Returned
O004807,C01951,P0313,10-06-2024,2,110,Upi,Cancelled
O004808,C00938,P0433,22-09-2025,4,10,Cash,Delivered
O004809,C00183,P0268,07-11-2025,2,20,Upi,Shipped
O004810,C01767,P0162,19-02-2025,1,110,Card,Cancelled
O004811,C00481,P0113,09-01-2024,2,0,Upi,Shipped
O004812,C01216,P0061,10-11-2024,2,0,Upi,Cancelled
O004813,C01322,P0100,01-01-2025,1,0,Upi,Delivered
O004814,C01374,P0350,18-05-2025,1,20,Upi,Cancelled
O004815,C00760,P0085,22-09-2024,1,10,Card,Delivered
O004816,C00606,P0326,28-02-2025,1,10,Card,Cancelled
O004817,C00010,P0043,17-06-2024,2,10,Upi,Returned
O004818,C00766,P0270,01-12-2024,2,10,Upi,Shipped
O004819,C01056,P0244,15-02-2025,4,110,Cash,Cancelled
O004820,C00121,P0036,16-04-2025,0,10,Upi,Cancelled
O004821,C01626,P0178,25-02-2024,0,10,Upi,Delivered
O004822,C00683,P0156,14-02-2024,2,0,Upi,Delivered
O004823,C00328,P0078,17-08-2025,1,20,Upi,Delivered
O004824,C00745,P0208,12-04-2024,2,0,Cash,Returned
O004825,C00873,P0345,04-08-2025,0,10,Cash,Shipped
O004826,C01770,P0060,18-04-2025,2,110,Upi,Cancelled
O004827,C00451,P0018,23-11-2024,0,0,Cash,Delivered
O004828,C00928,P0314,02-07-2025,1,10,Cash,Delivered
O004829,C00305,P0102,25-01-2024,1,0,Upi,Shipped
O004830,C00254,P0232,18-09-2024,2,20,Upi,Shipped
O004831,C00989,P0405,14-02-2025,1,0,Card,Delivered
O004832,C00837,P0019,30-11-2025,3,0,Card,Shipped
O004833,C00741,P0410,18-02-2025,2,20,Upi,Returned
O004834,C01793,P0352,22-10-2025,3,10,Cash,Delivered
O004835,C00757,P0177,31-07-2025,0,0,Card,Cancelled
O004836,C01787,P0046,08-01-2024,3,20,Card,Cancelled
O004837,C01995,P0461,10-08-2025,3,20,Cash,Shipped
O004838,C00530,P0197,15-11-2024,2,20,Upi,Delivered
O004839,C01278,P0069,29-05-2024,4,10,Cash,Shipped
O004840,C01786,P0135,17-09-2025,2,0,Upi,Delivered
O004841,C00794,P0057,05-09-2024,0,0,Upi,Shipped
O004842,C00050,P0072,13-04-2025,4,10,Card,Cancelled
O004843,C00209,P0242,02-04-2024,1,20,Upi,Cancelled
O004844,C00957,P0007,11-11-2025,0,10,Card,Cancelled
O004845,C01424,P0146,16-07-2024,4,15,Upi,Cancelled
O004846,C00146,P0233,21-06-2024,1,10,Cash,Delivered
O004847,C01853,P0149,28-09-2025,1,110,Card,Returned
O004848,C01522,P0212,10-01-2025,2,0,Upi,Returned
O004849,C00560,P0306,02-03-2025,3,20,Cash,Returned
O004850,C01489,P0336,29-06-2024,4,15,Card,Delivered
O004851,C01879,P0334,18-08-2024,3,0,Card,Cancelled
O004852,C01320,P0148,22-04-2025,3,110,Cash,Shipped
O004853,C01058,P0206,05-10-2025,4,10,Upi,Delivered
O004854,C00768,P0155,07-05-2025,3,110,Card,Cancelled
O004855,C01754,P0038,30-09-2025,1,20,Cash,Delivered
O004856,C01066,P0082,11-03-2025,2,110,Card,Cancelled
O004857,C00839,P0090,29-05-2024,0,0,Upi,Delivered
O004858,C01156,P0172,06-11-2024,2,110,Card,Cancelled
O004859,C00720,P0150,13-07-2025,2,0,Card,Cancelled
O004860,C01679,P0271,21-07-2025,3,0,Upi,Delivered
O004861,C01675,P0106,28-12-2024,3,0,Upi,Returned
O004862,C00751,P0102,09-05-2025,2,10,Cash,Delivered
O004863,C01538,P0077,19-10-2025,2,20,Upi,Delivered
O004864,C01990,P0205,03-11-2024,2,110,Upi,Cancelled
O004865,C01127,P0062,30-03-2025,2,10,Upi,Cancelled
O004866,C00716,P0500,20-05-2024,3,0,Card,Shipped
O004867,C00728,P0284,24-09-2025,4,20,Upi,Shipped
O004868,C00265,P0251,09-06-2025,2,10,Upi,Shipped
O004869,C00123,P0074,23-01-2025,4,10,Cash,Delivered
O004870,C01159,P0315,28-06-2025,2,110,Cash,Returned
O004871,C01183,P0388,07-03-2024,2,110,Cash,Delivered
O004872,C01581,P0317,04-01-2024,4,15,Card,Delivered
O004873,C00406,P0482,13-11-2024,1,0,Card,Returned
O004874,C01713,P0133,29-07-2025,3,20,Cash,Delivered
O004875,C01404,P0371,03-07-2024,4,15,Upi,Shipped
O004876,C00888,P0081,20-02-2024,3,10,Upi,Delivered
O004877,C00068,P0011,22-01-2024,2,10,Cash,Cancelled
O004878,C01635,P0185,04-07-2025,0,110,Upi,Returned
O004879,C01437,P0477,27-08-2025,0,0,Upi,Cancelled
O004880,C00423,P0500,08-06-2025,4,15,Cash,Returned
O004881,C01492,P0289,05-05-2024,0,10,Card,Shipped
O004882,C01251,P0148,25-07-2025,2,0,Cash,Cancelled
O004883,C00799,P0035,15-02-2024,0,110,Cash,Cancelled
O004884,C00315,P0321,06-06-2024,1,0,Upi,Delivered
O004885,C01739,P0354,17-05-2024,2,10,Upi,Cancelled
O004886,C01408,P0158,13-01-2024,2,20,Upi,Delivered
O004887,C00284,P0417,18-03-2024,1,10,Card,Returned
O004888,C00218,P0294,01-02-2024,3,20,Upi,Cancelled
O004889,C00180,P0323,19-09-2024,0,10,Cash,Delivered
O004890,C00994,P0483,08-12-2024,3,10,Card,Returned
O004891,C00231,P0043,23-05-2024,0,10,Upi,Delivered
O004892,C01340,P0296,05-02-2025,1,20,Upi,Cancelled
O004893,C00833,P0044,04-03-2024,1,20,Cash,Returned
O004894,C00593,P0100,05-05-2024,2,10,Cash,Delivered
O004895,C01774,P0064,06-06-2025,1,0,Card,Shipped
O004896,C00955,P0053,01-03-2025,2,110,Card,Shipped
O004897,C01659,P0287,22-08-2025,2,0,Cash,Delivered
O004898,C01014,P0352,06-10-2025,2,0,Upi,Returned
O004899,C01798,P0202,21-05-2024,0,10,Cash,Delivered
O004900,C00729,P0407,14-12-2024,1,20,Upi,Shipped
O004901,C00137,P0129,11-11-2025,2,0,Upi,Returned
O004902,C01607,P0420,19-04-2025,0,0,Card,Shipped
O004903,C00976,P0207,15-05-2024,1,0,Upi,Cancelled
O004904,C00650,P0030,01-09-2024,4,15,Card,Delivered
O004905,C01415,P0382,20-08-2025,1,10,Upi,Returned
O004906,C00908,P0174,02-10-2024,1,20,Upi,Shipped
O004907,C01550,P0288,12-01-2025,2,0,Upi,Returned
O004908,C01416,P0159,24-09-2025,0,20,Card,Shipped
O004909,C00244,P0257,29-02-2024,0,10,Upi,Returned
O004910,C00437,P0247,23-04-2024,4,15,Upi,Delivered
O004911,C00430,P0457,05-08-2024,0,20,Upi,Delivered
O004912,C01029,P0049,13-04-2024,2,0,Upi,Shipped
O004913,C00756,P0340,14-01-2024,1,20,Upi,Shipped
O004914,C00635,P0219,06-02-2024,0,0,Card,Delivered
O004915,C01466,P0108,10-01-2024,0,10,Card,Cancelled
O004916,C00378,P0165,31-07-2025,4,20,Card,Delivered
O004917,C00312,P0177,17-10-2025,3,10,Card,Delivered
O004918,C01727,P0488,20-01-2025,3,0,Upi,Delivered
O004919,C01538,P0179,05-09-2024,2,10,Card,Cancelled
O004920,C01781,P0329,16-05-2024,0,10,Cash,Returned
O004921,C01755,P0320,14-12-2024,4,110,Card,Cancelled
O004922,C01953,P0332,26-04-2025,0,110,Upi,Delivered
O004923,C01459,P0306,26-05-2025,4,15,Upi,Returned
O004924,C01433,P0347,27-08-2025,1,10,Upi,Shipped
O004925,C00575,P0421,17-09-2024,3,0,Card,Shipped
O004926,C01435,P0222,19-02-2025,2,10,Card,Shipped
O004927,C01710,P0411,06-12-2024,4,10,Cash,Delivered
O004928,C01221,P0408,26-06-2025,3,10,Card,Shipped
O004929,C00797,P0401,16-11-2024,2,20,Upi,Delivered
O004930,C01988,P0458,25-08-2025,0,0,Upi,Shipped
O004931,C00569,P0377,27-04-2025,3,0,Upi,Delivered
O004932,C00580,P0051,16-08-2025,2,110,Card,Cancelled
O004933,C00563,P0199,24-03-2024,2,10,Upi,Delivered
O004934,C00847,P0098,05-09-2025,0,10,Upi,Shipped
O004935,C00384,P0207,07-03-2024,2,0,Card,Delivered
O004936,C00992,P0064,02-11-2024,1,10,Upi,Delivered
O004937,C00254,P0051,15-10-2024,3,110,Card,Returned
O004938,C01595,P0318,08-10-2024,3,0,Upi,Cancelled
O004939,C01100,P0259,03-05-2024,2,20,Upi,Returned
O004940,C01389,P0239,13-11-2025,2,20,Card,Shipped
O004941,C00194,P0075,11-06-2025,0,110,Card,Cancelled
O004942,C00265,P0449,07-10-2024,2,110,Cash,Shipped
O004943,C01053,P0204,04-11-2025,3,0,Upi,Returned
O004944,C01941,P0126,14-12-2024,2,10,Cash,Shipped
O004945,C01099,P0324,15-09-2025,2,0,Upi,Delivered
O004946,C01494,P0268,13-05-2025,2,10,Cash,Returned
O004947,C01634,P0114,19-07-2024,3,110,Card,Returned
O004948,C00744,P0311,07-03-2025,2,0,Cash,Shipped
O004949,C01809,P0292,13-11-2024,2,0,Card,Returned
O004950,C00671,P0172,02-03-2024,3,110,Cash,Cancelled
O004951,C00599,P0464,16-02-2024,3,0,Card,Shipped
O004952,C00400,P0128,21-08-2025,2,110,Cash,Shipped
O004953,C00452,P0170,25-08-2025,2,20,Upi,Delivered
O004954,C01397,P0249,27-08-2025,2,20,Card,Delivered
O004955,C01129,P0211,26-10-2024,2,20,Upi,Shipped
O004956,C01540,P0316,30-01-2025,1,0,Card,Delivered
O004957,C00271,P0144,14-02-2025,0,0,Upi,Shipped
O004958,C01157,P0133,08-06-2025,0,10,Upi,Delivered
O004959,C00346,P0004,05-08-2024,2,0,Upi,Shipped
O004960,C01355,P0021,02-07-2024,1,0,Card,Shipped
O004961,C00537,P0267,24-03-2024,2,0,Cash,Delivered
O004962,C01598,P0041,25-01-2025,4,15,Upi,Delivered
O004963,C00475,P0406,22-01-2025,1,20,Cash,Delivered
O004964,C01406,P0160,27-09-2025,1,110,Card,Delivered
O004965,C00756,P0386,12-03-2024,3,110,Upi,Returned
O004966,C01395,P0279,26-06-2024,4,15,Cash,Delivered
O004967,C01607,P0398,06-09-2024,4,10,Card,Cancelled
O004968,C00755,P0361,14-05-2024,3,0,Upi,Shipped
O004969,C00683,P0198,20-06-2024,4,10,Upi,Delivered
O004970,C01809,P0160,25-02-2024,0,20,Cash,Delivered
O004971,C01119,P0049,11-03-2025,2,110,Cash,Returned
O004972,C01845,P0467,04-11-2025,2,0,Card,Delivered
O004973,C01663,P0436,26-06-2024,2,10,Upi,Shipped
O004974,C01054,P0201,02-11-2024,2,0,Upi,Delivered
O004975,C01478,P0088,13-08-2024,1,0,Upi,Shipped
O004976,C01113,P0414,10-09-2025,3,0,Card,Delivered
O004977,C01488,P0270,24-01-2025,1,0,Cash,Returned
O004978,C01069,P0340,29-09-2024,3,0,Cash,Shipped
O004979,C01047,P0256,19-03-2024,2,10,Upi,Cancelled
O004980,C01621,P0178,24-11-2024,1,10,Cash,Delivered
O004981,C00495,P0347,27-03-2025,2,10,Card,Delivered
O004982,C01061,P0370,19-11-2024,2,0,Upi,Cancelled
O004983,C00435,P0379,22-03-2024,4,110,Cash,Cancelled
O004984,C01471,P0244,19-10-2024,3,0,Cash,Cancelled
O004985,C00298,P0249,26-12-2024,1,10,Upi,Delivered
O004986,C00454,P9999,21-08-2024,2,110,Upi,Cancelled
O004987,C01747,P0220,24-11-2024,2,0,Card,Cancelled
O004988,C01220,P0201,02-04-2025,1,10,Cash,Shipped
O004989,C00261,P0403,15-04-2025,2,10,Cash,Returned
O004990,C01589,P0472,17-08-2024,0,0,Upi,Returned
O004991,C00274,P0360,18-04-2024,4,10,Upi,Cancelled
O004992,C01291,P0251,06-01-2025,0,10,Upi,Cancelled
O004993,C01250,P0300,12-02-2024,2,10,Upi,Cancelled
O004994,C01044,P0049,16-11-2024,2,10,Cash,Delivered
O004995,C99999,P0052,29-09-2025,1,0,Cash,Shipped
O004996,C01741,P0028,22-03-2024,2,20,Upi,Delivered
O004997,C01565,P0500,30-11-2024,2,0,Upi,Delivered
O004998,C01525,P0394,12-06-2024,4,110,Upi,Returned
O004999,C00260,P0163,17-07-2025,3,10,Upi,Delivered
O005000,C00730,P0315,14-02-2024,3,0,Upi,Cancelled
O005001,C01152,P0096,25-06-2025,1,10,Cash,Delivered
O005002,C01709,P0074,02-03-2024,0,0,Upi,Shipped
O005003,C01011,P0204,11-03-2024,2,10,Upi,Returned
O005004,C00368,P0028,16-02-2025,2,0,Upi,Returned
O005005,C00100,P0048,22-09-2024,2,20,Cash,Returned
O005006,C01235,P0041,27-12-2024,2,20,Cash,Delivered
O005007,C00482,P0067,01-07-2025,3,0,Upi,Delivered
O005008,C00345,P0019,28-10-2025,4,15,Cash,Delivered
O005009,C00093,P0492,27-08-2024,3,20,Upi,Cancelled
O005010,C00873,P0037,29-08-2025,1,10,Cash,Delivered
O005011,C01412,P0054,23-12-2024,3,10,Upi,Delivered
O005012,C01323,P0201,09-04-2024,2,110,Upi,Returned
O005013,C00536,P0174,08-04-2025,3,110,Card,Shipped
O005014,C00693,P0137,22-10-2024,3,20,Card,Shipped
O005015,C01553,P0311,23-08-2024,4,10,Upi,Cancelled
O005016,C00553,P0271,06-11-2024,2,110,Cash,Cancelled
O005017,C01383,P0243,23-01-2025,0,0,Upi,Returned
O005018,C01466,P0260,18-03-2024,0,0,Upi,Delivered
O005019,C01796,P0157,05-05-2025,2,20,Cash,Returned
O005020,C00334,P0159,08-02-2024,0,0,Upi,Returned
O005021,C01886,P0396,30-06-2025,2,0,Upi,Delivered
O005022,C01865,P0343,14-07-2025,2,0,Upi,Cancelled
O005023,C01841,P0442,19-03-2025,2,10,Upi,Returned
O005024,C01539,P0249,19-01-2024,3,110,Upi,Cancelled
O005025,C01277,P0080,16-12-2024,0,10,Upi,Cancelled
O005026,C01206,P0291,14-09-2024,2,0,Cash,Delivered
O005027,C01487,P0442,22-07-2025,2,20,Upi,Delivered
O005028,C01992,P0347,23-01-2025,4,20,Card,Delivered
O005029,C00498,P0480,06-01-2024,4,10,Cash,Cancelled
O005030,C01857,P0389,17-12-2024,0,0,Cash,Delivered
O005031,C00282,P0370,09-08-2024,4,10,Upi,Shipped
O005032,C00248,P0011,23-05-2024,0,0,Upi,Returned
O005033,C00013,P0201,06-04-2024,2,0,Cash,Shipped
O005034,C00445,P0314,18-03-2025,0,10,Upi,Cancelled
O005035,C00985,P0207,23-04-2024,1,20,Upi,Delivered
O005036,C00280,P0412,07-10-2025,3,20,Card,Cancelled
O005037,C01195,P0148,09-07-2024,3,10,Upi,Returned
O005038,C00547,P0061,15-04-2025,1,110,Upi,Shipped
O005039,C01817,P0260,29-03-2025,2,0,Card,Delivered
O005040,C01533,P0320,18-04-2024,2,20,Card,Returned
O005041,C01456,P0238,24-01-2024,0,0,Upi,Cancelled
O005042,C00353,P0189,07-08-2025,4,20,Cash,Returned
O005043,C00561,P0302,09-08-2024,0,110,Cash,Returned
O005044,C00878,P0452,28-07-2024,1,10,Upi,Delivered
O005045,C01131,P0126,31-05-2024,1,20,Upi,Cancelled
O005046,C01959,P0425,18-07-2024,0,0,Upi,Returned
O005047,C01174,P0257,07-03-2025,2,20,Cash,Cancelled
O005048,C00653,P0322,23-09-2025,3,110,Card,Shipped
O005049,C01284,P0207,03-04-2024,2,0,Upi,Delivered
O005050,C00728,P0378,18-06-2024,2,10,Cash,Returned
O005051,C00452,P0465,10-08-2025,1,0,Upi,Cancelled
O005052,C01254,P0026,09-07-2025,1,110,Cash,Delivered
O005053,C00612,P0418,03-09-2024,3,110,Cash,Shipped
O005054,C01646,P0466,29-02-2024,2,20,Cash,Returned
O005055,C01504,P0350,24-01-2025,2,10,Card,Delivered
O005056,C01739,P0454,28-09-2024,0,0,Card,Shipped
O005057,C00570,P0471,30-12-2024,1,20,Upi,Returned
O005058,C00499,P0441,21-07-2025,2,110,Upi,Cancelled
O005059,C01105,P0245,21-11-2024,2,10,Cash,Returned
O005060,C00013,P0163,01-10-2025,2,10,Upi,Cancelled
O005061,C00322,P0042,12-06-2025,2,0,Cash,Returned
O005062,C01634,P0115,05-05-2024,2,20,Card,Delivered
O005063,C00263,P0492,30-12-2024,2,20,Cash,Cancelled
O005064,C01155,P0072,08-11-2025,2,0,Cash,Delivered
O005065,C01157,P0088,08-02-2024,2,20,Cash,Cancelled
O005066,C01274,P0382,02-03-2024,2,20,Cash,Cancelled
O005067,C01373,P0408,21-06-2025,0,0,Upi,Returned
O005068,C00652,P0039,15-04-2025,4,15,Cash,Returned
O005069,C01290,P0095,19-01-2025,3,20,Cash,Delivered
O005070,C00198,P0183,17-09-2025,0,110,Cash,Delivered
O005071,C01800,P0183,10-11-2025,0,0,Cash,Delivered
O005072,C00384,P0007,03-08-2025,3,0,Upi,Cancelled
O005073,C01711,P0443,03-10-2025,4,20,Upi,Returned
O005074,C00111,P0465,21-06-2025,0,0,Card,Shipped
O005075,C00313,P0116,30-07-2024,4,15,Card,Shipped
O005076,C01861,P0442,30-05-2025,0,0,Upi,Delivered
O005077,C01721,P0458,03-10-2024,1,110,Upi,Delivered
O005078,C00540,P0378,28-04-2025,0,0,Upi,Shipped
O005079,C00559,P0197,29-09-2024,1,10,Card,Delivered
O005080,C00921,P0432,22-04-2025,3,20,Upi,Delivered
O005081,C00603,P0496,20-04-2025,2,20,Cash,Returned
O005082,C01721,P0211,27-05-2025,0,0,Card,Delivered
O005083,C00916,P0044,16-10-2024,0,0,Upi,Delivered
O005084,C00421,P0301,02-09-2025,2,10,Upi,Delivered
O005085,C01317,P0219,26-05-2025,0,110,Upi,Cancelled
O005086,C00477,P0403,12-08-2025,4,10,Upi,Delivered
O005087,C00309,P0189,28-10-2024,0,0,Upi,Shipped
O005088,C00440,P0346,05-10-2025,3,0,Cash,Shipped
O005089,C01587,P0314,28-11-2025,4,20,Card,Shipped
O005090,C00990,P0358,08-01-2024,3,10,Upi,Returned
O005091,C00921,P0159,24-06-2025,2,20,Upi,Delivered
O005092,C00169,P0099,24-01-2025,2,110,Upi,Delivered
O005093,C01926,P0345,07-01-2025,0,10,Upi,Cancelled
O005094,C00245,P0295,17-02-2025,3,20,Upi,Shipped
O005095,C01119,P0104,27-04-2024,0,10,Card,Returned
O005096,C00825,P0254,11-06-2024,3,110,Upi,Delivered
O005097,C00339,P0410,09-07-2025,1,20,Upi,Cancelled
O005098,C00859,P0016,15-03-2024,2,110,Card,Shipped
O005099,C00001,P0353,10-11-2025,2,10,Cash,Shipped
O005100,C01474,P0354,25-01-2025,2,10,Card,Shipped
O005101,C01551,P0283,27-04-2025,2,0,Cash,Returned
O005102,C01516,P0428,20-03-2025,0,20,Upi,Returned
O005103,C00948,P0386,21-05-2024,4,10,Upi,Delivered
O005104,C01142,P0174,05-06-2025,0,10,Cash,Returned
O005105,C01988,P0327,05-09-2024,3,0,Upi,Delivered
O005106,C00123,P0200,26-10-2025,4,10,Upi,Delivered
O005107,C01173,P0051,27-08-2025,3,0,Card,Returned
O005108,C01030,P0057,20-07-2024,3,10,Upi,Shipped
O005109,C00673,P0374,04-07-2025,4,10,Cash,Delivered
O005110,C00154,P0171,10-03-2025,3,20,Upi,Shipped
O005111,C01674,P0475,08-11-2025,2,0,Cash,Delivered
O005112,C00428,P0388,06-03-2025,0,0,Upi,Delivered
O005113,C01195,P0500,16-11-2024,1,0,Card,Returned
O005114,C00677,P0174,06-09-2025,4,15,Card,Delivered
O005115,C01651,P0125,02-05-2025,2,10,Upi,Shipped
O005116,C01408,P0345,29-08-2024,1,10,Cash,Cancelled
O005117,C01869,P0245,16-04-2025,0,110,Upi,Delivered
O005118,C00988,P0048,21-11-2024,3,0,Upi,Returned
O005119,C00248,P0218,25-08-2025,0,110,Cash,Shipped
O005120,C01326,P0164,28-08-2025,4,10,Card,Delivered
O005121,C00334,P0453,08-09-2025,0,20,Cash,Cancelled
O005122,C00978,P0136,06-07-2024,0,110,Upi,Delivered
O005123,C01703,P0280,28-03-2024,0,10,Upi,Shipped
O005124,C00968,P0340,14-12-2024,4,110,Cash,Shipped
O005125,C01869,P0154,22-01-2025,2,110,Card,Returned
O005126,C01898,P0066,11-07-2025,1,0,Cash,Delivered
O005127,C00057,P0371,04-10-2024,4,10,Upi,Delivered
O005128,C01136,P0285,07-11-2025,3,20,Cash,Returned
O005129,C01179,P0193,23-11-2025,4,10,Cash,Cancelled
O005130,C00991,P0234,27-09-2025,1,0,Upi,Shipped
O005131,C01542,P0273,01-11-2025,4,15,Cash,Shipped
O005132,C01480,P0400,09-05-2024,4,10,Upi,Shipped
O005133,C01950,P0283,18-10-2024,2,0,Upi,Shipped
O005134,C00721,P0307,02-01-2025,4,10,Card,Delivered
O005135,C01383,P0075,08-04-2025,4,20,Upi,Shipped
O005136,C01224,P0325,16-03-2025,2,110,Upi,Delivered
O005137,C00371,P0331,12-04-2025,3,20,Upi,Shipped
O005138,C00125,P0004,30-11-2025,4,15,Cash,Cancelled
O005139,C00390,P0367,06-01-2024,1,20,Card,Delivered
O005140,C00920,P0433,06-09-2024,0,20,Card,Returned
O005141,C00117,P0032,30-07-2025,2,10,Card,Shipped
O005142,C01771,P0117,15-02-2025,1,20,Upi,Returned
O005143,C00924,P0459,29-10-2025,3,0,Upi,Returned
O005144,C00843,P0278,02-07-2025,3,0,Upi,Delivered
O005145,C01401,P0414,28-09-2025,3,20,Upi,Delivered
O005146,C01235,P0005,04-06-2024,0,0,Cash,Delivered
O005147,C00077,P0143,19-05-2025,4,15,Upi,Delivered
O005148,C00331,P0268,06-02-2025,4,20,Card,Delivered
O005149,C00103,P0351,16-09-2024,1,20,Upi,Returned
O005150,C00956,P0463,16-06-2024,3,20,Upi,Shipped
O005151,C00572,P0472,18-04-2024,4,110,Card,Shipped
O005152,C01110,P0282,04-05-2025,2,20,Upi,Delivered
O005153,C00607,P0016,06-01-2024,1,20,Card,Delivered
O005154,C00925,P0090,24-11-2024,3,10,Card,Returned
O005155,C01361,P0492,04-07-2024,2,10,Upi,Delivered
O005156,C00020,P0455,06-09-2025,0,10,Cash,Returned
O005157,C00442,P0037,22-01-2024,2,0,Upi,Delivered
O005158,C00699,P0162,21-01-2025,1,10,Upi,Shipped
O005159,C00989,P0097,26-05-2025,0,110,Cash,Shipped
O005160,C01155,P0279,05-08-2024,4,10,Cash,Delivered
O005161,C00763,P0436,08-12-2024,4,10,Cash,Delivered
O005162,C01641,P0245,21-02-2024,4,15,Upi,Returned
O005163,C01581,P0092,11-09-2025,2,10,Cash,Cancelled
O005164,C01263,P0285,03-10-2025,0,110,Card,Shipped
O005165,C01853,P0036,15-12-2024,2,110,Cash,Shipped
O005166,C01714,P0007,07-03-2024,2,10,Upi,Delivered
O005167,C01792,P0328,23-06-2025,0,0,Cash,Shipped
O005168,C01410,P0371,16-06-2024,3,0,Card,Delivered
O005169,C00629,P0007,07-08-2025,0,0,Upi,Cancelled
O005170,C01160,P0417,07-01-2025,4,20,Cash,Shipped
O005171,C01766,P0449,25-04-2025,1,0,Card,Delivered
O005172,C00487,P0124,19-08-2024,3,0,Cash,Delivered
O005173,C00187,P0399,24-04-2025,2,20,Upi,Returned
O005174,C00053,P0205,10-10-2024,0,110,Cash,Cancelled
O005175,C00156,P0001,06-03-2025,4,10,Upi,Shipped
O005176,C00083,P0190,20-05-2025,2,10,Card,Cancelled
O005177,C00880,P0372,26-03-2024,3,10,Card,Cancelled
O005178,C00630,P0445,05-10-2024,2,10,Card,Shipped
O005179,C01437,P0167,13-11-2025,4,20,Upi,Cancelled
O005180,C00121,P0159,16-08-2024,0,20,Upi,Delivered
O005181,C00827,P0081,02-05-2024,0,10,Upi,Cancelled
O005182,C01308,P0212,28-05-2024,0,20,Card,Delivered
O005183,C00601,P0256,20-08-2025,3,20,Card,Shipped
O005184,C01494,P0377,03-06-2025,4,20,Card,Delivered
O005185,C01495,P0497,04-11-2024,1,20,Upi,Returned
O005186,C00331,P0081,10-04-2025,1,110,Cash,Cancelled
O005187,C00882,P0110,08-01-2024,1,0,Card,Returned
O005188,C00256,P0041,25-03-2025,2,110,Card,Returned
O005189,C01198,P0133,27-09-2025,0,20,Upi,Delivered
O005190,C00031,P0175,19-01-2025,3,10,Upi,Delivered
O005191,C01975,P0240,19-02-2024,2,20,Cash,Delivered
O005192,C00580,P0156,14-12-2024,4,20,Card,Shipped
O005193,C01290,P0465,20-08-2024,0,20,Upi,Delivered
O005194,C01860,P0311,28-02-2025,1,10,Cash,Returned
O005195,C00541,P0268,13-04-2024,2,20,Cash,Cancelled
O005196,C01864,P0334,13-09-2025,1,20,Upi,Returned
O005197,C01057,P0462,25-05-2025,3,0,Upi,Returned
O005198,C00827,P0174,30-03-2025,0,0,Upi,Returned
O005199,C01953,P0293,27-04-2025,1,0,Upi,Shipped
O005200,C00329,P0198,01-05-2025,1,0,Upi,Shipped
O005201,C01576,P0486,06-08-2024,0,10,Cash,Shipped
O005202,C00566,P0379,12-01-2025,2,0,Card,Delivered
O005203,C00560,P0174,13-09-2024,2,0,Cash,Delivered
O005204,C00380,P0007,08-09-2024,3,0,Upi,Delivered
O005205,C00674,P0143,01-04-2025,4,15,Upi,Shipped
O005206,C01014,P0136,19-06-2025,0,20,Upi,Delivered
O005207,C01217,P0387,28-02-2025,4,10,Cash,Delivered
O005208,C00450,P0456,10-07-2025,3,10,Cash,Cancelled
O005209,C01128,P0445,05-07-2025,3,0,Upi,Delivered
O005210,C01082,P0147,30-09-2024,1,20,Upi,Cancelled
O005211,C00046,P0214,08-07-2024,2,10,Upi,Cancelled
O005212,C01964,P0202,29-09-2024,2,20,Card,Returned
O005213,C01226,P0057,22-07-2024,2,20,Upi,Delivered
O005214,C00144,P0351,17-07-2024,2,20,Upi,Delivered
O005215,C01731,P0442,28-03-2024,2,10,Upi,Shipped
O005216,C00137,P0379,11-04-2025,0,20,Card,Cancelled
O005217,C01369,P0318,26-10-2025,2,20,Cash,Returned
O005218,C00217,P0377,05-08-2024,1,10,Upi,Shipped
O005219,C01262,P0091,24-01-2024,3,0,Cash,Cancelled
O005220,C01672,P0285,18-08-2025,0,0,Upi,Returned
O005221,C01302,P0217,07-04-2024,2,10,Upi,Delivered
O005222,C01504,P0288,04-03-2025,0,0,Cash,Returned
O005223,C01212,P0482,09-01-2024,2,10,Cash,Delivered
O005224,C01960,P0087,14-10-2025,2,0,Cash,Returned
O005225,C01965,P0220,11-03-2025,2,110,Upi,Cancelled
O005226,C00045,P0462,27-07-2025,4,15,Cash,Cancelled
O005227,C01524,P0032,28-05-2025,2,20,Upi,Delivered
O005228,C00517,P0041,23-01-2024,2,10,Upi,Returned
O005229,C00218,P0186,05-05-2024,1,110,Upi,Delivered
O005230,C01135,P0125,07-03-2025,3,0,Upi,Cancelled
O005231,C01384,P0072,16-03-2025,2,0,Upi,Shipped
O005232,C00511,P0199,28-04-2024,4,10,Card,Cancelled
O005233,C00357,P0334,14-08-2025,4,15,Upi,Shipped
O005234,C01382,P0166,06-04-2024,4,10,Cash,Returned
O005235,C00644,P0128,01-12-2024,2,10,Upi,Delivered
O005236,C01701,P0190,21-08-2025,3,20,Upi,Cancelled
O005237,C01240,P0089,05-10-2025,3,20,Cash,Delivered
O005238,C01951,P0386,29-06-2025,1,0,Upi,Delivered
O005239,C01933,P0020,25-11-2024,2,20,Card,Delivered
O005240,C00205,P0451,11-10-2025,2,110,Cash,Shipped
O005241,C01066,P0028,09-07-2025,2,0,Upi,Delivered
O005242,C00522,P0086,08-06-2025,1,110,Upi,Delivered
O005243,C01943,P0101,14-07-2025,2,0,Upi,Shipped
O005244,C00083,P0068,08-06-2024,3,20,Upi,Returned
O005245,C00108,P0136,25-11-2024,3,110,Upi,Delivered
O005246,C00827,P0062,13-07-2025,3,20,Upi,Delivered
O005247,C00031,P0209,19-03-2025,1,10,Cash,Delivered
O005248,C01105,P0122,25-03-2025,3,20,Upi,Delivered
O005249,C01966,P0451,23-12-2024,2,10,Cash,Delivered
O005250,C01498,P0024,03-11-2024,2,10,Cash,Returned
O005251,C00803,P0108,20-04-2025,1,20,Upi,Cancelled
O005252,C01168,P0367,12-11-2025,2,20,Upi,Cancelled
O005253,C01513,P0218,13-12-2024,1,110,Upi,Cancelled
O005254,C00584,P0044,16-09-2024,0,10,Card,Returned
O005255,C00646,P0007,19-02-2025,0,0,Card,Shipped
O005256,C00675,P0090,16-07-2025,1,0,Cash,Shipped
O005257,C00352,P0391,25-07-2025,2,20,Card,Cancelled
O005258,C01938,P0494,10-08-2025,2,110,Upi,Returned
O005259,C00151,P0218,22-09-2025,1,20,Upi,Delivered
O005260,C01853,P0417,10-04-2025,4,20,Card,Shipped
O005261,C01143,P0159,26-02-2024,0,110,Card,Delivered
O005262,C01728,P0078,28-04-2025,3,20,Upi,Cancelled
O005263,C01454,P9999,06-12-2024,4,10,Card,Cancelled
O005264,C01176,P0254,27-09-2025,1,20,Upi,Shipped
O005265,C00667,P0068,29-10-2025,2,0,Card,Shipped
O005266,C01961,P0422,25-03-2024,1,10,Cash,Shipped
O005267,C00163,P0348,15-06-2024,0,0,Upi,Shipped
O005268,C00162,P0205,19-06-2024,2,10,Upi,Delivered
O005269,C00861,P0249,08-01-2024,4,10,Upi,Returned
O005270,C00034,P0011,01-05-2024,3,20,Upi,Delivered
O005271,C00467,P0075,31-05-2025,1,0,Card,Delivered
O005272,C00317,P0354,07-12-2024,2,110,Upi,Delivered
O005273,C01332,P0144,02-11-2025,0,110,Upi,Returned
O005274,C01975,P0032,18-04-2025,1,20,Cash,Returned
O005275,C00127,P0118,09-07-2025,2,110,Upi,Delivered
O005276,C01414,P0235,13-02-2024,0,20,Upi,Cancelled
O005277,C01232,P0086,24-11-2025,2,110,Card,Returned
O005278,C01581,P0068,18-11-2024,3,110,Cash,Delivered
O005279,C01994,P0407,19-09-2024,2,10,Cash,Shipped
O005280,C00678,P0143,13-11-2024,0,0,Card,Delivered
O005281,C00709,P0451,08-06-2024,1,20,Card,Shipped
O005282,C00060,P0304,13-02-2025,1,10,Upi,Delivered
O005283,C00101,P0403,30-11-2024,2,110,Upi,Cancelled
O005284,C00283,P0296,01-08-2025,0,10,Cash,Cancelled
O005285,C00827,P0378,03-02-2024,2,20,Cash,Shipped
O005286,C01176,P0343,02-03-2024,4,15,Upi,Shipped
O005287,C01104,P0258,17-06-2024,3,10,Cash,Cancelled
O005288,C01703,P0202,06-10-2024,0,10,Cash,Delivered
O005289,C01077,P0051,11-08-2024,2,20,Upi,Returned
O005290,C00766,P0456,19-05-2024,1,10,Cash,Cancelled
O005291,C01803,P0383,08-08-2025,0,0,Cash,Returned
O005292,C00930,P0083,27-05-2025,0,0,Card,Returned
O005293,C00396,P0069,03-05-2025,0,110,Upi,Shipped
O005294,C00099,P0414,02-10-2025,2,0,Cash,Delivered
O005295,C00227,P0403,11-01-2024,2,10,Upi,Delivered
O005296,C01954,P0004,15-10-2025,2,20,Upi,Returned
O005297,C00006,P0186,11-05-2025,4,15,Card,Shipped
O005298,C00296,P0197,05-05-2025,2,10,Upi,Cancelled
O005299,C01800,P0112,06-01-2025,3,20,Upi,Delivered
O005300,C01351,P0266,30-10-2025,1,20,Upi,Shipped
O005301,C00947,P0038,06-11-2025,0,10,Upi,Cancelled
O005302,C01155,P0396,07-05-2025,0,20,Cash,Delivered
O005303,C01452,P0225,03-09-2024,1,20,Upi,Shipped
O005304,C00834,P0114,28-01-2024,4,20,Upi,Returned
O005305,C01196,P0196,07-01-2025,1,20,Upi,Delivered
O005306,C00695,P0088,01-03-2025,2,0,Card,Shipped
O005307,C01657,P0472,29-10-2025,0,20,Cash,Shipped
O005308,C00538,P0201,18-10-2025,2,0,Card,Delivered
O005309,C00269,P0239,17-11-2024,3,0,Cash,Shipped
O005310,C01724,P0389,15-11-2024,3,110,Card,Delivered
O005311,C00864,P0399,29-02-2024,2,0,Card,Cancelled
O005312,C00921,P0248,01-07-2024,2,110,Card,Returned
O005313,C01881,P0293,10-04-2025,1,20,Cash,Delivered
O005314,C01617,P0190,31-03-2024,3,0,Card,Cancelled
O005315,C00801,P0444,05-07-2025,4,20,Upi,Returned
O005316,C01940,P0416,25-02-2024,0,0,Upi,Cancelled
O005317,C01654,P0135,23-05-2025,1,0,Card,Cancelled
O005318,C00114,P0403,08-03-2024,2,20,Upi,Returned
O005319,C00563,P0371,14-03-2025,2,0,Cash,Delivered
O005320,C01895,P0356,05-07-2024,2,10,Card,Delivered
O005321,C00224,P0216,12-05-2024,1,10,Card,Cancelled
O005322,C00352,P0297,02-09-2025,0,110,Card,Shipped
O005323,C01285,P0284,05-07-2025,2,110,Upi,Delivered
O005324,C01528,P0173,26-06-2024,2,0,Upi,Cancelled
O005325,C00337,P0009,19-01-2025,2,0,Card,Shipped
O005326,C00168,P0329,01-03-2025,2,10,Card,Shipped
O005327,C01825,P0225,28-02-2025,0,0,Upi,Delivered
O005328,C99999,P0006,20-03-2024,4,20,Upi,Delivered
O005329,C01499,P0218,03-01-2025,1,10,Cash,Cancelled
O005330,C00032,P0126,18-02-2025,3,20,Card,Returned
O005331,C01040,P0491,15-05-2025,4,15,Upi,Shipped
O005332,C01181,P0168,17-10-2024,4,10,Cash,Delivered
O005333,C01470,P0109,26-05-2024,3,0,Card,Delivered
O005334,C01606,P0317,02-09-2024,2,110,Upi,Returned
O005335,C00493,P0363,30-05-2024,3,20,Upi,Returned
O005336,C00873,P0218,09-10-2024,1,20,Cash,Delivered
O005337,C01305,P0166,26-08-2024,2,0,Card,Returned
O005338,C01213,P0451,26-02-2024,3,0,Cash,Delivered
O005339,C01059,P0325,24-07-2025,4,15,Upi,Delivered
O005340,C00063,P0444,07-07-2024,3,0,Upi,Cancelled
O005341,C00067,P0101,03-12-2024,2,10,Cash,Delivered
O005342,C00593,P0298,01-12-2024,2,20,Upi,Delivered
O005343,C01952,P0290,07-10-2024,2,0,Cash,Returned
O005344,C01703,P0398,25-02-2025,0,20,Upi,Shipped
O005345,C00219,P0434,04-08-2024,0,0,Upi,Shipped
O005346,C01440,P0371,10-07-2024,2,10,Upi,Delivered
O005347,C01199,P0291,02-03-2024,3,110,Cash,Delivered
O005348,C00531,P0031,03-11-2024,3,10,Upi,Returned
O005349,C00128,P0335,21-09-2024,0,0,Card,Cancelled
O005350,C00126,P0255,03-03-2024,0,0,Upi,Delivered
O005351,C01924,P0157,19-01-2024,1,20,Card,Cancelled
O005352,C01061,P0050,09-02-2024,2,110,Upi,Returned
O005353,C01519,P0142,21-04-2025,2,0,Upi,Cancelled
O005354,C01094,P0391,15-09-2025,0,20,Card,Delivered
O005355,C00244,P0484,15-04-2025,3,0,Upi,Delivered
O005356,C00314,P0301,07-07-2025,0,0,Upi,Shipped
O005357,C00718,P0373,12-04-2025,3,0,Upi,Delivered
O005358,C01288,P0422,13-02-2024,3,20,Cash,Delivered
O005359,C01620,P0227,15-09-2024,3,0,Upi,Cancelled
O005360,C01036,P0442,14-08-2025,2,0,Card,Delivered
O005361,C01106,P0399,13-03-2025,1,20,Upi,Returned
O005362,C01057,P0185,05-04-2024,2,10,Upi,Shipped
O005363,C00477,P0216,18-09-2024,3,10,Upi,Shipped
O005364,C00638,P0208,27-08-2025,4,15,Upi,Returned
O005365,C00880,P0182,20-05-2025,0,0,Card,Delivered
O005366,C01500,P0196,11-11-2024,1,0,Cash,Delivered
O005367,C01694,P0106,18-10-2025,0,20,Cash,Delivered
O005368,C00589,P0361,30-12-2024,4,10,Cash,Cancelled
O005369,C01302,P0004,03-04-2024,3,20,Cash,Returned
O005370,C01580,P0091,19-01-2025,0,0,Cash,Delivered
O005371,C00291,P0162,06-11-2025,0,10,Card,Delivered
O005372,C00656,P0236,01-01-2025,3,0,Cash,Returned
O005373,C01582,P0021,03-02-2025,3,10,Card,Delivered
O005374,C00464,P0345,14-07-2024,2,10,Upi,Cancelled
O005375,C01721,P0497,05-09-2025,2,0,Card,Cancelled
O005376,C00248,P0093,13-01-2024,2,10,Cash,Returned
O005377,C01776,P0065,08-08-2024,4,10,Cash,Shipped
O005378,C00404,P0491,04-05-2025,3,0,Card,Cancelled
O005379,C00683,P0021,09-04-2025,4,20,Upi,Returned
O005380,C01023,P0180,02-10-2024,2,110,Upi,Shipped
O005381,C01752,P0315,26-08-2024,3,0,Cash,Delivered
O005382,C01597,P0035,23-09-2025,2,20,Upi,Shipped
O005383,C01669,P0451,10-05-2025,0,110,Upi,Cancelled
O005384,C00240,P0487,14-11-2024,1,10,Upi,Delivered
O005385,C01257,P0494,17-02-2025,4,10,Card,Returned
O005386,C00206,P0155,25-12-2024,0,20,Card,Delivered
O005387,C00738,P0328,05-05-2024,1,0,Upi,Delivered
O005388,C00877,P0256,09-10-2024,2,10,Upi,Delivered
O005389,C00316,P0130,26-03-2024,1,0,Card,Shipped
O005390,C01381,P0058,20-10-2024,0,110,Cash,Delivered
O005391,C01224,P0184,03-06-2024,0,10,Card,Delivered
O005392,C00606,P0040,19-09-2025,2,110,Upi,Cancelled
O005393,C00966,P0438,01-08-2025,3,0,Upi,Delivered
O005394,C01414,P0142,20-05-2024,2,0,Upi,Shipped
O005395,C00111,P0023,22-10-2024,2,110,Upi,Delivered
O005396,C00249,P0389,20-04-2024,2,20,Upi,Shipped
O005397,C00646,P0243,14-08-2024,3,20,Card,Returned
O005398,C00931,P0422,12-10-2025,3,10,Cash,Returned
O005399,C01082,P0310,22-06-2024,3,10,Upi,Returned
O005400,C01891,P0497,20-08-2024,2,110,Cash,Returned
O005401,C00271,P0294,23-03-2025,2,10,Upi,Cancelled
O005402,C01938,P0353,09-06-2024,3,0,Upi,Delivered
O005403,C00888,P0193,03-07-2025,0,110,Upi,Delivered
O005404,C00309,P0102,20-01-2024,2,0,Upi,Returned
O005405,C00106,P0398,21-06-2024,3,0,Cash,Returned
O005406,C00551,P0381,20-06-2025,2,10,Card,Cancelled
O005407,C00243,P0235,08-01-2025,4,15,Card,Returned
O005408,C01931,P0499,09-03-2025,3,0,Upi,Shipped
O005409,C00158,P0277,02-12-2024,4,15,Cash,Shipped
O005410,C01830,P0182,01-07-2025,0,110,Cash,Delivered
O005411,C01807,P0021,22-12-2024,1,0,Upi,Delivered
O005412,C00434,P0224,22-09-2024,4,10,Upi,Delivered
O005413,C00560,P0341,02-05-2025,2,20,Cash,Cancelled
O005414,C01015,P0141,11-01-2025,2,20,Upi,Cancelled
O005415,C00003,P0421,18-06-2025,2,0,Cash,Shipped
O005416,C00517,P0229,08-03-2025,3,10,Upi,Delivered
O005417,C01933,P0169,03-03-2025,4,10,Upi,Shipped
O005418,C00752,P0437,26-04-2025,0,20,Upi,Returned
O005419,C01557,P0058,09-10-2025,2,10,Upi,Delivered
O005420,C01934,P0213,26-04-2025,2,20,Card,Shipped
O005421,C01047,P0132,24-08-2025,3,0,Upi,Cancelled
O005422,C01226,P0437,31-10-2025,3,0,Upi,Delivered
O005423,C01958,P0038,22-07-2025,0,20,Card,Cancelled
O005424,C00415,P0324,26-08-2025,2,10,Upi,Shipped
O005425,C01051,P0313,13-06-2025,0,0,Upi,Delivered
O005426,C01572,P0004,27-01-2025,3,0,Upi,Delivered
O005427,C00142,P0461,19-06-2025,2,0,Upi,Cancelled
O005428,C00816,P0145,25-03-2025,3,0,Upi,Delivered
O005429,C01002,P0053,23-01-2024,3,0,Upi,Delivered
O005430,C00232,P0262,12-02-2024,1,10,Upi,Delivered
O005431,C01647,P0197,29-12-2024,2,0,Upi,Delivered
O005432,C00807,P0441,27-02-2024,4,15,Cash,Shipped
O005433,C00332,P0360,11-10-2025,2,10,Upi,Returned
O005434,C01666,P0067,18-11-2024,4,10,Card,Cancelled
O005435,C01554,P0030,24-07-2024,4,10,Upi,Delivered
O005436,C01281,P0029,27-10-2025,2,110,Cash,Cancelled
O005437,C00670,P0254,17-07-2025,4,20,Upi,Delivered
O005438,C00669,P0483,23-05-2025,1,20,Card,Delivered
O005439,C01823,P0161,03-02-2025,1,0,Card,Delivered
O005440,C01865,P0075,29-06-2024,3,10,Cash,Delivered
O005441,C00296,P0069,22-03-2024,3,0,Cash,Delivered
O005442,C01096,P0209,13-05-2025,3,0,Upi,Delivered
O005443,C00079,P0160,11-01-2024,2,0,Upi,Delivered
O005444,C01272,P0367,13-10-2024,0,0,Card,Returned
O005445,C00334,P0144,08-11-2024,1,10,Cash,Cancelled
O005446,C01517,P0035,31-12-2024,2,20,Cash,Cancelled
O005447,C00524,P0382,06-03-2024,2,0,Card,Delivered
O005448,C00493,P0232,30-08-2025,4,20,Cash,Returned
O005449,C01060,P0321,01-02-2024,4,20,Upi,Shipped
O005450,C01303,P0125,15-02-2024,0,0,Cash,Returned
O005451,C00011,P0163,29-01-2024,4,20,Cash,Delivered
O005452,C00871,P0161,03-01-2025,2,0,Upi,Returned
O005453,C00810,P0110,18-03-2025,3,20,Cash,Returned
O005454,C01868,P0431,06-08-2024,3,0,Upi,Shipped
O005455,C01116,P0210,01-03-2025,1,0,Upi,Delivered
O005456,C01874,P0337,29-02-2024,2,10,Upi,Cancelled
O005457,C00124,P0071,18-12-2024,2,20,Upi,Delivered
O005458,C00958,P0381,12-08-2025,4,15,Card,Returned
O005459,C01931,P0322,30-05-2025,2,0,Cash,Shipped
O005460,C00281,P0010,20-07-2024,2,10,Cash,Returned
O005461,C00424,P0130,01-09-2024,0,110,Upi,Cancelled
O005462,C00033,P0371,21-09-2024,4,20,Upi,Delivered
O005463,C00250,P0047,01-07-2024,2,20,Upi,Cancelled
O005464,C01269,P0338,03-11-2024,0,0,Upi,Returned
O005465,C00835,P0433,20-03-2024,1,0,Card,Delivered
O005466,C00800,P0209,06-06-2025,4,10,Cash,Returned
O005467,C00761,P0463,19-10-2024,2,10,Upi,Returned
O005468,C00886,P0263,22-01-2025,2,0,Upi,Cancelled
O005469,C01717,P0326,11-02-2025,2,0,Upi,Delivered
O005470,C01868,P0360,25-04-2024,2,0,Upi,Delivered
O005471,C01254,P0194,01-03-2025,1,0,Upi,Returned
O005472,C00423,P0205,11-05-2025,2,20,Upi,Delivered
O005473,C00503,P0377,01-02-2025,0,10,Upi,Delivered
O005474,C01442,P0245,18-05-2024,4,20,Card,Shipped
O005475,C00682,P0484,02-06-2024,1,10,Card,Shipped
O005476,C01666,P0042,02-11-2024,2,10,Upi,Returned
O005477,C00507,P0150,19-05-2024,2,0,Upi,Delivered
O005478,C01599,P0329,30-07-2024,1,0,Card,Delivered
O005479,C00680,P0086,30-04-2025,2,110,Cash,Returned
O005480,C00203,P0392,05-03-2024,1,10,Upi,Returned
O005481,C00166,P0339,22-08-2025,1,20,Cash,Cancelled
O005482,C01924,P0336,13-10-2025,1,20,Upi,Cancelled
O005483,C01228,P0135,18-05-2024,3,0,Cash,Delivered
O005484,C01051,P0389,13-02-2024,0,20,Card,Shipped
O005485,C00904,P0234,28-02-2024,2,20,Cash,Delivered
O005486,C01612,P0271,01-08-2025,4,20,Upi,Returned
O005487,C01082,P0169,06-09-2025,2,0,Cash,Shipped
O005488,C01924,P0194,06-02-2025,1,0,Card,Shipped
O005489,C00721,P0457,28-12-2024,3,110,Card,Returned
O005490,C00718,P0425,16-10-2024,2,0,Cash,Delivered
O005491,C01524,P0402,25-06-2025,1,20,Card,Shipped
O005492,C01398,P0225,24-05-2025,0,0,Cash,Cancelled
O005493,C00363,P0142,04-11-2025,1,20,Card,Cancelled
O005494,C01281,P0443,20-02-2025,0,0,Upi,Delivered
O005495,C00047,P0493,18-05-2024,4,15,Upi,Shipped
O005496,C00206,P0127,22-04-2024,4,15,Upi,Delivered
O005497,C00471,P0147,13-02-2024,2,20,Cash,Returned
O005498,C01172,P0139,28-07-2024,0,0,Card,Returned
O005499,C01648,P0286,30-06-2025,3,0,Upi,Delivered
O005500,C01323,P0470,07-03-2025,2,20,Upi,Shipped
O005501,C01723,P0407,22-05-2025,0,10,Upi,Delivered
O005502,C01787,P0199,14-08-2024,4,10,Upi,Cancelled
O005503,C00225,P0386,11-04-2025,2,20,Upi,Delivered
O005504,C00145,P0068,28-11-2025,1,20,Card,Cancelled
O005505,C00989,P0442,18-01-2024,2,10,Cash,Delivered
O005506,C01076,P0352,10-03-2024,3,0,Upi,Returned
O005507,C01407,P0280,30-03-2025,4,15,Cash,Returned
O005508,C01562,P0127,27-08-2024,4,110,Card,Delivered
O005509,C00402,P0164,21-02-2024,3,20,Card,Returned
O005510,C00526,P0162,23-06-2025,0,20,Card,Delivered
O005511,C00555,P0499,15-05-2025,1,20,Upi,Cancelled
O005512,C00349,P0191,15-08-2025,4,15,Cash,Delivered
O005513,C00890,P0433,18-07-2024,2,0,Upi,Delivered
O005514,C00497,P0001,28-09-2025,0,10,Upi,Returned
O005515,C00189,P0320,28-03-2025,2,0,Cash,Delivered
O005516,C00245,P0322,15-03-2025,0,10,Upi,Cancelled
O005517,C01125,P0295,26-05-2025,2,20,Upi,Shipped
O005518,C00717,P0204,17-07-2025,4,110,Upi,Shipped
O005519,C00016,P0342,29-10-2025,1,0,Card,Delivered
O005520,C00850,P0212,22-09-2025,0,0,Upi,Delivered
O005521,C00836,P0281,18-02-2024,1,10,Upi,Shipped
O005522,C00728,P0483,08-10-2024,4,10,Cash,Delivered
O005523,C01017,P0037,06-08-2025,4,20,Cash,Shipped
O005524,C01305,P0493,29-09-2024,1,0,Card,Shipped
O005525,C00784,P0107,03-01-2024,2,0,Cash,Delivered
O005526,C01454,P0061,01-07-2024,0,20,Card,Delivered
O005527,C00496,P0261,26-04-2024,4,20,Cash,Delivered
O005528,C01898,P0492,13-05-2025,0,20,Upi,Delivered
O005529,C01240,P0182,07-03-2025,2,110,Upi,Shipped
O005530,C01078,P0352,10-09-2025,2,10,Upi,Cancelled
O005531,C01570,P0088,30-09-2024,1,0,Cash,Delivered
O005532,C01245,P0359,29-05-2024,1,10,Card,Returned
O005533,C00855,P0255,08-01-2024,0,20,Upi,Returned
O005534,C00078,P0440,23-05-2024,2,110,Cash,Shipped
O005535,C00873,P0039,08-04-2024,2,0,Card,Delivered
O005536,C01353,P0174,31-10-2025,3,0,Upi,Shipped
O005537,C00844,P0115,11-12-2024,2,0,Upi,Returned
O005538,C00674,P0369,03-10-2024,3,10,Cash,Delivered
O005539,C00259,P0443,17-12-2024,1,0,Upi,Returned
O005540,C01840,P9999,19-03-2025,3,0,Upi,Returned
O005541,C00228,P0482,19-01-2024,3,0,Card,Returned
O005542,C00966,P0021,17-09-2024,0,20,Upi,Shipped
O005543,C00956,P0187,14-08-2024,1,0,Card,Delivered
O005544,C01890,P0064,30-11-2024,2,20,Upi,Shipped
O005545,C01972,P0367,24-01-2025,2,0,Cash,Returned
O005546,C01672,P0064,15-11-2024,3,0,Card,Shipped
O005547,C00394,P0268,25-10-2024,2,20,Cash,Cancelled
O005548,C01699,P0494,29-05-2025,1,0,Upi,Delivered
O005549,C01400,P0466,09-06-2025,2,0,Upi,Returned
O005550,C00863,P0143,03-03-2024,2,20,Upi,Returned
O005551,C00982,P0283,07-06-2024,2,0,Cash,Delivered
O005552,C00131,P0327,22-11-2025,3,10,Card,Returned
O005553,C01702,P0390,26-03-2025,3,10,Cash,Cancelled
O005554,C00896,P0290,21-08-2025,1,20,Upi,Delivered
O005555,C00714,P0039,03-07-2024,0,110,Card,Delivered
O005556,C01146,P0485,22-06-2024,0,0,Upi,Shipped
O005557,C01755,P0126,04-01-2024,3,0,Cash,Delivered
O005558,C01866,P0153,28-03-2025,2,110,Upi,Delivered
O005559,C01898,P0199,04-05-2025,2,110,Card,Shipped
O005560,C01932,P0263,01-07-2024,2,0,Card,Delivered
O005561,C01327,P0155,19-09-2025,2,10,Cash,Shipped
O005562,C01850,P0174,30-11-2025,2,10,Upi,Cancelled
O005563,C00034,P0200,19-10-2024,4,10,Cash,Returned
O005564,C01633,P0376,04-04-2024,2,10,Card,Shipped
O005565,C01470,P0071,19-04-2024,1,110,Upi,Delivered
O005566,C01685,P0467,20-04-2025,2,20,Card,Delivered
O005567,C00349,P0038,18-01-2024,4,15,Upi,Delivered
O005568,C00312,P0114,05-03-2025,2,0,Upi,Shipped
O005569,C01938,P0333,27-05-2025,1,20,Upi,Delivered
O005570,C00951,P0407,02-11-2025,4,15,Card,Shipped
O005571,C01700,P0142,13-05-2024,2,110,Upi,Shipped
O005572,C01002,P0123,08-06-2024,0,10,Upi,Returned
O005573,C00246,P0330,26-04-2024,0,0,Upi,Delivered
O005574,C00486,P0091,24-09-2024,4,15,Card,Returned
O005575,C01553,P0010,22-03-2025,1,110,Upi,Shipped
O005576,C00798,P0368,08-02-2024,2,10,Upi,Delivered
O005577,C01806,P0480,03-07-2025,3,110,Upi,Returned
O005578,C01845,P0073,26-05-2025,1,0,Card,Cancelled
O005579,C00757,P0414,25-08-2024,1,0,Card,Delivered
O005580,C00624,P0048,05-08-2025,1,110,Upi,Delivered
O005581,C00213,P0169,27-05-2025,1,10,Card,Delivered
O005582,C01672,P0126,25-06-2024,2,0,Card,Shipped
O005583,C00177,P0474,12-10-2024,1,0,Card,Delivered
O005584,C01787,P0078,18-10-2024,2,20,Upi,Cancelled
O005585,C00399,P0389,22-08-2024,1,0,Upi,Cancelled
O005586,C01830,P0433,14-09-2024,4,20,Card,Delivered
O005587,C01221,P0019,18-06-2025,2,20,Upi,Shipped
O005588,C01600,P0080,13-01-2025,3,20,Upi,Shipped
O005589,C01259,P0305,09-10-2024,3,20,Upi,Returned
O005590,C00405,P0299,08-09-2024,2,0,Card,Shipped
O005591,C01855,P0391,03-05-2025,1,0,Upi,Shipped
O005592,C00721,P0308,16-09-2024,0,0,Upi,Shipped
O005593,C00452,P0393,18-03-2025,2,110,Cash,Delivered
O005594,C01939,P0083,28-11-2024,2,0,Upi,Delivered
O005595,C00505,P0272,02-04-2025,4,10,Cash,Delivered
O005596,C01556,P0220,18-05-2025,3,0,Upi,Cancelled
O005597,C00031,P0164,01-05-2024,2,0,Card,Cancelled
O005598,C00763,P0070,18-03-2025,3,0,Card,Returned
O005599,C00599,P0456,11-07-2025,0,0,Cash,Delivered
O005600,C00820,P0180,03-08-2025,1,0,Card,Shipped
O005601,C01867,P0082,18-07-2025,2,0,Upi,Returned
O005602,C00599,P0491,26-06-2025,3,0,Card,Delivered
O005603,C01598,P0319,23-07-2024,2,0,Cash,Delivered
O005604,C01172,P0274,13-12-2024,4,20,Cash,Shipped
O005605,C01659,P0312,02-05-2025,2,20,Upi,Returned
O005606,C01287,P0207,20-02-2025,4,10,Card,Returned
O005607,C00376,P0032,06-05-2025,4,10,Card,Delivered
O005608,C00299,P0289,21-06-2024,1,0,Upi,Cancelled
O005609,C01569,P0153,31-05-2024,3,0,Upi,Returned
O005610,C01905,P0051,14-10-2024,2,0,Card,Shipped
O005611,C00759,P0150,29-10-2025,4,15,Upi,Delivered
O005612,C01664,P0260,17-09-2024,3,20,Cash,Cancelled
O005613,C01855,P0131,01-07-2024,2,20,Upi,Delivered
O005614,C01128,P0339,11-04-2024,0,10,Card,Cancelled
O005615,C01590,P0338,14-08-2024,3,0,Cash,Delivered
O005616,C00954,P0333,17-02-2024,3,110,Card,Cancelled
O005617,C01261,P0131,23-06-2025,2,20,Upi,Delivered
O005618,C01123,P0125,17-04-2025,4,20,Upi,Delivered
O005619,C01151,P0447,04-01-2025,2,10,Upi,Delivered
O005620,C01990,P0102,24-06-2025,4,110,Cash,Delivered
O005621,C00433,P0193,10-07-2024,2,10,Cash,Cancelled
O005622,C00163,P0405,30-11-2024,4,15,Cash,Cancelled
O005623,C00070,P0009,30-04-2024,3,0,Upi,Shipped
O005624,C00810,P0084,17-09-2024,4,15,Cash,Shipped
O005625,C01762,P0279,19-04-2024,1,10,Upi,Returned
O005626,C01121,P0454,16-05-2024,1,0,Card,Delivered
O005627,C00832,P0023,19-06-2024,1,0,Card,Shipped
O005628,C00364,P0155,16-01-2024,0,10,Cash,Delivered
O005629,C01020,P0416,08-07-2024,4,10,Cash,Returned
O005630,C01010,P0196,12-06-2024,2,10,Upi,Delivered
O005631,C01988,P0334,23-01-2025,0,10,Upi,Returned
O005632,C00453,P0245,09-02-2025,1,0,Cash,Delivered
O005633,C00663,P0440,27-04-2024,4,110,Card,Delivered
O005634,C01957,P0409,09-05-2024,1,110,Card,Delivered
O005635,C01969,P0114,30-08-2024,0,0,Cash,Returned
O005636,C00773,P0435,30-06-2025,2,0,Upi,Delivered
O005637,C00411,P0398,09-03-2025,0,110,Card,Delivered
O005638,C01886,P0251,07-04-2025,4,10,Upi,Delivered
O005639,C00173,P0218,21-02-2024,1,20,Upi,Cancelled
O005640,C00989,P0258,20-11-2025,1,110,Upi,Cancelled
O005641,C00916,P0236,06-03-2024,4,15,Upi,Delivered
O005642,C00124,P0471,18-08-2024,0,10,Card,Returned
O005643,C00482,P0495,03-05-2025,2,110,Card,Cancelled
O005644,C00964,P0351,01-05-2025,0,20,Card,Shipped
O005645,C01495,P0476,28-11-2025,2,0,Card,Returned
O005646,C00135,P0454,10-11-2025,1,20,Upi,Delivered
O005647,C00971,P0189,18-04-2025,1,20,Upi,Delivered
O005648,C01116,P0360,24-10-2024,1,0,Cash,Returned
O005649,C00014,P0252,31-05-2024,2,0,Card,Cancelled
O005650,C01834,P0021,02-07-2024,2,110,Upi,Returned
O005651,C00625,P0001,13-07-2025,4,20,Upi,Delivered
O005652,C00319,P0054,27-07-2025,4,20,Card,Cancelled
O005653,C01606,P0215,18-10-2024,2,0,Upi,Delivered
O005654,C00024,P0090,26-06-2025,2,20,Upi,Delivered
O005655,C01890,P0134,07-02-2024,2,20,Upi,Delivered
O005656,C01776,P0420,22-07-2024,4,20,Card,Delivered
O005657,C01193,P0218,17-06-2025,2,10,Card,Delivered
O005658,C00993,P0177,28-03-2025,4,110,Cash,Delivered
O005659,C01821,P0203,22-09-2025,1,110,Upi,Cancelled
O005660,C00752,P0161,29-09-2024,4,10,Upi,Delivered
O005661,C99999,P0471,08-04-2024,2,0,Cash,Delivered
O005662,C00394,P0483,31-01-2025,2,0,Cash,Shipped
O005663,C00822,P0486,09-05-2024,2,20,Card,Delivered
O005664,C00130,P0360,03-09-2024,4,10,Upi,Delivered
O005665,C01493,P0047,13-06-2025,2,20,Cash,Shipped
O005666,C01785,P0236,26-04-2025,2,10,Cash,Cancelled
O005667,C01165,P0231,17-09-2025,3,0,Cash,Delivered
O005668,C00842,P0452,23-09-2024,0,20,Cash,Cancelled
O005669,C01671,P0331,08-07-2024,2,10,Upi,Cancelled
O005670,C00680,P0110,05-08-2025,0,0,Upi,Returned
O005671,C01094,P0259,22-11-2025,1,20,Upi,Cancelled
O005672,C00856,P0083,29-01-2024,0,20,Upi,Delivered
O005673,C00334,P0042,15-01-2025,3,10,Cash,Delivered
O005674,C00077,P0466,25-10-2024,2,10,Cash,Shipped
O005675,C00414,P0265,25-09-2025,2,10,Card,Returned
O005676,C00568,P0314,17-01-2024,2,0,Upi,Cancelled
O005677,C01547,P0375,07-11-2025,4,15,Upi,Shipped
O005678,C00475,P0478,07-10-2025,4,15,Card,Delivered
O005679,C00123,P0464,30-04-2024,3,10,Upi,Delivered
O005680,C00119,P0372,10-11-2024,2,110,Card,Shipped
O005681,C01965,P0043,31-01-2024,2,110,Cash,Shipped
O005682,C00220,P0488,26-01-2024,2,20,Upi,Delivered
O005683,C01489,P0397,25-09-2025,0,0,Upi,Cancelled
O005684,C00436,P0319,03-05-2024,0,0,Upi,Delivered
O005685,C00228,P0460,02-05-2024,2,0,Upi,Delivered
O005686,C01701,P0317,07-02-2024,3,20,Card,Delivered
O005687,C00270,P0142,25-03-2024,3,0,Cash,Returned
O005688,C01730,P0399,21-12-2024,2,10,Cash,Cancelled
O005689,C00624,P0407,17-06-2025,2,0,Upi,Cancelled
O005690,C00694,P0428,27-08-2025,4,10,Card,Returned
O005691,C01707,P0162,23-04-2025,2,20,Cash,Cancelled
O005692,C00985,P0378,17-04-2025,2,10,Upi,Shipped
O005693,C01814,P0304,16-08-2024,0,0,Card,Cancelled
O005694,C01579,P0491,22-01-2025,3,10,Upi,Cancelled
O005695,C00976,P0327,03-11-2025,2,10,Cash,Delivered
O005696,C00218,P0166,10-01-2025,2,0,Card,Shipped
O005697,C01212,P0192,01-07-2025,3,10,Cash,Cancelled
O005698,C00347,P0014,01-12-2025,0,0,Upi,Returned
O005699,C00768,P0139,04-06-2024,2,110,Card,Shipped
O005700,C00504,P0036,18-02-2025,2,110,Card,Delivered
O005701,C00248,P0277,16-06-2024,4,10,Upi,Shipped
O005702,C01226,P0349,28-06-2025,1,0,Upi,Delivered
O005703,C00321,P0488,19-06-2024,1,0,Upi,Cancelled
O005704,C00997,P0269,31-07-2024,2,0,Upi,Delivered
O005705,C01620,P0438,27-05-2025,2,0,Upi,Shipped
O005706,C01077,P0235,09-08-2024,3,0,Upi,Delivered
O005707,C00564,P0010,03-12-2024,2,10,Card,Shipped
O005708,C01511,P0047,06-04-2025,3,110,Upi,Delivered
O005709,C00191,P0364,12-04-2025,4,10,Cash,Cancelled
O005710,C01175,P0203,15-07-2024,3,20,Upi,Shipped
O005711,C01840,P0188,11-03-2025,0,20,Cash,Delivered
O005712,C00035,P0244,23-11-2025,4,10,Card,Delivered
O005713,C00648,P0013,03-08-2025,1,0,Cash,Cancelled
O005714,C01465,P0389,10-07-2025,0,10,Cash,Returned
O005715,C01296,P0042,09-02-2025,1,0,Cash,Returned
O005716,C00113,P0307,09-09-2025,3,10,Cash,Cancelled
O005717,C00677,P0034,30-03-2025,2,0,Card,Cancelled
O005718,C00557,P0290,02-09-2025,1,20,Upi,Shipped
O005719,C01381,P0124,22-08-2024,2,110,Upi,Cancelled
O005720,C01036,P0271,29-01-2024,2,0,Cash,Cancelled
O005721,C00625,P0093,12-06-2025,1,10,Card,Delivered
O005722,C01174,P0413,06-06-2024,2,20,Card,Delivered
O005723,C00524,P0393,27-03-2024,2,110,Upi,Delivered
O005724,C01713,P0002,10-03-2024,2,0,Upi,Delivered
O005725,C01183,P0137,20-05-2025,4,10,Upi,Shipped
O005726,C00940,P0304,30-12-2024,1,110,Upi,Shipped
O005727,C01483,P0481,24-06-2025,2,10,Card,Shipped
O005728,C01577,P0061,01-03-2025,2,10,Card,Cancelled
O005729,C01315,P0023,25-04-2024,1,110,Cash,Cancelled
O005730,C01129,P0435,28-06-2025,2,0,Cash,Shipped
O005731,C01228,P0030,17-01-2024,2,110,Card,Delivered
O005732,C00622,P0336,22-07-2024,1,10,Cash,Returned
O005733,C01979,P0452,04-11-2024,2,0,Card,Delivered
O005734,C00667,P0427,27-12-2024,4,15,Card,Delivered
O005735,C00322,P0356,01-04-2024,4,20,Upi,Delivered
O005736,C00029,P0310,11-02-2025,2,20,Upi,Returned
O005737,C01475,P0375,31-01-2025,3,10,Upi,Delivered
O005738,C01062,P0037,21-09-2024,1,0,Card,Delivered
O005739,C00683,P0099,05-03-2024,2,20,Upi,Cancelled
O005740,C00680,P0075,06-06-2024,0,0,Upi,Cancelled
O005741,C00772,P0044,21-09-2025,2,10,Upi,Delivered
O005742,C01914,P0486,03-05-2025,4,20,Cash,Returned
O005743,C01474,P0308,17-02-2024,2,0,Card,Cancelled
O005744,C00561,P0108,18-05-2025,3,20,Card,Shipped
O005745,C00262,P0027,01-01-2025,0,110,Upi,Delivered
O005746,C01655,P0493,15-05-2024,1,110,Card,Shipped
O005747,C01848,P0327,03-06-2025,4,15,Upi,Delivered
O005748,C00061,P0237,04-09-2024,0,110,Card,Returned
O005749,C01598,P0470,18-01-2024,3,0,Cash,Shipped
O005750,C01002,P0031,12-07-2024,2,110,Card,Shipped
O005751,C01922,P0255,17-04-2024,3,110,Card,Delivered
O005752,C00789,P0183,24-06-2025,4,20,Upi,Returned
O005753,C00335,P0289,15-07-2024,0,10,Upi,Shipped
O005754,C00293,P0377,01-10-2025,1,0,Card,Shipped
O005755,C01535,P0193,05-02-2024,4,10,Cash,Delivered
O005756,C00311,P0430,16-02-2024,0,0,Upi,Shipped
O005757,C00986,P0102,21-02-2025,0,20,Cash,Delivered
O005758,C00873,P0439,18-11-2025,1,10,Upi,Shipped
O005759,C00503,P0448,01-02-2025,1,10,Cash,Shipped
O005760,C00640,P0072,28-09-2025,1,20,Upi,Delivered
O005761,C00817,P0293,30-11-2025,3,10,Card,Returned
O005762,C00495,P0326,26-09-2024,2,0,Upi,Delivered
O005763,C01524,P0334,18-07-2025,3,0,Upi,Shipped
O005764,C00627,P0106,09-08-2024,4,10,Upi,Cancelled
O005765,C01841,P0169,05-08-2024,0,0,Card,Delivered
O005766,C01754,P0138,06-09-2025,0,110,Upi,Shipped
O005767,C01426,P0163,10-02-2024,4,15,Cash,Shipped
O005768,C00120,P0097,25-01-2024,4,15,Card,Cancelled
O005769,C01675,P0474,24-08-2025,0,0,Card,Shipped
O005770,C01023,P0392,24-01-2024,2,20,Upi,Delivered
O005771,C01173,P0484,04-07-2025,2,0,Upi,Delivered
O005772,C01646,P0090,06-01-2024,2,10,Upi,Cancelled
O005773,C00972,P0393,16-01-2024,2,0,Upi,Delivered
O005774,C01975,P0077,25-02-2025,0,20,Upi,Delivered
O005775,C00154,P0142,24-03-2025,3,10,Cash,Cancelled
O005776,C01874,P0310,12-04-2024,3,20,Card,Delivered
O005777,C00061,P0195,16-08-2024,0,20,Cash,Cancelled
O005778,C01904,P0215,17-10-2025,2,110,Upi,Returned
O005779,C01058,P0279,03-01-2025,4,10,Upi,Delivered
O005780,C01209,P0076,25-10-2025,0,110,Upi,Delivered
O005781,C01067,P0454,06-09-2025,3,0,Cash,Shipped
O005782,C01492,P0362,04-02-2024,0,110,Cash,Returned
O005783,C01670,P0328,25-03-2024,2,20,Upi,Delivered
O005784,C01551,P0392,24-12-2024,1,20,Card,Delivered
O005785,C01491,P0161,15-03-2025,0,20,Upi,Returned
O005786,C01424,P0405,22-10-2025,1,0,Card,Delivered
O005787,C00923,P0435,07-10-2024,4,10,Upi,Returned
O005788,C00469,P0271,11-10-2025,0,0,Cash,Cancelled
O005789,C01657,P0367,29-03-2025,2,10,Cash,Delivered
O005790,C00679,P0350,15-06-2025,3,0,Cash,Cancelled
O005791,C01989,P0322,02-10-2025,2,0,Upi,Delivered
O005792,C01767,P0325,24-09-2025,3,10,Upi,Shipped
O005793,C00089,P0373,18-09-2025,0,20,Upi,Delivered
O005794,C01916,P0432,26-04-2025,0,20,Upi,Cancelled
O005795,C01861,P0474,14-08-2025,2,10,Cash,Delivered
O005796,C00294,P0050,20-01-2024,4,10,Upi,Cancelled
O005797,C00018,P0216,09-06-2024,0,0,Upi,Cancelled
O005798,C00364,P0091,23-01-2024,4,10,Upi,Returned
O005799,C01062,P0070,14-11-2025,2,0,Card,Delivered
O005800,C01480,P0488,30-09-2024,3,10,Card,Delivered
O005801,C01567,P0457,05-05-2024,2,10,Upi,Cancelled
O005802,C00637,P0049,11-05-2025,2,0,Cash,Delivered
O005803,C01627,P0237,25-07-2024,2,10,Upi,Delivered
O005804,C00915,P0428,29-06-2024,1,20,Cash,Returned
O005805,C00082,P0085,06-08-2025,3,0,Upi,Delivered
O005806,C00078,P0465,05-03-2025,2,0,Upi,Returned
O005807,C01275,P0235,05-01-2024,2,0,Card,Cancelled
O005808,C01173,P0162,05-10-2024,3,20,Card,Shipped
O005809,C00692,P0223,21-09-2025,2,10,Cash,Delivered
O005810,C00475,P0431,21-12-2024,3,20,Card,Cancelled
O005811,C00984,P0100,20-01-2024,4,15,Card,Returned
O005812,C00485,P0224,16-12-2024,2,20,Upi,Delivered
O005813,C01402,P0432,30-06-2025,1,20,Card,Returned
O005814,C00165,P0082,25-09-2024,3,0,Upi,Returned
O005815,C00085,P0015,25-03-2024,1,0,Card,Shipped
O005816,C01353,P0480,15-01-2025,4,15,Upi,Shipped
O005817,C00895,P9999,06-10-2024,2,10,Upi,Delivered
O005818,C01458,P0451,25-09-2024,3,110,Upi,Shipped
O005819,C01471,P0213,12-09-2025,2,20,Upi,Delivered
O005820,C01047,P0276,02-05-2024,2,110,Card,Shipped
O005821,C01108,P0012,10-06-2025,2,110,Cash,Delivered
O005822,C01631,P0458,12-02-2024,2,110,Upi,Delivered
O005823,C00343,P0123,26-10-2024,0,20,Cash,Delivered
O005824,C00298,P0029,17-07-2025,2,110,Upi,Delivered
O005825,C00500,P0177,09-02-2025,0,20,Upi,Delivered
O005826,C01191,P0184,16-06-2025,2,10,Upi,Delivered
O005827,C00385,P0035,01-12-2025,2,20,Upi,Returned
O005828,C01875,P0104,04-01-2025,3,0,Card,Cancelled
O005829,C01976,P0092,16-08-2024,2,10,Cash,Delivered
O005830,C00151,P0352,27-05-2024,2,10,Upi,Returned
O005831,C00640,P0114,12-09-2025,3,10,Upi,Delivered
O005832,C01497,P0449,19-05-2025,2,0,Card,Delivered
O005833,C01120,P0078,09-05-2024,0,0,Cash,Cancelled
O005834,C01646,P0229,08-06-2024,3,0,Card,Returned
O005835,C01936,P0369,18-11-2024,2,0,Upi,Delivered
O005836,C01050,P0040,28-06-2024,0,110,Card,Delivered
O005837,C01331,P0248,15-07-2025,4,20,Card,Delivered
O005838,C00258,P0127,30-04-2024,2,0,Card,Cancelled
O005839,C01178,P0243,30-11-2025,2,10,Upi,Delivered
O005840,C01849,P0050,20-08-2024,2,110,Upi,Delivered
O005841,C01409,P0458,24-03-2024,2,0,Cash,Shipped
O005842,C01511,P0164,14-05-2024,3,10,Card,Returned
O005843,C00613,P0097,13-06-2024,3,0,Upi,Cancelled
O005844,C01863,P0059,18-08-2024,1,0,Cash,Delivered
O005845,C01602,P0476,05-05-2025,4,15,Upi,Delivered
O005846,C01341,P0248,22-08-2025,4,20,Card,Cancelled
O005847,C00169,P0097,24-06-2024,4,15,Cash,Delivered
O005848,C00705,P0026,29-05-2025,4,20,Upi,Returned
O005849,C00889,P0271,18-09-2025,0,0,Upi,Shipped
O005850,C01354,P0064,05-12-2024,2,20,Upi,Delivered
O005851,C00511,P0356,15-07-2025,0,0,Card,Cancelled
O005852,C00347,P0171,18-07-2024,1,20,Upi,Delivered
O005853,C00941,P0430,12-03-2024,3,10,Card,Returned
O005854,C01494,P0300,08-01-2024,3,20,Upi,Delivered
O005855,C00508,P0293,04-06-2025,4,20,Upi,Cancelled
O005856,C00482,P0070,10-09-2024,2,10,Cash,Shipped
O005857,C00041,P0316,22-04-2025,4,20,Upi,Delivered
O005858,C00969,P0142,06-04-2025,3,110,Upi,Cancelled
O005859,C01340,P0047,11-06-2025,0,110,Card,Delivered
O005860,C00968,P0401,17-08-2024,1,10,Cash,Delivered
O005861,C01527,P0299,11-06-2025,2,20,Cash,Returned
O005862,C01476,P0218,06-08-2024,3,20,Upi,Delivered
O005863,C00195,P0299,23-04-2024,0,10,Cash,Shipped
O005864,C01925,P0479,07-10-2025,2,20,Cash,Returned
O005865,C00898,P0243,15-10-2025,1,110,Upi,Delivered
O005866,C00649,P0472,21-01-2024,2,20,Cash,Delivered
O005867,C00886,P0343,08-02-2024,3,20,Upi,Delivered
O005868,C00267,P0153,29-01-2024,1,0,Upi,Cancelled
O005869,C01115,P0261,02-07-2024,2,0,Upi,Delivered
O005870,C00028,P0144,12-04-2024,4,15,Cash,Delivered
O005871,C01790,P0057,25-01-2025,4,15,Upi,Cancelled
O005872,C00839,P0124,27-03-2025,2,0,Card,Shipped
O005873,C00494,P0376,05-10-2024,2,0,Upi,Shipped
O005874,C00833,P0123,22-07-2025,2,0,Upi,Cancelled
O005875,C00891,P0316,26-09-2024,4,110,Upi,Returned
O005876,C00188,P0010,11-07-2025,1,20,Card,Shipped
O005877,C01056,P0114,27-07-2024,2,10,Card,Delivered
O005878,C01481,P0079,04-04-2025,0,110,Upi,Shipped
O005879,C00639,P0304,18-08-2024,2,10,Upi,Returned
O005880,C01709,P0428,09-11-2025,0,0,Upi,Delivered
O005881,C00768,P0336,01-06-2024,4,15,Card,Returned
O005882,C00376,P0177,25-01-2025,1,0,Upi,Cancelled
O005883,C00199,P0086,17-01-2025,2,10,Cash,Shipped
O005884,C00740,P0469,01-08-2025,4,10,Upi,Delivered
O005885,C01047,P0400,13-02-2024,1,0,Card,Returned
O005886,C00423,P0202,20-07-2024,1,10,Upi,Shipped
O005887,C00916,P0294,18-04-2024,4,15,Upi,Returned
O005888,C01678,P0204,04-02-2025,4,20,Cash,Delivered
O005889,C00891,P0114,27-02-2024,4,15,Upi,Delivered
O005890,C00130,P0230,06-06-2025,2,20,Upi,Shipped
O005891,C01762,P0349,01-02-2025,2,0,Upi,Delivered
O005892,C01483,P0273,11-05-2024,4,15,Upi,Shipped
O005893,C00530,P0242,28-09-2025,0,0,Card,Delivered
O005894,C00619,P0038,30-09-2024,1,10,Upi,Cancelled
O005895,C00406,P0031,20-01-2025,2,20,Upi,Cancelled
O005896,C01975,P0158,21-06-2024,1,20,Cash,Delivered
O005897,C00389,P0310,21-01-2024,3,0,Upi,Delivered
O005898,C01395,P0427,13-04-2024,3,110,Upi,Shipped
O005899,C01450,P0192,04-05-2025,2,0,Card,Shipped
O005900,C00072,P0322,10-06-2025,3,20,Card,Cancelled
O005901,C00610,P0379,04-10-2025,4,110,Cash,Cancelled
O005902,C01603,P0194,21-07-2025,3,10,Cash,Delivered
O005903,C00169,P0415,12-06-2024,3,110,Upi,Cancelled
O005904,C00259,P0346,31-10-2024,2,10,Card,Returned
O005905,C00818,P0074,29-10-2024,4,10,Upi,Cancelled
O005906,C01168,P0405,25-06-2024,2,0,Cash,Delivered
O005907,C00563,P0347,11-09-2024,1,10,Cash,Cancelled
O005908,C00803,P0202,29-05-2025,1,0,Upi,Returned
O005909,C00126,P0006,28-04-2025,3,20,Upi,Cancelled
O005910,C01516,P0045,16-09-2024,2,10,Upi,Returned
O005911,C01334,P0317,12-07-2025,2,0,Upi,Delivered
O005912,C00474,P0281,26-09-2025,1,20,Upi,Returned
O005913,C01505,P0128,19-03-2024,0,0,Cash,Cancelled
O005914,C00119,P0245,27-01-2025,3,110,Cash,Shipped
O005915,C00902,P0466,23-07-2025,1,10,Upi,Returned
O005916,C01455,P0437,30-05-2024,2,10,Upi,Shipped
O005917,C01930,P0430,17-03-2024,2,10,Upi,Delivered
O005918,C00759,P0253,16-11-2024,2,20,Upi,Shipped
O005919,C01442,P0365,28-07-2024,0,110,Upi,Returned
O005920,C00476,P0235,09-11-2024,3,110,Card,Cancelled
O005921,C00138,P0089,28-08-2025,3,0,Upi,Returned
O005922,C00225,P0366,28-09-2025,0,20,Upi,Returned
O005923,C01533,P0327,13-04-2024,3,20,Upi,Cancelled
O005924,C00918,P0149,31-12-2024,0,0,Upi,Delivered
O005925,C00631,P0301,26-11-2024,1,0,Upi,Returned
O005926,C01698,P0299,21-12-2024,4,10,Upi,Shipped
O005927,C00582,P0184,23-01-2024,4,15,Upi,Delivered
O005928,C00462,P0349,10-07-2025,2,20,Cash,Returned
O005929,C01248,P0207,12-04-2025,2,10,Cash,Returned
O005930,C00940,P0216,06-11-2025,4,10,Upi,Cancelled
O005931,C00711,P0321,08-03-2024,2,110,Upi,Returned
O005932,C00295,P0289,05-10-2025,3,110,Card,Shipped
O005933,C00109,P0063,25-10-2025,2,0,Upi,Delivered
O005934,C00718,P0238,22-03-2024,1,20,Upi,Returned
O005935,C00732,P0395,29-12-2024,0,110,Cash,Shipped
O005936,C00645,P0244,19-11-2025,0,0,Card,Cancelled
O005937,C00272,P0466,28-05-2024,2,0,Upi,Delivered
O005938,C00368,P0482,01-09-2025,0,10,Cash,Delivered
O005939,C01591,P0234,13-01-2024,0,20,Upi,Delivered
O005940,C01882,P0126,12-03-2025,2,10,Card,Delivered
O005941,C01277,P0069,24-10-2024,2,20,Upi,Cancelled
O005942,C00659,P0201,20-04-2025,0,0,Upi,Shipped
O005943,C00265,P0020,02-05-2025,2,10,Upi,Returned
O005944,C01670,P0406,27-12-2024,2,20,Upi,Shipped
O005945,C01347,P0338,20-09-2025,1,110,Cash,Delivered
O005946,C00293,P0052,29-05-2024,2,0,Cash,Returned
O005947,C00820,P0329,07-08-2025,1,0,Upi,Delivered
O005948,C01425,P0041,10-07-2025,1,20,Cash,Delivered
O005949,C00757,P0492,10-05-2025,2,10,Upi,Delivered
O005950,C01303,P0291,13-03-2024,0,10,Card,Delivered
O005951,C01064,P0335,15-10-2024,1,20,Upi,Delivered
O005952,C01111,P0165,11-05-2025,1,0,Cash,Delivered
O005953,C00116,P0476,10-03-2025,3,0,Upi,Delivered
O005954,C00769,P0295,01-12-2025,2,10,Card,Cancelled
O005955,C00272,P0410,06-06-2024,3,0,Upi,Shipped
O005956,C01424,P0379,19-11-2024,2,20,Upi,Delivered
O005957,C01438,P0459,26-02-2025,3,10,Upi,Delivered
O005958,C01872,P0215,29-05-2025,2,10,Cash,Delivered
O005959,C00923,P0264,21-10-2025,1,110,Upi,Cancelled
O005960,C01858,P0097,17-09-2024,3,10,Upi,Shipped
O005961,C01925,P0455,04-01-2024,0,0,Upi,Delivered
O005962,C01064,P0016,19-08-2024,2,10,Card,Delivered
O005963,C00776,P0425,15-06-2025,0,10,Upi,Delivered
O005964,C00358,P0127,14-12-2024,4,15,Card,Returned
O005965,C00548,P0087,18-11-2024,3,0,Cash,Delivered
O005966,C00478,P0305,22-07-2024,2,0,Card,Delivered
O005967,C00274,P0241,07-04-2025,2,20,Card,Delivered
O005968,C01815,P0021,09-03-2024,2,110,Card,Delivered
O005969,C01247,P0265,10-05-2025,3,10,Upi,Delivered
O005970,C00979,P0205,08-04-2024,2,10,Upi,Shipped
O005971,C01175,P0199,17-04-2025,4,15,Card,Shipped
O005972,C00763,P0235,03-03-2024,2,0,Upi,Returned
O005973,C01015,P0352,29-03-2024,0,20,Card,Delivered
O005974,C01563,P0429,06-04-2024,1,110,Upi,Shipped
O005975,C00053,P0375,05-08-2024,2,20,Cash,Cancelled
O005976,C01850,P0021,10-10-2024,3,110,Upi,Cancelled
O005977,C00123,P0268,17-04-2025,1,0,Card,Cancelled
O005978,C00909,P0395,22-03-2024,3,20,Card,Delivered
O005979,C00599,P0377,02-06-2024,2,10,Upi,Delivered
O005980,C00776,P0443,14-06-2025,4,15,Card,Cancelled
O005981,C00160,P0430,06-12-2024,2,10,Card,Cancelled
O005982,C00778,P0179,06-05-2024,4,15,Upi,Returned
O005983,C01290,P0300,27-05-2025,2,0,Upi,Cancelled
O005984,C01501,P0361,16-04-2024,2,0,Upi,Cancelled
O005985,C01152,P0357,11-03-2025,1,110,Card,Shipped
O005986,C00537,P0493,25-05-2025,2,0,Card,Delivered
O005987,C01088,P0246,20-02-2025,2,0,Card,Cancelled
O005988,C01221,P0360,05-08-2025,0,0,Upi,Delivered
O005989,C00694,P0373,17-10-2024,2,20,Card,Delivered
O005990,C01137,P0132,05-02-2024,4,20,Upi,Returned
O005991,C01450,P0254,17-05-2025,2,110,Upi,Delivered
O005992,C00369,P0229,07-07-2025,2,0,Cash,Cancelled
O005993,C01233,P0174,25-09-2024,4,20,Upi,Shipped
O005994,C99999,P0383,23-02-2024,2,10,Upi,Shipped
O005995,C00877,P0423,24-12-2024,0,0,Upi,Shipped
O005996,C00297,P0055,29-09-2025,4,10,Card,Shipped
O005997,C00110,P0141,04-11-2025,4,15,Upi,Delivered
O005998,C01692,P0405,22-08-2024,2,10,Upi,Delivered
O005999,C01789,P0159,06-06-2024,4,15,Upi,Shipped
O006000,C00954,P0257,16-06-2025,0,20,Upi,Delivered
O006001,C00725,P0394,09-08-2024,2,0,Cash,Delivered
O006002,C00014,P0134,25-11-2025,1,110,Upi,Delivered
O006003,C00551,P0218,15-01-2024,0,10,Upi,Delivered
O006004,C01259,P0043,13-10-2025,4,110,Upi,Cancelled
O006005,C01962,P0372,18-11-2024,0,110,Upi,Shipped
O006006,C00634,P0038,05-03-2025,0,10,Cash,Shipped
O006007,C00976,P0123,24-03-2025,0,10,Upi,Shipped
O006008,C01522,P0336,30-10-2025,2,0,Upi,Shipped
O006009,C01794,P0013,30-06-2024,3,0,Cash,Shipped
O006010,C00701,P0369,11-02-2024,4,110,Upi,Returned
O006011,C01897,P0315,26-09-2025,4,15,Upi,Cancelled
O006012,C00574,P0427,17-02-2024,2,0,Upi,Delivered
O006013,C01327,P0078,14-10-2024,3,0,Upi,Shipped
O006014,C00231,P0444,11-01-2024,2,0,Upi,Delivered
O006015,C00023,P0156,20-03-2025,1,10,Upi,Delivered
O006016,C00964,P0354,15-01-2024,1,10,Cash,Shipped
O006017,C00545,P0457,16-01-2025,2,10,Cash,Delivered
O006018,C00791,P0281,24-11-2024,3,20,Card,Delivered
O006019,C00234,P0050,04-11-2025,3,20,Cash,Delivered
O006020,C01518,P0059,25-12-2024,2,10,Card,Delivered
O006021,C00768,P0091,02-09-2024,0,20,Cash,Returned
O006022,C00760,P0010,22-10-2024,4,110,Upi,Delivered
O006023,C00554,P0485,02-03-2025,2,20,Card,Delivered
O006024,C00748,P0015,19-05-2025,1,20,Cash,Delivered
O006025,C01358,P0214,12-11-2024,3,0,Upi,Delivered
O006026,C00913,P0154,01-05-2024,1,0,Upi,Cancelled
O006027,C01940,P0380,18-03-2025,0,20,Upi,Delivered
O006028,C00180,P0485,29-10-2025,2,110,Card,Shipped
O006029,C00112,P0293,03-07-2024,1,0,Cash,Delivered
O006030,C01400,P0096,19-03-2024,4,15,Card,Shipped
O006031,C01435,P0186,17-01-2025,3,20,Upi,Shipped
O006032,C00360,P0419,07-04-2025,2,20,Card,Delivered
O006033,C00618,P0458,05-10-2024,1,10,Cash,Cancelled
O006034,C00039,P0448,18-07-2025,2,0,Cash,Delivered
O006035,C01776,P0040,29-05-2025,3,10,Cash,Delivered
O006036,C00107,P0493,03-10-2025,3,20,Cash,Delivered
O006037,C01444,P0396,26-10-2024,0,20,Upi,Delivered
O006038,C01434,P0491,14-12-2024,2,20,Card,Cancelled
O006039,C00259,P0142,17-06-2025,2,0,Upi,Returned
O006040,C01162,P0336,22-11-2024,2,20,Card,Delivered
O006041,C01154,P0058,31-10-2024,4,20,Card,Shipped
O006042,C01111,P0316,06-08-2025,4,15,Cash,Delivered
O006043,C00414,P0110,13-11-2024,1,20,Upi,Cancelled
O006044,C00703,P0121,06-06-2024,3,20,Upi,Delivered
O006045,C00937,P0073,06-03-2025,2,10,Upi,Cancelled
O006046,C00136,P0435,12-03-2024,1,0,Cash,Delivered
O006047,C00003,P0236,08-04-2025,2,10,Cash,Cancelled
O006048,C01743,P0364,26-10-2025,3,110,Card,Delivered
O006049,C00170,P0440,19-12-2024,3,0,Cash,Cancelled
O006050,C00899,P0433,12-11-2024,2,10,Upi,Delivered
O006051,C00992,P0248,02-06-2024,4,20,Card,Cancelled
O006052,C01753,P0061,07-02-2024,2,20,Cash,Delivered
O006053,C01123,P0385,05-01-2024,2,0,Card,Delivered
O006054,C01073,P0439,24-01-2025,1,0,Upi,Returned
O006055,C01236,P0019,03-10-2024,3,0,Cash,Delivered
O006056,C01114,P0466,19-09-2024,1,0,Upi,Cancelled
O006057,C01128,P0206,08-07-2024,2,110,Cash,Delivered
O006058,C00609,P0267,15-08-2025,0,0,Card,Cancelled
O006059,C01649,P0460,15-06-2024,3,10,Upi,Shipped
O006060,C01391,P0195,04-08-2024,0,0,Upi,Shipped
O006061,C00581,P0309,26-07-2025,0,20,Card,Delivered
O006062,C01788,P0195,03-08-2025,2,10,Cash,Shipped
O006063,C00889,P0437,11-08-2025,1,110,Upi,Shipped
O006064,C00584,P0023,27-05-2024,3,10,Card,Cancelled
O006065,C00814,P0283,09-08-2024,0,10,Upi,Cancelled
O006066,C00806,P0061,18-09-2025,0,0,Cash,Returned
O006067,C00341,P0125,27-05-2024,2,10,Upi,Returned
O006068,C01302,P0433,14-06-2024,3,20,Upi,Delivered
O006069,C00499,P0263,30-07-2024,0,20,Upi,Returned
O006070,C00375,P0269,12-09-2024,1,0,Upi,Cancelled
O006071,C00673,P0033,25-02-2025,2,110,Cash,Cancelled
O006072,C00253,P0337,23-04-2024,1,0,Upi,Shipped
O006073,C01469,P0108,04-01-2025,0,0,Card,Shipped
O006074,C00172,P0284,19-07-2024,2,0,Card,Shipped
O006075,C01094,P0429,28-08-2025,2,10,Card,Shipped
O006076,C00830,P0097,18-07-2024,1,0,Upi,Returned
O006077,C00890,P0284,07-04-2025,3,10,Cash,Returned
O006078,C01480,P0116,06-10-2024,4,15,Card,Delivered
O006079,C00624,P0114,12-06-2024,1,20,Upi,Returned
O006080,C01013,P0228,15-06-2025,2,20,Upi,Shipped
O006081,C01266,P0393,12-03-2025,2,10,Upi,Shipped
O006082,C01180,P0057,25-11-2024,1,0,Cash,Shipped
O006083,C01789,P0151,23-09-2025,3,110,Upi,Delivered
O006084,C00534,P0422,07-07-2024,1,20,Upi,Shipped
O006085,C01372,P0078,19-05-2025,2,0,Upi,Returned
O006086,C01531,P0154,07-06-2024,2,20,Card,Returned
O006087,C00347,P0407,08-09-2024,0,0,Cash,Delivered
O006088,C00477,P0379,13-04-2025,1,10,Card,Cancelled
O006089,C01372,P0241,20-08-2024,4,10,Upi,Delivered
O006090,C00102,P0394,09-07-2025,2,0,Upi,Returned
O006091,C01763,P0288,10-09-2024,0,0,Card,Delivered
O006092,C01103,P0123,16-09-2025,4,15,Card,Cancelled
O006093,C00032,P0325,16-02-2025,1,20,Cash,Delivered
O006094,C01162,P9999,12-04-2024,2,0,Cash,Delivered
O006095,C00272,P0160,05-05-2024,2,0,Upi,Shipped
O006096,C00441,P0269,21-07-2024,0,10,Cash,Cancelled
O006097,C01126,P0459,22-11-2024,3,0,Upi,Cancelled
O006098,C01728,P0410,16-09-2025,0,0,Card,Cancelled
O006099,C00479,P0163,23-04-2025,2,0,Upi,Returned
O006100,C00855,P0059,06-08-2025,2,10,Card,Delivered
O006101,C00535,P0357,07-11-2024,2,110,Upi,Returned
O006102,C01378,P0234,26-06-2024,0,0,Cash,Cancelled
O006103,C01985,P0177,12-07-2024,3,20,Card,Delivered
O006104,C00079,P0034,04-01-2025,2,110,Upi,Cancelled
O006105,C00598,P0294,28-10-2025,2,0,Card,Cancelled
O006106,C00876,P0359,03-07-2025,2,10,Card,Delivered
O006107,C00515,P0150,17-07-2025,1,10,Upi,Cancelled
O006108,C01135,P0165,14-07-2024,4,110,Card,Delivered
O006109,C00795,P0124,24-08-2025,0,10,Cash,Delivered
O006110,C00088,P0025,30-09-2025,1,10,Card,Cancelled
O006111,C01780,P0097,04-11-2025,0,0,Card,Delivered
O006112,C00963,P0045,29-08-2025,3,10,Cash,Delivered
O006113,C01004,P0212,25-10-2025,3,20,Upi,Delivered
O006114,C00031,P0256,06-02-2025,0,0,Upi,Delivered
O006115,C01406,P0179,13-02-2024,4,15,Upi,Delivered
O006116,C01173,P0057,17-11-2025,0,10,Upi,Returned
O006117,C00337,P0068,30-04-2024,3,0,Card,Delivered
O006118,C00939,P0254,06-06-2024,0,10,Card,Delivered
O006119,C00377,P0371,18-04-2025,1,20,Upi,Shipped
O006120,C00658,P0318,18-06-2025,3,0,Card,Delivered
O006121,C00854,P0185,04-12-2024,0,0,Upi,Cancelled
O006122,C00845,P0083,12-05-2024,1,10,Upi,Delivered
O006123,C00133,P0465,19-12-2024,1,0,Upi,Returned
O006124,C01859,P0185,19-03-2024,2,0,Card,Returned
O006125,C00589,P0353,11-05-2025,2,0,Cash,Returned
O006126,C01311,P0452,23-06-2025,2,110,Card,Delivered
O006127,C00674,P0143,23-05-2025,3,10,Card,Shipped
O006128,C00791,P0007,09-11-2025,2,0,Cash,Delivered
O006129,C01144,P0303,22-10-2024,4,15,Upi,Returned
O006130,C00766,P0017,22-09-2025,4,15,Upi,Cancelled
O006131,C01793,P0320,01-03-2024,0,10,Upi,Delivered
O006132,C01854,P0152,24-03-2025,4,15,Card,Cancelled
O006133,C01096,P0347,02-07-2025,3,20,Upi,Cancelled
O006134,C01517,P0283,15-11-2024,2,20,Upi,Delivered
O006135,C00424,P0085,07-06-2024,1,20,Upi,Returned
O006136,C00350,P0322,03-02-2024,4,15,Upi,Returned
O006137,C00770,P0379,14-07-2025,1,20,Upi,Delivered
O006138,C00796,P0008,31-07-2024,2,20,Cash,Shipped
O006139,C00072,P0378,26-01-2024,1,10,Upi,Shipped
O006140,C00332,P0035,09-02-2024,3,0,Upi,Shipped
O006141,C00259,P0255,02-01-2024,4,10,Upi,Cancelled
O006142,C01845,P0073,22-03-2025,1,10,Card,Returned
O006143,C00932,P0234,23-07-2025,2,0,Upi,Delivered
O006144,C00118,P0429,04-06-2024,4,15,Upi,Shipped
O006145,C01791,P0242,03-02-2024,0,0,Card,Shipped
O006146,C01965,P0133,02-04-2024,2,0,Upi,Returned
O006147,C00208,P0410,27-06-2025,0,10,Card,Delivered
O006148,C01906,P0021,09-05-2025,2,110,Upi,Shipped
O006149,C00276,P0155,06-12-2024,4,15,Upi,Delivered
O006150,C01770,P0053,27-04-2024,2,20,Upi,Delivered
O006151,C01048,P0465,19-02-2025,3,20,Upi,Shipped
O006152,C00124,P0498,19-01-2024,3,0,Cash,Cancelled
O006153,C00585,P0277,27-08-2024,2,0,Upi,Delivered
O006154,C00514,P0361,25-04-2025,4,15,Cash,Delivered
O006155,C00868,P0100,07-07-2024,2,20,Upi,Delivered
O006156,C01198,P0378,16-11-2024,0,0,Cash,Delivered
O006157,C00982,P0368,28-02-2024,0,0,Upi,Returned
O006158,C01217,P0161,09-06-2024,4,20,Upi,Delivered
O006159,C00063,P0471,25-09-2024,4,15,Upi,Delivered
O006160,C00825,P0123,08-08-2024,2,20,Upi,Shipped
O006161,C01584,P0461,21-04-2024,0,10,Upi,Shipped
O006162,C01597,P0055,13-05-2025,2,0,Upi,Returned
O006163,C00969,P0141,08-03-2025,4,10,Upi,Shipped
O006164,C01000,P0132,18-12-2024,0,20,Card,Delivered
O006165,C01632,P0258,16-11-2025,3,20,Upi,Delivered
O006166,C00218,P0041,27-10-2025,2,10,Upi,Returned
O006167,C01772,P0141,03-10-2024,1,110,Card,Delivered
O006168,C00564,P0065,10-05-2024,3,110,Upi,Delivered
O006169,C01350,P0366,13-05-2024,2,20,Upi,Returned
O006170,C00935,P0106,21-03-2025,2,0,Upi,Cancelled
O006171,C01171,P0179,08-05-2024,1,20,Upi,Shipped
O006172,C01651,P0216,21-11-2025,1,0,Upi,Delivered
O006173,C01207,P0156,01-12-2024,0,110,Upi,Shipped
O006174,C01636,P0095,20-01-2024,2,10,Cash,Delivered
O006175,C00806,P0142,07-07-2025,3,20,Upi,Delivered
O006176,C00203,P0033,27-04-2024,2,20,Cash,Shipped
O006177,C00889,P0213,12-02-2025,0,0,Upi,Shipped
O006178,C00388,P0498,11-03-2024,1,20,Upi,Delivered
O006179,C01155,P0282,17-09-2024,0,20,Cash,Delivered
O006180,C01953,P0334,04-07-2024,1,20,Card,Returned
O006181,C00704,P0279,04-08-2024,4,15,Cash,Delivered
O006182,C00368,P0266,06-05-2025,4,15,Card,Shipped
O006183,C01321,P0206,23-03-2024,2,10,Upi,Cancelled
O006184,C01798,P0133,19-10-2024,2,0,Cash,Returned
O006185,C00094,P0023,07-10-2025,2,0,Card,Shipped
O006186,C01755,P0121,16-10-2024,1,20,Card,Cancelled
O006187,C01970,P0022,16-12-2024,2,10,Cash,Delivered
O006188,C01702,P0237,13-07-2025,2,110,Card,Shipped
O006189,C00625,P0264,01-03-2024,2,0,Card,Returned
O006190,C01857,P0311,18-05-2025,0,10,Upi,Cancelled
O006191,C01391,P0279,02-04-2025,0,10,Upi,Cancelled
O006192,C01926,P0131,10-09-2025,4,10,Upi,Cancelled
O006193,C00341,P0322,18-03-2024,1,0,Upi,Returned
O006194,C00145,P0380,29-08-2024,0,0,Upi,Delivered
O006195,C01497,P0462,11-03-2024,3,0,Upi,Delivered
O006196,C00326,P0052,06-08-2024,2,0,Cash,Delivered
O006197,C01220,P0144,06-11-2025,0,110,Upi,Delivered
O006198,C01657,P0175,23-09-2025,0,10,Upi,Cancelled
O006199,C00731,P0128,20-10-2025,4,20,Card,Cancelled
O006200,C00692,P0025,21-02-2025,3,0,Card,Delivered
O006201,C01636,P0416,20-10-2025,0,110,Cash,Shipped
O006202,C00809,P0318,15-02-2025,0,0,Card,Shipped
O006203,C01726,P0040,01-03-2025,2,0,Upi,Delivered
O006204,C00467,P0093,22-06-2025,4,15,Upi,Cancelled
O006205,C01706,P0029,18-11-2024,3,10,Cash,Delivered
O006206,C00952,P0167,28-11-2025,1,10,Upi,Delivered
O006207,C00864,P0176,07-08-2024,2,110,Card,Delivered
O006208,C01841,P0085,02-01-2024,4,10,Upi,Shipped
O006209,C00262,P0109,26-07-2024,4,15,Upi,Delivered
O006210,C00057,P0233,17-12-2024,0,10,Upi,Returned
O006211,C01707,P0119,29-04-2024,4,15,Card,Cancelled
O006212,C01792,P0152,03-02-2024,3,110,Cash,Returned
O006213,C01073,P0345,26-09-2025,0,20,Cash,Delivered
O006214,C00389,P0372,20-09-2024,2,0,Upi,Cancelled
O006215,C00868,P0295,09-08-2024,4,110,Card,Shipped
O006216,C01927,P0417,30-08-2024,0,20,Cash,Shipped
O006217,C00858,P0223,21-03-2024,2,110,Upi,Delivered
O006218,C00744,P0483,21-08-2024,2,110,Cash,Cancelled
O006219,C01540,P0152,28-11-2024,4,20,Upi,Cancelled
O006220,C00041,P0047,18-09-2024,3,0,Card,Delivered
O006221,C01711,P0416,06-03-2025,2,10,Card,Delivered
O006222,C01849,P0003,19-08-2024,2,0,Upi,Cancelled
O006223,C01061,P0319,25-05-2024,0,0,Upi,Cancelled
O006224,C00573,P0405,12-01-2025,4,20,Upi,Delivered
O006225,C00463,P0422,19-07-2025,2,0,Cash,Delivered
O006226,C01693,P0300,06-02-2024,2,0,Upi,Delivered
O006227,C00423,P0240,10-10-2024,4,10,Card,Delivered
O006228,C01635,P0018,16-07-2025,2,0,Upi,Delivered
O006229,C01634,P0204,15-11-2024,1,0,Upi,Returned
O006230,C00870,P0133,27-07-2024,1,110,Upi,Cancelled
O006231,C01255,P0271,23-10-2024,2,20,Upi,Delivered
O006232,C01727,P0272,29-09-2025,2,20,Cash,Returned
O006233,C01765,P0222,22-05-2024,4,10,Card,Delivered
O006234,C01632,P0289,24-04-2024,4,20,Upi,Shipped
O006235,C01237,P0306,22-02-2024,3,0,Cash,Returned
O006236,C01377,P0406,16-08-2025,2,20,Upi,Returned
O006237,C00819,P0427,25-03-2024,2,20,Card,Returned
O006238,C00136,P0447,04-03-2025,2,110,Cash,Delivered
O006239,C01633,P0241,16-12-2024,3,20,Cash,Delivered
O006240,C00003,P0357,10-08-2024,4,20,Card,Delivered
O006241,C00076,P0429,29-09-2024,4,15,Cash,Delivered
O006242,C00128,P0214,30-01-2024,2,10,Card,Delivered
O006243,C01335,P0155,11-04-2025,4,110,Card,Returned
O006244,C00759,P0012,17-03-2025,4,20,Upi,Shipped
O006245,C00382,P0475,25-04-2024,4,15,Upi,Shipped
O006246,C01568,P0113,29-10-2024,0,110,Cash,Cancelled
O006247,C00417,P0314,25-10-2025,2,110,Cash,Returned
O006248,C01980,P0313,10-02-2025,0,0,Upi,Delivered
O006249,C01395,P0137,29-07-2024,2,10,Upi,Delivered
O006250,C01721,P0277,28-02-2025,2,10,Upi,Cancelled
O006251,C00158,P0356,02-09-2024,2,0,Upi,Returned
O006252,C01713,P0199,23-12-2024,2,0,Card,Cancelled
O006253,C01561,P0183,12-05-2024,4,110,Card,Delivered
O006254,C00260,P0060,13-02-2024,0,0,Upi,Delivered
O006255,C01766,P0290,03-06-2024,1,20,Upi,Delivered
O006256,C00941,P0180,17-03-2025,0,0,Cash,Cancelled
O006257,C00571,P0493,14-01-2025,2,10,Upi,Shipped
O006258,C00729,P0029,01-02-2024,4,20,Upi,Delivered
O006259,C01549,P0320,15-01-2025,1,20,Cash,Delivered
O006260,C01452,P0216,17-02-2025,1,20,Card,Shipped
O006261,C01817,P0113,22-11-2024,1,0,Cash,Cancelled
O006262,C01588,P0304,21-05-2025,2,0,Upi,Shipped
O006263,C00601,P0465,30-10-2025,3,0,Upi,Delivered
O006264,C01933,P0141,18-02-2025,2,20,Upi,Cancelled
O006265,C01344,P0417,26-07-2024,0,20,Upi,Shipped
O006266,C01192,P0196,24-10-2025,1,20,Cash,Delivered
O006267,C00368,P0291,14-01-2024,3,0,Cash,Shipped
O006268,C01316,P0340,15-03-2024,3,0,Upi,Delivered
O006269,C01438,P0139,08-11-2025,3,10,Upi,Delivered
O006270,C01569,P0247,19-08-2024,1,10,Upi,Cancelled
O006271,C00762,P0229,05-09-2024,2,10,Upi,Cancelled
O006272,C00377,P0157,22-08-2025,1,20,Upi,Shipped
O006273,C00558,P0013,11-09-2024,3,110,Card,Returned
O006274,C01592,P0176,05-02-2025,3,0,Cash,Delivered
O006275,C01760,P0228,31-07-2025,2,10,Upi,Delivered
O006276,C01153,P0409,05-09-2025,0,0,Upi,Delivered
O006277,C00186,P0208,05-03-2024,2,10,Upi,Shipped
O006278,C00439,P0040,10-04-2024,4,15,Cash,Cancelled
O006279,C01190,P0261,08-07-2024,4,20,Card,Cancelled
O006280,C00011,P0330,14-09-2025,2,10,Upi,Delivered
O006281,C01647,P0233,02-03-2024,2,20,Upi,Delivered
O006282,C01363,P0349,11-04-2024,3,10,Upi,Shipped
O006283,C01522,P0169,08-05-2024,2,10,Upi,Shipped
O006284,C01445,P0357,25-01-2024,3,0,Cash,Delivered
O006285,C00800,P0197,03-08-2025,3,0,Upi,Shipped
O006286,C00461,P0186,07-10-2024,1,0,Upi,Cancelled
O006287,C01079,P0357,13-07-2024,3,0,Cash,Cancelled
O006288,C01594,P0089,02-11-2024,4,10,Upi,Returned
O006289,C00022,P0170,03-09-2024,2,20,Card,Shipped
O006290,C00060,P0105,09-09-2025,1,20,Upi,Returned
O006291,C01665,P0025,10-05-2025,1,10,Upi,Shipped
O006292,C00530,P0212,14-05-2024,1,10,Upi,Cancelled
O006293,C00387,P0029,09-06-2025,2,0,Cash,Delivered
O006294,C00923,P0296,25-05-2024,3,0,Upi,Returned
O006295,C01711,P0439,21-01-2025,1,0,Cash,Delivered
O006296,C01800,P0466,16-03-2025,2,20,Upi,Returned
O006297,C01935,P0076,02-06-2025,0,110,Upi,Shipped
O006298,C01713,P0368,21-07-2025,3,0,Cash,Delivered
O006299,C01734,P0004,20-05-2025,1,0,Card,Delivered
O006300,C01735,P0215,07-06-2024,2,0,Upi,Returned
O006301,C01493,P0039,26-07-2024,1,0,Cash,Returned
O006302,C01425,P0304,26-02-2024,1,110,Cash,Delivered
O006303,C00577,P0310,29-07-2025,2,20,Upi,Returned
O006304,C00311,P0347,06-08-2024,3,20,Cash,Delivered
O006305,C00238,P0261,10-03-2025,3,20,Upi,Shipped
O006306,C01797,P0444,07-07-2025,2,20,Upi,Delivered
O006307,C00845,P0220,10-12-2024,2,20,Cash,Returned
O006308,C00963,P0490,25-09-2025,0,20,Upi,Delivered
O006309,C00526,P0298,30-11-2025,0,20,Upi,Shipped
O006310,C01423,P0033,09-07-2024,4,15,Card,Cancelled
O006311,C01477,P0125,20-09-2024,0,110,Upi,Delivered
O006312,C01084,P0103,04-03-2024,2,10,Upi,Delivered
O006313,C00089,P0278,08-02-2024,1,0,Cash,Delivered
O006314,C01493,P0269,07-10-2025,2,0,Card,Delivered
O006315,C01540,P0466,19-01-2025,1,0,Cash,Cancelled
O006316,C00596,P0016,13-03-2024,3,0,Upi,Delivered
O006317,C01301,P0500,25-01-2024,0,0,Card,Returned
O006318,C01204,P0443,23-12-2024,2,110,Cash,Delivered
O006319,C00013,P0056,08-02-2024,2,10,Cash,Cancelled
O006320,C00636,P0052,19-10-2025,3,110,Upi,Cancelled
O006321,C00124,P0494,26-12-2024,3,20,Card,Shipped
O006322,C01052,P0377,19-10-2024,2,20,Upi,Delivered
O006323,C00738,P0387,25-03-2025,2,0,Upi,Shipped
O006324,C01135,P0348,07-10-2024,3,0,Cash,Delivered
O006325,C01429,P0380,26-01-2025,4,110,Card,Delivered
O006326,C01177,P0378,12-02-2024,0,0,Upi,Delivered
O006327,C99999,P0184,20-01-2025,2,110,Upi,Cancelled
O006328,C01621,P0274,20-04-2024,3,20,Card,Delivered
O006329,C00004,P0258,05-02-2025,2,110,Upi,Shipped
O006330,C01072,P0076,03-07-2025,2,10,Upi,Shipped
O006331,C01254,P0123,23-02-2025,2,20,Upi,Returned
O006332,C00594,P0272,23-08-2025,1,10,Card,Delivered
O006333,C01101,P0470,04-03-2024,2,0,Card,Returned
O006334,C00917,P0074,04-08-2024,2,110,Upi,Returned
O006335,C00272,P0042,21-03-2025,1,10,Cash,Delivered
O006336,C00616,P0435,06-07-2025,4,10,Upi,Returned
O006337,C00806,P0313,05-02-2024,2,10,Cash,Delivered
O006338,C00480,P0315,14-06-2024,0,0,Card,Cancelled
O006339,C00354,P0024,26-01-2024,3,20,Upi,Returned
O006340,C01483,P0070,30-08-2024,2,0,Upi,Returned
O006341,C01313,P0417,08-11-2024,4,15,Upi,Returned
O006342,C01252,P0285,28-11-2024,2,10,Upi,Delivered
O006343,C00627,P0345,30-12-2024,4,15,Card,Delivered
O006344,C00340,P0077,20-07-2025,3,10,Upi,Delivered
O006345,C00769,P0434,17-11-2025,3,20,Card,Delivered
O006346,C00813,P0209,08-11-2024,2,110,Cash,Delivered
O006347,C01577,P0025,17-04-2025,0,10,Cash,Delivered
O006348,C01879,P0349,17-01-2024,3,20,Card,Delivered
O006349,C01708,P0499,26-05-2025,2,110,Upi,Delivered
O006350,C01602,P0166,11-09-2024,1,10,Card,Shipped
O006351,C00196,P0145,18-11-2025,3,10,Upi,Delivered
O006352,C01419,P0335,04-11-2024,2,0,Card,Delivered
O006353,C01182,P0054,22-03-2025,2,0,Cash,Shipped
O006354,C01030,P0089,28-05-2024,3,20,Upi,Returned
O006355,C00901,P0283,06-10-2024,4,10,Cash,Cancelled
O006356,C01799,P0292,02-04-2025,2,10,Upi,Delivered
O006357,C00582,P0294,21-03-2025,2,10,Cash,Delivered
O006358,C00928,P0427,11-07-2024,3,10,Upi,Returned
O006359,C00616,P0029,25-05-2024,1,20,Upi,Delivered
O006360,C01007,P0406,07-04-2025,0,0,Upi,Delivered
O006361,C01969,P0339,16-07-2025,0,10,Upi,Cancelled
O006362,C00264,P0285,24-07-2024,4,10,Upi,Shipped
O006363,C01199,P0443,11-05-2024,2,110,Upi,Returned
O006364,C00046,P0316,26-03-2024,0,10,Cash,Cancelled
O006365,C01950,P0397,03-08-2025,1,110,Upi,Returned
O006366,C00045,P0276,20-11-2024,0,20,Cash,Cancelled
O006367,C01774,P0176,19-05-2025,0,10,Upi,Delivered
O006368,C00615,P0025,06-06-2024,4,20,Upi,Delivered
O006369,C00974,P0208,30-04-2024,4,10,Upi,Cancelled
O006370,C01455,P0445,05-02-2024,3,0,Upi,Delivered
O006371,C00277,P9999,30-09-2024,0,20,Cash,Cancelled
O006372,C01595,P0019,24-03-2025,4,15,Upi,Returned
O006373,C00539,P0133,19-06-2024,1,20,Upi,Shipped
O006374,C01885,P0320,02-09-2024,2,110,Upi,Cancelled
O006375,C00880,P0407,28-08-2025,3,10,Card,Shipped
O006376,C01823,P0493,30-03-2025,0,110,Card,Delivered
O006377,C01495,P0007,29-05-2024,3,110,Upi,Delivered
O006378,C00756,P0213,09-10-2024,4,10,Upi,Cancelled
O006379,C00419,P0087,10-12-2024,4,10,Upi,Shipped
O006380,C00342,P0210,10-02-2025,2,110,Upi,Delivered
O006381,C00854,P0376,08-02-2024,4,15,Cash,Delivered
O006382,C01736,P0125,21-03-2024,0,0,Card,Shipped
O006383,C01921,P0488,09-07-2025,2,0,Upi,Returned
O006384,C01015,P0048,20-11-2025,0,0,Cash,Shipped
O006385,C01116,P0040,02-09-2025,2,10,Upi,Returned
O006386,C00662,P0322,18-09-2024,1,0,Cash,Cancelled
O006387,C01083,P0399,06-02-2025,2,0,Upi,Returned
O006388,C00698,P0150,19-02-2025,0,0,Cash,Delivered
O006389,C01177,P0323,13-11-2024,0,110,Card,Cancelled
O006390,C01526,P0200,25-01-2025,1,20,Upi,Shipped
O006391,C00045,P0320,07-12-2024,4,10,Upi,Delivered
O006392,C00408,P0339,13-07-2024,4,10,Cash,Delivered
O006393,C00821,P0497,19-07-2024,2,0,Card,Delivered
O006394,C01979,P0447,31-05-2024,3,20,Card,Cancelled
O006395,C01933,P0305,18-09-2024,3,0,Cash,Cancelled
O006396,C00879,P0328,19-11-2025,2,10,Upi,Shipped
O006397,C00382,P0011,17-03-2025,2,20,Upi,Delivered
O006398,C00115,P0399,22-09-2025,4,15,Card,Delivered
O006399,C00205,P0280,03-05-2025,1,20,Upi,Delivered
O006400,C00889,P0076,21-04-2024,2,110,Cash,Shipped
O006401,C01640,P0394,25-08-2024,3,20,Upi,Delivered
O006402,C00277,P0372,16-01-2025,2,0,Cash,Shipped
O006403,C01485,P0102,25-07-2024,2,10,Card,Delivered
O006404,C00664,P0115,27-08-2025,3,110,Upi,Returned
O006405,C00527,P0362,08-06-2025,0,110,Upi,Shipped
O006406,C00100,P0103,20-05-2024,1,20,Upi,Cancelled
O006407,C00330,P0445,02-02-2025,0,0,Upi,Delivered
O006408,C00962,P0357,15-03-2025,3,10,Cash,Delivered
O006409,C01027,P0348,15-10-2024,2,0,Card,Shipped
O006410,C01101,P0243,03-06-2024,1,20,Upi,Delivered
O006411,C00734,P0130,12-10-2024,2,20,Upi,Delivered
O006412,C00085,P0282,07-12-2024,0,10,Upi,Returned
O006413,C00801,P0119,02-08-2024,2,10,Upi,Returned
O006414,C00546,P0019,05-04-2024,4,20,Upi,Cancelled
O006415,C01028,P0024,07-01-2025,4,15,Upi,Cancelled
O006416,C00285,P0358,18-07-2025,2,20,Cash,Delivered
O006417,C01386,P0161,17-06-2024,3,0,Card,Delivered
O006418,C00874,P0124,13-05-2024,1,0,Upi,Delivered
O006419,C00541,P0011,10-02-2025,2,0,Upi,Returned
O006420,C01015,P0048,19-11-2024,1,20,Card,Cancelled
O006421,C01775,P0223,18-03-2024,4,10,Upi,Delivered
O006422,C00878,P0398,15-04-2025,1,20,Card,Delivered
O006423,C01449,P0492,04-07-2025,1,20,Upi,Delivered
O006424,C01379,P0485,05-12-2024,0,0,Cash,Delivered
O006425,C01185,P0468,02-07-2024,0,110,Cash,Delivered
O006426,C01187,P0421,26-07-2025,4,20,Card,Shipped
O006427,C01618,P0476,25-04-2025,0,0,Cash,Returned
O006428,C00193,P0253,22-11-2025,1,10,Card,Delivered
O006429,C01596,P0216,22-09-2024,2,10,Cash,Returned
O006430,C01483,P0057,08-10-2025,3,10,Cash,Delivered
O006431,C00237,P0462,15-08-2025,2,20,Cash,Returned
O006432,C00859,P0473,11-08-2025,2,10,Card,Delivered
O006433,C01042,P0375,03-03-2025,1,0,Cash,Cancelled
O006434,C01098,P0025,13-11-2025,0,110,Upi,Delivered
O006435,C00480,P0401,20-08-2025,1,20,Upi,Returned
O006436,C01407,P0493,29-07-2025,0,0,Card,Returned
O006437,C00659,P0258,26-09-2025,4,20,Upi,Returned
O006438,C01146,P0025,27-08-2025,2,0,Card,Delivered
O006439,C01780,P0290,28-03-2025,0,20,Card,Returned
O006440,C00057,P0444,10-02-2025,0,0,Upi,Cancelled
O006441,C01795,P0067,10-08-2024,2,0,Upi,Delivered
O006442,C00010,P0244,18-08-2024,2,10,Upi,Delivered
O006443,C01546,P0001,05-01-2024,2,20,Upi,Cancelled
O006444,C00544,P0058,03-09-2025,3,110,Card,Delivered
O006445,C00115,P0202,01-06-2025,3,110,Cash,Delivered
O006446,C01424,P0140,13-10-2024,1,20,Cash,Delivered
O006447,C00531,P0455,13-07-2025,4,15,Upi,Delivered
O006448,C01027,P0288,12-03-2024,1,110,Card,Returned
O006449,C00908,P0395,20-04-2025,3,110,Upi,Delivered
O006450,C00197,P0039,12-02-2025,0,110,Cash,Delivered
O006451,C00750,P0468,02-08-2024,4,20,Cash,Shipped
O006452,C00090,P0468,25-08-2025,1,0,Upi,Cancelled
O006453,C01102,P0388,05-05-2024,2,0,Upi,Delivered
O006454,C00096,P0445,15-02-2024,1,0,Card,Cancelled
O006455,C01719,P0047,29-01-2025,2,0,Upi,Returned
O006456,C00606,P0455,28-04-2025,3,0,Upi,Shipped
O006457,C00111,P0441,21-03-2024,2,20,Cash,Cancelled
O006458,C01383,P0489,25-04-2025,4,20,Upi,Delivered
O006459,C01761,P0496,05-08-2024,3,110,Cash,Shipped
O006460,C01067,P0023,28-05-2024,2,20,Upi,Delivered
O006461,C00345,P0306,31-03-2024,4,10,Upi,Delivered
O006462,C01827,P0254,10-05-2025,4,15,Cash,Cancelled
O006463,C00259,P0344,01-08-2024,4,15,Cash,Shipped
O006464,C01211,P0398,02-11-2024,3,20,Cash,Returned
O006465,C01380,P0381,09-03-2025,0,20,Cash,Shipped
O006466,C01790,P0414,05-03-2024,0,0,Upi,Delivered
O006467,C00053,P0445,15-10-2025,3,110,Upi,Shipped
O006468,C01692,P0427,29-10-2025,2,0,Card,Delivered
O006469,C01073,P0454,16-05-2024,1,20,Card,Shipped
O006470,C00349,P0241,18-09-2024,2,10,Upi,Delivered
O006471,C01605,P0271,09-04-2025,2,0,Upi,Delivered
O006472,C01870,P0353,08-09-2024,0,10,Upi,Delivered
O006473,C01164,P0314,30-05-2025,0,0,Cash,Cancelled
O006474,C00351,P0367,27-04-2025,4,110,Upi,Delivered
O006475,C01038,P0175,10-12-2024,3,10,Card,Delivered
O006476,C01135,P0401,19-03-2025,0,0,Card,Shipped
O006477,C01640,P0232,20-08-2024,2,10,Upi,Delivered
O006478,C00321,P0276,04-03-2024,0,0,Card,Delivered
O006479,C00318,P0215,20-08-2025,2,20,Upi,Shipped
O006480,C00945,P0460,04-06-2024,1,0,Cash,Cancelled
O006481,C00233,P0134,01-09-2024,1,0,Upi,Delivered
O006482,C00851,P0089,20-08-2024,2,0,Cash,Delivered
O006483,C01004,P0390,26-02-2024,0,0,Card,Delivered
O006484,C01578,P0001,17-11-2024,1,20,Card,Shipped
O006485,C00999,P0249,07-07-2024,1,110,Cash,Delivered
O006486,C00287,P0184,21-11-2025,2,20,Card,Delivered
O006487,C00034,P0241,30-01-2025,3,110,Upi,Cancelled
O006488,C00175,P0209,23-06-2025,4,15,Upi,Returned
O006489,C01865,P0394,09-02-2025,4,110,Cash,Shipped
O006490,C00280,P0076,16-04-2025,0,20,Cash,Shipped
O006491,C01541,P0125,18-04-2024,4,10,Card,Delivered
O006492,C00958,P0479,06-07-2024,3,20,Upi,Delivered
O006493,C00316,P0161,22-08-2025,4,110,Upi,Cancelled
O006494,C01472,P0002,13-02-2025,3,10,Upi,Returned
O006495,C01421,P0469,07-09-2024,3,110,Upi,Delivered
O006496,C01443,P0227,31-07-2025,2,0,Upi,Delivered
O006497,C00791,P0426,13-04-2024,0,0,Upi,Shipped
O006498,C00949,P0129,14-09-2024,0,20,Upi,Returned
O006499,C00790,P0169,14-11-2025,3,10,Cash,Returned
O006500,C01395,P0381,29-01-2025,2,20,Upi,Shipped
O006501,C01475,P0453,15-01-2025,4,10,Card,Delivered
O006502,C00278,P0308,21-03-2024,1,20,Upi,Shipped
O006503,C01452,P0072,09-07-2025,4,110,Cash,Shipped
O006504,C01009,P0226,12-07-2024,4,15,Card,Delivered
O006505,C01133,P0320,21-12-2024,0,0,Cash,Cancelled
O006506,C01042,P0025,01-03-2025,4,15,Card,Returned
O006507,C00326,P0069,29-01-2024,3,0,Card,Cancelled
O006508,C01413,P0465,13-03-2024,4,15,Upi,Shipped
O006509,C00241,P0065,05-06-2025,0,110,Upi,Returned
O006510,C00572,P0158,03-05-2025,1,20,Upi,Shipped
O006511,C00579,P0291,14-03-2025,3,10,Cash,Returned
O006512,C01508,P0311,15-09-2024,1,0,Card,Returned
O006513,C01272,P0459,17-12-2024,2,20,Cash,Delivered
O006514,C01204,P0413,19-09-2025,3,20,Card,Shipped
O006515,C01637,P0166,31-07-2024,1,20,Upi,Cancelled
O006516,C01994,P0133,29-11-2025,0,10,Cash,Shipped
O006517,C01493,P0429,05-05-2025,3,0,Cash,Delivered
O006518,C01178,P0018,03-07-2025,3,0,Card,Cancelled
O006519,C01608,P0033,04-03-2025,3,110,Card,Delivered
O006520,C01826,P0384,12-02-2024,2,0,Card,Shipped
O006521,C00469,P0229,18-02-2024,4,10,Upi,Shipped
O006522,C00012,P0493,17-04-2024,2,0,Upi,Delivered
O006523,C00091,P0119,03-08-2025,2,10,Upi,Delivered
O006524,C00510,P0086,14-03-2024,0,10,Card,Delivered
O006525,C00622,P0410,19-01-2024,1,0,Upi,Delivered
O006526,C00899,P0194,19-02-2025,0,20,Upi,Cancelled
O006527,C01025,P0249,04-01-2024,3,0,Cash,Cancelled
O006528,C00028,P0464,15-10-2024,0,110,Card,Delivered
O006529,C01173,P0152,06-05-2025,2,20,Cash,Shipped
O006530,C01106,P0259,26-10-2024,2,10,Upi,Cancelled
O006531,C01798,P0190,31-03-2024,4,10,Upi,Returned
O006532,C00602,P0293,11-09-2024,2,20,Upi,Cancelled
O006533,C00931,P0247,19-08-2025,0,10,Upi,Cancelled
O006534,C00700,P0070,07-11-2025,2,10,Upi,Delivered
O006535,C01748,P0277,19-06-2025,0,110,Upi,Shipped
O006536,C00546,P0494,26-04-2025,0,20,Cash,Cancelled
O006537,C01023,P0082,02-12-2024,2,10,Upi,Delivered
O006538,C01828,P0491,01-09-2025,0,0,Card,Delivered
O006539,C01745,P0189,08-11-2025,1,0,Card,Returned
O006540,C01292,P0234,18-09-2025,2,10,Card,Returned
O006541,C01499,P0455,03-06-2024,2,0,Cash,Shipped
O006542,C01476,P0073,31-01-2025,1,0,Card,Cancelled
O006543,C01189,P0116,20-03-2025,2,20,Card,Cancelled
O006544,C01790,P0162,03-03-2025,2,10,Card,Delivered
O006545,C00744,P0031,10-03-2025,1,110,Upi,Delivered
O006546,C01736,P0021,02-07-2024,2,20,Upi,Returned
O006547,C00211,P0351,16-07-2024,1,110,Card,Shipped
O006548,C01695,P0144,23-05-2024,2,20,Card,Shipped
O006549,C00143,P0290,30-10-2024,2,20,Upi,Returned
O006550,C01152,P0065,02-12-2024,1,10,Cash,Delivered
O006551,C00323,P0204,20-07-2025,3,20,Upi,Delivered
O006552,C01762,P0498,07-08-2024,2,20,Upi,Delivered
O006553,C00799,P0048,14-02-2025,3,10,Upi,Returned
O006554,C01578,P0227,07-04-2025,2,0,Cash,Delivered
O006555,C00289,P0033,08-06-2024,4,15,Cash,Delivered
O006556,C01314,P0218,27-11-2024,3,20,Cash,Shipped
O006557,C01166,P0410,15-02-2025,4,20,Upi,Shipped
O006558,C01294,P0257,07-05-2025,4,15,Cash,Returned
O006559,C00521,P0334,28-06-2024,2,20,Upi,Delivered
O006560,C01603,P0081,31-05-2025,1,20,Upi,Returned
O006561,C01756,P0186,06-08-2024,4,20,Card,Cancelled
O006562,C00634,P0388,20-07-2024,4,10,Upi,Cancelled
O006563,C00797,P0193,09-03-2024,0,10,Upi,Shipped
O006564,C00068,P0024,24-12-2024,0,10,Upi,Delivered
O006565,C00855,P0383,28-06-2025,3,10,Upi,Delivered
O006566,C01268,P0017,11-11-2024,2,10,Upi,Delivered
O006567,C01402,P0426,26-06-2025,4,20,Upi,Returned
O006568,C00933,P0499,06-12-2024,3,110,Upi,Returned
O006569,C00255,P0055,09-06-2024,4,20,Upi,Shipped
O006570,C01055,P0207,07-06-2024,4,20,Card,Cancelled
O006571,C00216,P0219,17-03-2024,2,20,Upi,Delivered
O006572,C00070,P0201,30-07-2025,1,20,Upi,Cancelled
O006573,C01581,P0219,19-02-2024,1,10,Upi,Returned
O006574,C00353,P0479,22-07-2025,1,0,Upi,Delivered
O006575,C00437,P0062,07-11-2025,3,10,Card,Delivered
O006576,C01637,P0224,29-11-2025,0,10,Upi,Delivered
O006577,C00654,P0044,09-06-2024,2,0,Card,Shipped
O006578,C01904,P0210,13-03-2024,0,0,Card,Delivered
O006579,C01568,P0248,25-04-2024,3,20,Card,Cancelled
O006580,C00497,P0136,08-03-2024,3,10,Cash,Delivered
O006581,C01500,P0452,05-05-2024,4,20,Upi,Delivered
O006582,C00544,P0033,23-01-2024,3,10,Cash,Delivered
O006583,C01297,P0434,20-08-2024,2,110,Upi,Delivered
O006584,C01919,P0117,14-08-2025,2,0,Card,Shipped
O006585,C00348,P0246,04-12-2024,4,20,Upi,Delivered
O006586,C00806,P0260,02-06-2024,2,10,Cash,Shipped
O006587,C01045,P0464,24-06-2024,0,0,Cash,Delivered
O006588,C00297,P0258,25-09-2024,2,20,Card,Cancelled
O006589,C01963,P0198,05-08-2025,0,10,Cash,Delivered
O006590,C01566,P0288,03-11-2025,4,20,Card,Cancelled
O006591,C00165,P0333,23-05-2024,2,10,Cash,Returned
O006592,C01513,P0093,08-08-2025,0,10,Upi,Shipped
O006593,C00611,P0032,29-04-2025,2,0,Upi,Delivered
O006594,C01157,P0365,28-04-2025,1,0,Card,Returned
O006595,C00243,P0432,06-12-2024,0,110,Upi,Cancelled
O006596,C00338,P0316,13-03-2024,3,20,Upi,Cancelled
O006597,C01518,P0275,30-08-2025,0,10,Upi,Shipped
O006598,C01040,P0497,05-07-2024,4,110,Cash,Shipped
O006599,C00738,P0351,22-01-2025,1,0,Upi,Shipped
O006600,C01905,P0280,10-03-2025,3,10,Upi,Delivered
O006601,C01250,P0479,06-03-2025,3,10,Upi,Shipped
O006602,C01591,P0309,10-02-2025,0,110,Cash,Returned
O006603,C01726,P0421,26-03-2025,4,15,Upi,Shipped
O006604,C00077,P0336,11-06-2024,2,110,Card,Returned
O006605,C00536,P0253,11-11-2025,3,20,Upi,Shipped
O006606,C00088,P0409,23-04-2025,4,110,Upi,Shipped
O006607,C01596,P0376,28-10-2024,2,0,Upi,Cancelled
O006608,C00301,P0119,14-05-2025,0,10,Card,Returned
O006609,C00258,P0043,31-03-2024,4,15,Upi,Cancelled
O006610,C00286,P0047,17-08-2024,1,20,Card,Delivered
O006611,C01113,P0042,07-06-2025,2,20,Card,Delivered
O006612,C00643,P0363,15-09-2025,0,20,Cash,Returned
O006613,C00048,P0027,25-10-2024,0,0,Upi,Cancelled
O006614,C00694,P0377,10-03-2025,4,20,Upi,Returned
O006615,C01712,P0109,09-07-2024,2,20,Upi,Shipped
O006616,C01228,P0389,15-11-2025,3,110,Cash,Delivered
O006617,C00842,P0054,05-04-2025,2,0,Upi,Shipped
O006618,C01393,P0271,11-09-2025,1,10,Upi,Delivered
O006619,C00248,P0425,23-09-2025,1,10,Card,Cancelled
O006620,C00176,P0192,26-04-2024,3,10,Card,Cancelled
O006621,C00242,P0164,03-11-2024,2,10,Card,Shipped
O006622,C00663,P0490,22-02-2024,2,0,Upi,Delivered
O006623,C00135,P0432,04-03-2024,4,110,Upi,Cancelled
O006624,C01606,P0389,20-06-2024,1,110,Upi,Delivered
O006625,C01738,P0092,11-04-2024,3,20,Upi,Shipped
O006626,C00098,P0324,30-01-2024,0,110,Upi,Delivered
O006627,C00747,P0266,04-02-2024,0,0,Upi,Returned
O006628,C01164,P0190,26-06-2024,4,15,Upi,Cancelled
O006629,C01435,P0283,01-08-2025,2,110,Cash,Shipped
O006630,C00632,P0294,27-09-2025,0,20,Cash,Returned
O006631,C00917,P0074,04-10-2024,2,10,Upi,Shipped
O006632,C01796,P0397,24-02-2025,1,20,Cash,Returned
O006633,C00165,P0344,23-05-2024,2,0,Upi,Delivered
O006634,C01254,P0220,26-02-2025,2,0,Upi,Cancelled
O006635,C00197,P0329,16-01-2025,3,10,Card,Cancelled
O006636,C01055,P0417,24-06-2024,2,0,Card,Shipped
O006637,C01810,P0263,16-03-2024,0,0,Upi,Cancelled
O006638,C00285,P0374,16-06-2024,2,0,Upi,Returned
O006639,C00278,P0303,28-04-2025,4,15,Cash,Cancelled
O006640,C00777,P0161,11-11-2025,2,20,Upi,Returned
O006641,C01773,P0152,23-10-2024,2,20,Card,Returned
O006642,C00668,P0423,31-05-2024,4,10,Upi,Shipped
O006643,C01580,P0224,08-04-2025,2,110,Card,Delivered
O006644,C01656,P0011,31-10-2024,1,0,Card,Delivered
O006645,C00106,P0410,18-07-2025,4,10,Upi,Returned
O006646,C00124,P0006,20-08-2025,2,10,Card,Shipped
O006647,C01449,P0018,12-07-2025,4,20,Upi,Shipped
O006648,C00951,P9999,05-12-2024,2,0,Upi,Delivered
O006649,C00184,P0184,19-02-2025,4,15,Card,Returned
O006650,C00236,P0020,14-05-2025,2,10,Upi,Shipped
O006651,C00083,P0464,09-06-2025,4,10,Upi,Shipped
O006652,C00447,P0169,01-11-2025,3,110,Upi,Delivered
O006653,C00598,P0055,06-03-2024,3,0,Cash,Delivered
O006654,C01885,P0032,15-09-2024,2,0,Card,Delivered
O006655,C01178,P0186,12-11-2025,1,20,Cash,Returned
O006656,C00898,P0033,10-09-2024,0,110,Card,Cancelled
O006657,C01860,P0174,16-08-2025,4,10,Cash,Delivered
O006658,C00051,P0149,18-06-2024,3,20,Upi,Cancelled
O006659,C01935,P0007,11-11-2025,0,0,Upi,Returned
O006660,C99999,P0174,22-09-2024,2,20,Card,Delivered
O006661,C01390,P0251,11-04-2024,4,10,Card,Cancelled
O006662,C01803,P0259,17-09-2025,2,10,Card,Delivered
O006663,C00772,P0147,01-07-2024,0,20,Upi,Shipped
O006664,C00233,P0301,01-11-2024,0,10,Card,Delivered
O006665,C01972,P0108,08-02-2025,0,10,Cash,Cancelled
O006666,C00531,P0338,01-09-2025,3,20,Card,Delivered
O006667,C01839,P0393,01-11-2025,1,0,Card,Cancelled
O006668,C01882,P0170,12-10-2024,4,20,Cash,Cancelled
O006669,C00607,P0303,28-07-2024,1,0,Card,Shipped
O006670,C01396,P0294,20-07-2025,1,0,Upi,Delivered
O006671,C01416,P0144,17-04-2025,2,0,Upi,Shipped
O006672,C01945,P0085,25-02-2025,2,0,Cash,Returned
O006673,C01961,P0461,22-04-2025,2,10,Upi,Shipped
O006674,C01867,P0342,06-07-2025,0,10,Card,Shipped
O006675,C00482,P0188,21-05-2025,4,15,Upi,Cancelled
O006676,C00407,P0460,15-09-2025,2,0,Card,Delivered
O006677,C00559,P0129,05-10-2025,3,10,Upi,Cancelled
O006678,C00048,P0249,10-10-2025,2,0,Upi,Returned
O006679,C01788,P0423,22-01-2024,2,20,Upi,Shipped
O006680,C01438,P0458,10-04-2024,1,20,Card,Shipped
O006681,C01889,P0373,30-07-2024,1,10,Upi,Delivered
O006682,C01062,P0259,14-06-2024,0,20,Cash,Returned
O006683,C01733,P0462,27-07-2025,1,10,Upi,Delivered
O006684,C01562,P0338,01-06-2024,2,0,Upi,Delivered
O006685,C00078,P0438,13-06-2025,3,10,Cash,Cancelled
O006686,C01246,P0136,22-03-2025,0,20,Upi,Returned
O006687,C01750,P0244,22-12-2024,1,110,Card,Cancelled
O006688,C00217,P0428,23-01-2024,2,0,Upi,Returned
O006689,C00521,P0257,08-10-2024,4,20,Upi,Shipped
O006690,C01532,P0479,01-03-2024,2,20,Card,Shipped
O006691,C00514,P0276,27-06-2025,1,110,Card,Delivered
O006692,C00879,P0353,19-03-2025,2,20,Upi,Cancelled
O006693,C00974,P0223,16-07-2024,4,15,Cash,Cancelled
O006694,C01806,P0486,01-05-2024,3,110,Cash,Shipped
O006695,C01310,P0418,05-04-2025,3,20,Upi,Shipped
O006696,C00383,P0087,21-11-2025,2,10,Card,Cancelled
O006697,C01648,P0421,11-04-2024,0,10,Upi,Shipped
O006698,C00602,P0205,10-12-2024,2,10,Cash,Returned
O006699,C01838,P0460,13-02-2025,4,15,Upi,Delivered
O006700,C00612,P0298,27-08-2024,2,0,Upi,Returned
O006701,C00346,P0447,13-02-2024,4,20,Cash,Delivered
O006702,C01670,P0346,04-12-2024,1,20,Upi,Delivered
O006703,C00397,P0323,27-05-2024,0,0,Upi,Cancelled
O006704,C01363,P0175,05-08-2025,1,10,Card,Cancelled
O006705,C00394,P0271,22-02-2025,1,20,Upi,Delivered
O006706,C00283,P0016,07-02-2024,2,110,Upi,Returned
O006707,C01969,P0105,14-05-2025,2,110,Upi,Delivered
O006708,C01713,P0199,01-10-2024,4,20,Card,Shipped
O006709,C00923,P0445,04-01-2024,1,0,Card,Delivered
O006710,C00900,P0300,19-01-2024,2,110,Upi,Cancelled
O006711,C00836,P0139,25-06-2024,2,0,Upi,Delivered
O006712,C00950,P0203,31-03-2024,2,20,Card,Shipped
O006713,C00415,P0400,05-09-2024,2,0,Upi,Shipped
O006714,C01171,P0357,16-03-2025,0,110,Upi,Delivered
O006715,C01803,P0138,07-06-2024,1,110,Cash,Delivered
O006716,C00210,P0251,05-02-2025,3,0,Cash,Returned
O006717,C00173,P0226,25-08-2024,2,20,Upi,Delivered
O006718,C01256,P0115,07-11-2024,1,110,Card,Delivered
O006719,C01424,P0269,12-05-2024,3,0,Upi,Delivered
O006720,C01464,P0180,13-07-2025,2,0,Card,Returned
O006721,C01730,P0367,29-11-2024,0,0,Upi,Cancelled
O006722,C00868,P0008,26-05-2025,2,0,Card,Cancelled
O006723,C00728,P0483,05-07-2025,2,20,Upi,Delivered
O006724,C01260,P0477,31-12-2024,3,20,Cash,Cancelled
O006725,C00571,P0135,16-06-2025,3,0,Upi,Returned
O006726,C01880,P0458,01-10-2024,0,0,Cash,Delivered
O006727,C01751,P0315,10-01-2024,0,10,Upi,Shipped
O006728,C00076,P0063,12-07-2025,2,110,Card,Delivered
O006729,C01036,P0101,12-02-2025,2,0,Cash,Returned
O006730,C00793,P0151,12-06-2025,2,10,Upi,Delivered
O006731,C01628,P0099,26-08-2024,1,0,Upi,Returned
O006732,C01783,P0014,28-05-2024,3,0,Upi,Cancelled
O006733,C01518,P0071,14-05-2024,0,110,Upi,Delivered
O006734,C01576,P0304,25-03-2025,2,10,Upi,Cancelled
O006735,C01037,P0205,09-07-2025,3,110,Upi,Returned
O006736,C01833,P0043,20-04-2025,2,0,Cash,Returned
O006737,C00536,P0226,14-03-2024,2,110,Cash,Cancelled
O006738,C01649,P0385,29-05-2024,2,110,Upi,Returned
O006739,C01333,P0100,25-03-2025,3,0,Card,Cancelled
O006740,C00313,P0480,23-01-2025,2,0,Upi,Delivered
O006741,C01929,P0291,14-02-2024,2,0,Cash,Shipped
O006742,C00608,P0250,27-03-2024,2,10,Upi,Delivered
O006743,C00769,P0466,08-08-2024,1,20,Card,Shipped
O006744,C01296,P0190,25-12-2024,4,15,Upi,Returned
O006745,C00798,P0109,11-03-2025,2,10,Upi,Shipped
O006746,C00874,P0410,03-09-2024,0,20,Cash,Delivered
O006747,C01986,P0101,17-09-2024,2,0,Upi,Returned
O006748,C00853,P0088,02-03-2024,3,10,Upi,Cancelled
O006749,C00752,P0490,02-07-2025,1,110,Card,Delivered
O006750,C00231,P0041,09-12-2024,4,10,Cash,Delivered
O006751,C00514,P0274,31-12-2024,2,10,Card,Delivered
O006752,C01784,P0233,13-11-2024,1,20,Upi,Delivered
O006753,C00550,P0361,20-05-2025,2,110,Upi,Returned
O006754,C01822,P0435,14-06-2025,2,20,Card,Returned
O006755,C01206,P0369,07-07-2024,0,110,Card,Delivered
O006756,C01265,P0440,24-02-2025,0,20,Upi,Shipped
O006757,C01184,P0161,26-04-2025,4,15,Upi,Shipped
O006758,C01134,P0287,06-06-2025,2,110,Upi,Returned
O006759,C00027,P0219,06-07-2025,1,110,Cash,Shipped
O006760,C01350,P0017,12-03-2024,0,10,Upi,Returned
O006761,C01508,P0119,15-07-2024,2,0,Card,Delivered
O006762,C01897,P0328,21-11-2024,0,20,Cash,Shipped
O006763,C01402,P0152,28-05-2025,2,0,Cash,Delivered
O006764,C01464,P0366,06-08-2025,0,0,Upi,Shipped
O006765,C01559,P0147,23-03-2025,2,0,Card,Returned
O006766,C01051,P0117,17-07-2024,2,110,Upi,Delivered
O006767,C01419,P0417,02-08-2025,2,20,Upi,Returned
O006768,C01393,P0196,04-03-2025,4,20,Upi,Cancelled
O006769,C01499,P0210,19-01-2024,3,10,Upi,Returned
O006770,C01694,P0347,27-03-2025,1,20,Upi,Delivered
O006771,C01162,P0456,17-02-2025,4,10,Card,Returned
O006772,C01280,P0098,10-08-2024,0,0,Cash,Delivered
O006773,C00939,P0496,29-09-2025,4,10,Cash,Delivered
O006774,C01076,P0041,03-03-2024,3,20,Cash,Shipped
O006775,C00162,P0207,21-06-2025,2,0,Card,Delivered
O006776,C00204,P0003,14-03-2025,3,10,Card,Delivered
O006777,C00879,P0257,11-08-2025,0,20,Upi,Cancelled
O006778,C01967,P0204,07-04-2025,1,0,Card,Shipped
O006779,C01773,P0342,16-06-2025,0,110,Upi,Returned
O006780,C00014,P0202,10-09-2025,2,10,Card,Shipped
O006781,C01187,P0061,18-05-2025,2,0,Cash,Returned
O006782,C01583,P0176,26-05-2025,1,110,Upi,Cancelled
O006783,C01660,P0414,24-07-2025,1,10,Cash,Returned
O006784,C01858,P0257,17-03-2025,4,20,Card,Shipped
O006785,C01567,P0182,22-02-2025,0,0,Card,Delivered
O006786,C00184,P0061,24-02-2024,2,20,Card,Delivered
O006787,C01185,P0073,04-03-2025,0,10,Upi,Delivered
O006788,C00370,P0066,25-04-2024,4,10,Upi,Cancelled
O006789,C00582,P0135,03-01-2024,4,15,Upi,Cancelled
O006790,C01304,P0076,26-05-2025,1,10,Card,Cancelled
O006791,C01816,P0103,24-06-2025,2,0,Card,Delivered
O006792,C00790,P0028,23-10-2025,2,10,Upi,Delivered
O006793,C00690,P0279,19-05-2024,1,0,Upi,Delivered
O006794,C01614,P0042,04-11-2025,0,20,Upi,Shipped
O006795,C01967,P0025,07-11-2024,2,110,Cash,Returned
O006796,C00065,P0377,22-08-2024,0,20,Cash,Delivered
O006797,C00120,P0018,07-03-2024,1,20,Cash,Delivered
O006798,C00496,P0360,25-04-2024,0,10,Upi,Shipped
O006799,C01795,P0335,25-09-2025,0,20,Card,Returned
O006800,C00939,P0298,14-04-2024,4,15,Upi,Returned
O006801,C00482,P0247,29-12-2024,3,0,Card,Delivered
O006802,C01569,P0420,09-09-2025,1,10,Cash,Cancelled
O006803,C01031,P0036,07-08-2025,3,10,Cash,Shipped
O006804,C00885,P0375,14-07-2025,3,0,Upi,Delivered
O006805,C00586,P0473,14-10-2024,4,20,Card,Shipped
O006806,C00964,P0313,01-02-2025,2,110,Upi,Shipped
O006807,C00870,P0051,04-09-2025,2,10,Upi,Cancelled
O006808,C00061,P0381,25-07-2024,2,20,Upi,Delivered
O006809,C00571,P0161,19-07-2025,3,0,Upi,Shipped
O006810,C01651,P0128,18-02-2024,1,0,Upi,Delivered
O006811,C00814,P0104,20-11-2025,3,20,Upi,Returned
O006812,C01556,P0417,08-09-2025,4,20,Upi,Cancelled
O006813,C00585,P0296,07-02-2025,2,0,Card,Cancelled
O006814,C00787,P0041,31-05-2025,4,15,Upi,Delivered
O006815,C01525,P0354,21-06-2024,2,20,Cash,Cancelled
O006816,C00403,P0159,07-06-2025,1,10,Upi,Returned
O006817,C01946,P0160,09-10-2025,1,20,Upi,Delivered
O006818,C01448,P0192,25-02-2024,4,110,Upi,Cancelled
O006819,C01403,P0232,23-08-2024,3,0,Card,Delivered
O006820,C01266,P0227,23-09-2024,2,0,Upi,Shipped
O006821,C01632,P0320,02-10-2025,3,10,Upi,Delivered
O006822,C01943,P0116,16-02-2024,4,20,Upi,Cancelled
O006823,C01915,P0020,22-12-2024,0,0,Cash,Cancelled
O006824,C00649,P0176,18-03-2025,4,20,Upi,Delivered
O006825,C00830,P0059,02-03-2025,4,10,Upi,Shipped
O006826,C01950,P0095,15-08-2024,2,0,Card,Delivered
O006827,C00063,P0277,12-01-2024,1,20,Upi,Shipped
O006828,C01721,P0299,17-03-2024,2,20,Upi,Delivered
O006829,C00508,P0399,12-05-2024,0,0,Cash,Delivered
O006830,C00298,P0215,22-08-2025,0,10,Cash,Delivered
O006831,C01897,P0248,12-02-2024,0,20,Upi,Delivered
O006832,C01778,P0315,25-10-2025,2,20,Upi,Shipped
O006833,C01614,P0304,30-09-2025,4,10,Upi,Shipped
O006834,C00687,P0321,30-07-2024,4,10,Upi,Delivered
O006835,C01992,P0237,13-04-2024,1,20,Upi,Returned
O006836,C01544,P0201,08-04-2025,0,10,Cash,Returned
O006837,C01346,P0010,01-03-2024,0,10,Upi,Returned
O006838,C00209,P0304,29-07-2024,0,110,Upi,Cancelled
O006839,C00062,P0074,03-05-2024,1,20,Card,Returned
O006840,C00965,P0281,02-06-2025,3,20,Upi,Delivered
O006841,C01615,P0064,31-01-2025,2,0,Card,Delivered
O006842,C01900,P0199,06-12-2024,3,110,Cash,Delivered
O006843,C01079,P0474,10-06-2024,2,0,Card,Cancelled
O006844,C01084,P0328,27-06-2024,4,20,Cash,Returned
O006845,C01502,P0422,03-10-2024,2,10,Cash,Cancelled
O006846,C01586,P0206,25-05-2025,1,20,Card,Shipped
O006847,C00714,P0378,31-01-2025,0,10,Cash,Delivered
O006848,C01197,P0175,29-04-2024,3,10,Cash,Shipped
O006849,C01884,P0439,21-03-2025,1,10,Upi,Delivered
O006850,C00338,P0231,01-03-2024,2,0,Card,Cancelled
O006851,C01499,P0140,04-11-2025,1,10,Card,Returned
O006852,C01554,P0299,22-04-2024,3,20,Cash,Delivered
O006853,C00411,P0177,22-02-2025,2,10,Cash,Delivered
O006854,C00025,P0091,19-04-2025,3,10,Upi,Delivered
O006855,C01672,P0045,11-08-2025,2,110,Upi,Returned
O006856,C00656,P0271,02-02-2024,3,110,Upi,Delivered
O006857,C00599,P0179,09-05-2024,1,0,Upi,Delivered
O006858,C00761,P0101,28-03-2025,4,20,Upi,Returned
O006859,C00361,P0394,08-11-2025,0,0,Card,Returned
O006860,C00210,P0268,07-02-2025,1,110,Card,Returned
O006861,C00178,P0169,10-02-2025,1,10,Card,Cancelled
O006862,C00837,P0425,28-08-2025,2,0,Cash,Cancelled
O006863,C00412,P0130,01-11-2025,3,20,Upi,Returned
O006864,C00599,P0241,22-06-2025,2,0,Upi,Shipped
O006865,C01398,P0471,21-08-2025,3,20,Cash,Delivered
O006866,C00397,P0101,22-03-2024,3,20,Upi,Cancelled
O006867,C01589,P0109,02-12-2024,0,0,Upi,Returned
O006868,C00089,P0115,18-04-2024,0,20,Cash,Returned
O006869,C00865,P0018,23-10-2025,4,15,Upi,Delivered
O006870,C01766,P0460,10-07-2024,2,10,Cash,Delivered
O006871,C00362,P0386,20-05-2024,2,20,Cash,Returned
O006872,C00061,P0382,09-04-2025,2,110,Upi,Shipped
O006873,C01381,P0244,07-07-2025,4,15,Upi,Cancelled
O006874,C00086,P0209,11-03-2024,4,110,Cash,Shipped
O006875,C01835,P0090,11-01-2024,1,10,Upi,Returned
O006876,C01532,P0375,14-08-2024,2,10,Upi,Returned
O006877,C01358,P0263,07-04-2024,3,10,Upi,Cancelled
O006878,C00802,P0080,09-10-2024,3,0,Upi,Returned
O006879,C01354,P0252,05-06-2025,2,110,Cash,Delivered
O006880,C00055,P0240,28-05-2025,2,0,Cash,Cancelled
O006881,C00178,P0266,09-07-2024,2,20,Card,Delivered
O006882,C01384,P0329,24-10-2025,0,110,Upi,Delivered
O006883,C00136,P0173,27-08-2025,2,0,Card,Delivered
O006884,C01879,P0031,20-09-2025,1,10,Cash,Returned
O006885,C00683,P0259,28-10-2025,3,10,Upi,Cancelled
O006886,C01394,P0248,01-02-2025,4,15,Card,Delivered
O006887,C01906,P0081,12-11-2025,1,110,Card,Delivered
O006888,C00134,P0083,20-06-2025,4,15,Card,Delivered
O006889,C01321,P0197,03-09-2024,2,0,Upi,Delivered
O006890,C01934,P0148,29-05-2025,4,10,Card,Shipped
O006891,C00326,P0271,10-04-2025,3,0,Upi,Delivered
O006892,C00776,P0020,10-08-2025,3,0,Cash,Delivered
O006893,C00205,P0260,09-02-2024,2,0,Upi,Returned
O006894,C01321,P0077,09-01-2025,4,10,Card,Shipped
O006895,C01207,P0090,14-05-2025,3,10,Cash,Delivered
O006896,C00510,P0379,27-07-2024,4,20,Cash,Returned
O006897,C00328,P0039,30-10-2024,1,110,Upi,Shipped
O006898,C01139,P0088,28-07-2024,3,0,Cash,Shipped
O006899,C00654,P0369,22-07-2024,2,0,Upi,Returned
O006900,C00536,P0095,08-12-2024,0,10,Upi,Delivered
O006901,C00488,P0228,13-08-2024,0,20,Card,Delivered
O006902,C01512,P0004,16-03-2025,3,110,Upi,Delivered
O006903,C00851,P0443,15-08-2024,0,10,Card,Shipped
O006904,C00390,P0319,10-06-2024,3,20,Upi,Delivered
O006905,C00074,P0072,02-06-2024,2,0,Card,Delivered
O006906,C00127,P0304,15-03-2024,0,0,Cash,Shipped
O006907,C00332,P0225,20-01-2025,4,10,Cash,Delivered
O006908,C01249,P0446,30-08-2024,1,0,Cash,Shipped
O006909,C01491,P0170,06-09-2024,1,0,Cash,Delivered
O006910,C00958,P0214,12-07-2025,1,20,Cash,Delivered
O006911,C00651,P0050,15-05-2024,1,110,Cash,Returned
O006912,C00747,P0083,31-08-2024,4,15,Upi,Cancelled
O006913,C01003,P0372,10-05-2024,2,10,Cash,Shipped
O006914,C01708,P0223,25-08-2024,0,20,Upi,Cancelled
O006915,C01997,P0173,29-10-2024,1,20,Cash,Returned
O006916,C01195,P0054,29-05-2025,2,10,Cash,Returned
O006917,C00010,P0008,17-06-2025,0,20,Cash,Shipped
O006918,C00521,P0167,22-05-2025,3,0,Cash,Delivered
O006919,C01289,P0083,18-01-2025,2,10,Upi,Delivered
O006920,C00929,P0239,16-06-2024,3,110,Upi,Cancelled
O006921,C01837,P0398,01-02-2025,4,10,Card,Returned
O006922,C00161,P0076,09-02-2025,1,0,Card,Delivered
O006923,C00733,P0159,10-05-2025,0,20,Upi,Cancelled
O006924,C00908,P0251,02-02-2025,2,10,Cash,Shipped
O006925,C00461,P9999,28-03-2025,0,0,Cash,Returned
O006926,C00196,P0133,29-05-2025,1,10,Upi,Delivered
O006927,C01446,P0266,19-07-2024,1,0,Card,Cancelled
O006928,C01365,P0015,28-07-2025,2,0,Upi,Delivered
O006929,C01267,P0340,22-08-2025,1,10,Upi,Returned
O006930,C01473,P0193,01-07-2025,1,10,Upi,Cancelled
O006931,C01607,P0465,27-10-2024,1,0,Card,Cancelled
O006932,C00502,P0027,19-05-2025,4,15,Upi,Returned
O006933,C01958,P0340,05-08-2025,1,20,Upi,Returned
O006934,C00033,P0480,12-06-2024,1,10,Upi,Returned
O006935,C00321,P0430,23-05-2024,4,110,Card,Delivered
O006936,C00054,P0346,13-10-2025,2,20,Card,Returned
O006937,C00652,P0205,07-10-2025,4,15,Cash,Cancelled
O006938,C01578,P0223,26-08-2024,2,110,Upi,Delivered
O006939,C00651,P0094,25-08-2025,1,20,Upi,Cancelled
O006940,C01819,P0384,07-06-2025,0,20,Upi,Shipped
O006941,C00209,P0374,13-08-2025,3,20,Upi,Returned
O006942,C00859,P0298,25-02-2024,3,20,Card,Cancelled
O006943,C00260,P0484,25-06-2024,2,0,Upi,Cancelled
O006944,C01671,P0322,12-08-2024,2,0,Upi,Delivered
O006945,C01688,P0330,20-08-2024,1,0,Card,Shipped
O006946,C00651,P0322,25-03-2024,2,20,Card,Cancelled
O006947,C00345,P0424,01-07-2025,0,110,Upi,Shipped
O006948,C00695,P0265,22-07-2025,3,10,Upi,Returned
O006949,C00988,P0339,02-07-2024,2,20,Upi,Cancelled
O006950,C00962,P0368,22-02-2024,4,15,Card,Returned
O006951,C00851,P0220,22-05-2025,2,0,Card,Returned
O006952,C00175,P0385,29-01-2024,3,0,Upi,Cancelled
O006953,C01393,P0430,22-12-2024,3,0,Card,Cancelled
O006954,C01206,P0431,16-01-2024,2,0,Cash,Delivered
O006955,C00848,P0140,12-03-2024,3,10,Card,Delivered
O006956,C00649,P0086,05-02-2024,4,10,Upi,Delivered
O006957,C01775,P0064,08-07-2025,2,10,Card,Shipped
O006958,C00629,P0073,06-06-2024,3,10,Cash,Shipped
O006959,C01426,P0279,14-08-2024,3,0,Upi,Shipped
O006960,C00344,P0202,01-06-2024,2,10,Card,Delivered
O006961,C00253,P0155,15-08-2024,0,0,Upi,Returned
O006962,C00782,P0431,11-08-2024,3,10,Upi,Delivered
O006963,C01977,P0489,15-08-2025,3,0,Upi,Shipped
O006964,C01402,P0412,08-04-2024,4,20,Card,Cancelled
O006965,C00646,P0104,12-11-2025,2,0,Upi,Delivered
O006966,C01809,P0097,30-10-2025,2,0,Cash,Shipped
O006967,C00419,P0148,12-04-2024,2,0,Upi,Delivered
O006968,C01344,P0358,29-04-2025,1,20,Upi,Delivered
O006969,C01155,P0086,01-01-2024,3,10,Upi,Shipped
O006970,C00372,P0227,20-04-2025,4,10,Card,Shipped
O006971,C00683,P0111,09-11-2024,2,110,Cash,Shipped
O006972,C01998,P0442,19-03-2025,2,110,Cash,Shipped
O006973,C00709,P0389,04-06-2024,4,10,Cash,Delivered
O006974,C01109,P0461,09-11-2024,1,110,Card,Delivered
O006975,C01365,P0079,02-10-2024,4,110,Upi,Delivered
O006976,C01952,P0154,06-08-2025,3,0,Upi,Shipped
O006977,C00214,P0085,27-04-2024,2,10,Upi,Returned
O006978,C01128,P0113,13-04-2025,2,0,Card,Returned
O006979,C01813,P0152,20-03-2024,4,20,Upi,Cancelled
O006980,C00020,P0326,01-09-2025,3,10,Upi,Shipped
O006981,C00905,P0452,18-03-2024,2,10,Card,Delivered
O006982,C01100,P0105,23-08-2025,3,10,Upi,Cancelled
O006983,C00316,P0401,17-03-2025,0,0,Card,Delivered
O006984,C00743,P0408,17-03-2025,3,110,Upi,Shipped
O006985,C01969,P0118,05-10-2024,2,10,Upi,Returned
O006986,C00897,P0126,20-05-2024,0,10,Cash,Shipped
O006987,C00829,P0306,28-06-2025,2,10,Upi,Delivered
O006988,C01388,P0063,29-05-2024,4,110,Upi,Cancelled
O006989,C01113,P0218,21-06-2024,4,20,Card,Delivered
O006990,C00429,P0181,18-05-2024,4,110,Card,Delivered
O006991,C00300,P0264,21-11-2024,0,110,Upi,Delivered
O006992,C01083,P0421,26-10-2024,4,110,Card,Shipped
O006993,C99999,P0123,15-08-2025,3,0,Upi,Delivered
O006994,C00769,P0106,01-09-2025,2,20,Cash,Cancelled
O006995,C00581,P0390,12-12-2024,1,20,Card,Cancelled
O006996,C01993,P0011,25-05-2024,1,10,Card,Delivered
O006997,C01130,P0152,03-10-2024,1,0,Card,Shipped
O006998,C01926,P0349,17-07-2025,1,0,Card,Shipped
O006999,C01369,P0382,08-02-2024,2,20,Upi,Cancelled
O007000,C01001,P0275,24-07-2024,2,10,Card,Delivered
O007001,C01996,P0267,12-04-2024,1,10,Upi,Shipped
O007002,C01524,P0249,13-05-2024,1,0,Upi,Returned
O007003,C00241,P0068,27-01-2025,3,20,Upi,Delivered
O007004,C01469,P0230,02-06-2024,1,10,Card,Delivered
O007005,C00026,P0450,13-02-2025,2,20,Card,Shipped
O007006,C01274,P0322,06-09-2025,1,0,Cash,Delivered
O007007,C01185,P0146,29-02-2024,3,110,Upi,Delivered
O007008,C01579,P0370,28-03-2024,0,0,Card,Delivered
O007009,C00964,P0010,01-03-2025,1,110,Cash,Delivered
O007010,C01384,P0024,09-09-2024,2,0,Upi,Returned
O007011,C01996,P0451,10-09-2025,2,10,Cash,Delivered
O007012,C01829,P0027,17-02-2024,2,10,Upi,Returned
O007013,C00505,P0079,25-10-2025,1,20,Upi,Delivered
O007014,C00555,P0413,09-10-2025,4,15,Upi,Shipped
O007015,C01469,P0439,16-05-2025,2,10,Upi,Shipped
O007016,C00546,P0139,27-08-2025,1,20,Upi,Delivered
O007017,C00497,P0141,20-05-2024,2,0,Upi,Returned
O007018,C00795,P0357,03-05-2025,4,15,Upi,Shipped
O007019,C01515,P0293,14-06-2025,3,10,Upi,Delivered
O007020,C01783,P0252,16-06-2024,2,0,Cash,Delivered
O007021,C00847,P0061,16-08-2025,1,10,Card,Returned
O007022,C00133,P0016,22-05-2025,0,110,Card,Shipped
O007023,C01536,P0079,07-01-2024,1,0,Upi,Delivered
O007024,C01773,P0238,30-03-2024,1,10,Card,Delivered
O007025,C01736,P0313,22-10-2025,4,20,Card,Delivered
O007026,C01210,P0099,14-10-2024,0,0,Card,Returned
O007027,C01313,P0399,20-06-2024,2,10,Upi,Delivered
O007028,C01081,P0309,16-04-2025,2,0,Cash,Returned
O007029,C01381,P0378,22-12-2024,4,10,Upi,Cancelled
O007030,C01482,P0135,01-02-2024,1,20,Card,Returned
O007031,C00927,P0490,19-11-2024,1,20,Upi,Delivered
O007032,C01016,P0074,30-04-2025,2,110,Upi,Shipped
O007033,C01602,P0362,27-11-2024,2,0,Upi,Returned
O007034,C01810,P0210,27-12-2024,2,0,Cash,Cancelled
O007035,C01716,P0036,31-01-2024,3,10,Cash,Delivered
O007036,C01586,P0357,15-07-2024,4,15,Upi,Returned
O007037,C01071,P0260,18-03-2024,3,0,Upi,Delivered
O007038,C00949,P0239,23-02-2025,1,20,Cash,Delivered
O007039,C00305,P0027,13-05-2025,4,20,Card,Delivered
O007040,C00226,P0162,14-04-2025,4,20,Upi,Delivered
O007041,C01623,P0267,23-10-2024,4,10,Upi,Returned
O007042,C01011,P0260,01-07-2024,0,110,Cash,Delivered
O007043,C00389,P0264,09-07-2025,1,0,Card,Returned
O007044,C01683,P0273,04-05-2024,3,20,Card,Delivered
O007045,C00458,P0490,13-06-2025,3,0,Card,Shipped
O007046,C01171,P0064,25-06-2024,2,10,Cash,Shipped
O007047,C01597,P0472,12-03-2024,3,10,Cash,Returned
O007048,C00043,P0142,09-10-2024,1,0,Card,Shipped
O007049,C00341,P0288,05-05-2025,2,10,Card,Returned
O007050,C00733,P0226,23-06-2025,0,0,Upi,Shipped
O007051,C00752,P0296,14-09-2025,2,0,Card,Returned
O007052,C01163,P0162,24-03-2025,2,110,Cash,Delivered
O007053,C00311,P0009,14-01-2025,0,10,Upi,Delivered
O007054,C01537,P0215,17-10-2025,0,110,Upi,Shipped
O007055,C01545,P0268,05-01-2025,3,0,Upi,Returned
O007056,C00508,P0034,22-04-2024,2,0,Upi,Shipped
O007057,C00095,P0360,14-07-2024,2,20,Upi,Returned
O007058,C00669,P0356,14-10-2024,4,20,Upi,Shipped
O007059,C01820,P0085,08-10-2024,4,10,Upi,Returned
O007060,C00117,P0084,07-02-2024,3,0,Upi,Shipped
O007061,C00112,P0264,25-05-2024,4,20,Upi,Cancelled
O007062,C01508,P0459,12-04-2025,2,0,Upi,Returned
O007063,C00868,P0486,12-09-2025,2,0,Upi,Delivered
O007064,C00351,P0046,30-06-2025,2,10,Card,Shipped
O007065,C01314,P0305,24-10-2025,4,10,Upi,Cancelled
O007066,C01505,P0250,23-12-2024,2,20,Card,Cancelled
O007067,C00108,P0393,29-04-2024,1,20,Upi,Cancelled
O007068,C01505,P0218,04-01-2025,3,10,Upi,Returned
O007069,C00903,P0073,07-06-2025,1,110,Cash,Returned
O007070,C00778,P0092,10-02-2025,1,0,Upi,Returned
O007071,C01612,P0017,18-11-2025,2,0,Cash,Returned
O007072,C00632,P0319,08-08-2024,2,20,Cash,Cancelled
O007073,C00787,P0226,22-07-2025,1,10,Upi,Cancelled
O007074,C01888,P0490,18-03-2025,4,110,Upi,Delivered
O007075,C00059,P0169,21-04-2024,2,110,Upi,Delivered
O007076,C00301,P0366,28-04-2025,0,20,Upi,Delivered
O007077,C01631,P0134,25-04-2025,2,20,Upi,Returned
O007078,C00296,P0429,13-12-2024,2,20,Card,Delivered
O007079,C00101,P0257,31-08-2025,2,110,Card,Shipped
O007080,C00498,P0372,21-03-2024,4,15,Upi,Returned
O007081,C01246,P0135,12-07-2024,2,110,Cash,Delivered
O007082,C00501,P0362,27-12-2024,3,10,Upi,Delivered
O007083,C01424,P0198,21-05-2025,2,20,Card,Cancelled
O007084,C00840,P0170,25-02-2024,1,20,Card,Delivered
O007085,C00235,P0008,16-11-2025,4,15,Upi,Returned
O007086,C01903,P0352,07-12-2024,3,10,Card,Cancelled
O007087,C00372,P0178,01-10-2025,0,20,Upi,Delivered
O007088,C00838,P0379,05-07-2025,2,0,Upi,Delivered
O007089,C01682,P0112,06-04-2025,2,0,Upi,Returned
O007090,C00890,P0363,24-08-2024,3,0,Upi,Returned
O007091,C01930,P0169,10-02-2024,1,10,Upi,Shipped
O007092,C00493,P0405,28-03-2024,4,15,Cash,Delivered
O007093,C01646,P0303,22-11-2025,0,0,Upi,Returned
O007094,C01166,P0154,12-02-2024,3,20,Card,Delivered
O007095,C00750,P0405,13-03-2024,0,0,Upi,Returned
O007096,C00881,P0106,16-12-2024,2,0,Cash,Delivered
O007097,C01418,P0212,24-10-2025,3,0,Upi,Delivered
O007098,C01531,P0411,15-06-2024,0,10,Cash,Returned
O007099,C00903,P0235,06-06-2025,0,0,Cash,Delivered
O007100,C01278,P0061,31-08-2024,1,20,Upi,Cancelled
O007101,C01116,P0317,22-06-2025,4,20,Upi,Delivered
O007102,C01512,P0379,17-01-2025,1,20,Card,Returned
O007103,C01552,P0022,01-05-2024,2,110,Upi,Returned
O007104,C00488,P0074,24-08-2024,1,10,Upi,Returned
O007105,C00034,P0078,22-07-2024,2,10,Upi,Cancelled
O007106,C01650,P0411,20-05-2025,2,0,Card,Returned
O007107,C00435,P0120,13-10-2025,1,10,Upi,Delivered
O007108,C00175,P0453,12-02-2025,3,10,Card,Delivered
O007109,C01926,P0273,05-04-2024,0,0,Cash,Shipped
O007110,C00479,P0231,22-09-2025,3,10,Cash,Delivered
O007111,C00494,P0457,11-06-2025,1,20,Cash,Delivered
O007112,C01369,P0027,02-12-2024,3,0,Upi,Delivered
O007113,C01532,P0074,05-10-2025,0,0,Card,Returned
O007114,C00192,P0416,13-06-2024,2,10,Upi,Returned
O007115,C01570,P0235,26-12-2024,1,20,Cash,Cancelled
O007116,C01207,P0082,19-05-2025,2,10,Cash,Delivered
O007117,C00553,P0117,01-08-2024,3,0,Card,Shipped
O007118,C00220,P0232,20-03-2024,2,0,Card,Delivered
O007119,C00826,P0291,21-04-2024,0,110,Cash,Shipped
O007120,C01513,P0287,26-08-2024,4,110,Card,Delivered
O007121,C01785,P0034,23-01-2024,1,0,Cash,Returned
O007122,C00540,P0498,28-04-2025,2,10,Upi,Returned
O007123,C01096,P0242,08-09-2024,2,0,Upi,Cancelled
O007124,C00007,P0358,09-02-2024,2,20,Cash,Shipped
O007125,C01922,P0298,12-01-2025,4,20,Upi,Delivered
O007126,C01940,P0015,12-09-2024,2,20,Card,Cancelled
O007127,C00748,P0173,06-12-2024,1,0,Cash,Delivered
O007128,C00329,P0044,30-12-2024,3,10,Cash,Delivered
O007129,C00327,P0062,22-06-2025,2,0,Cash,Cancelled
O007130,C01534,P0077,08-11-2025,2,0,Cash,Delivered
O007131,C00237,P0405,09-08-2024,0,0,Card,Cancelled
O007132,C00021,P0267,07-07-2024,2,10,Cash,Cancelled
O007133,C01257,P0014,28-03-2025,2,20,Upi,Shipped
O007134,C00157,P0352,12-05-2025,0,20,Cash,Cancelled
O007135,C00157,P0335,16-09-2024,3,20,Card,Returned
O007136,C01293,P0437,02-11-2024,2,10,Upi,Delivered
O007137,C00597,P0327,26-09-2024,2,10,Cash,Cancelled
O007138,C01121,P0373,12-01-2024,2,20,Card,Cancelled
O007139,C00162,P0411,18-10-2025,3,0,Card,Returned
O007140,C00561,P0246,13-02-2024,2,0,Cash,Delivered
O007141,C00140,P0401,15-03-2024,1,0,Upi,Cancelled
O007142,C00393,P0476,21-01-2025,1,20,Card,Delivered
O007143,C01998,P0182,25-02-2025,0,10,Upi,Shipped
O007144,C00587,P0366,02-12-2024,3,0,Cash,Shipped
O007145,C00673,P0427,26-03-2025,1,0,Cash,Delivered
O007146,C00843,P0102,25-11-2025,2,0,Upi,Delivered
O007147,C01334,P0387,18-05-2024,0,20,Cash,Returned
O007148,C00289,P0059,08-03-2024,1,10,Upi,Shipped
O007149,C00904,P0048,18-04-2025,3,0,Cash,Delivered
O007150,C01140,P0331,27-11-2025,2,20,Upi,Returned
O007151,C01382,P0144,04-07-2025,0,10,Upi,Delivered
O007152,C01965,P0388,15-10-2025,2,20,Card,Returned
O007153,C00123,P0423,31-01-2024,4,15,Upi,Returned
O007154,C00179,P0004,26-03-2024,4,15,Upi,Shipped
O007155,C00122,P0422,31-10-2025,3,0,Cash,Delivered
O007156,C00048,P0436,01-05-2024,1,0,Upi,Cancelled
O007157,C01811,P0102,03-03-2024,2,20,Cash,Delivered
O007158,C00628,P0462,19-11-2024,1,0,Upi,Delivered
O007159,C00186,P0253,18-05-2024,2,0,Upi,Delivered
O007160,C00399,P0036,29-05-2024,4,110,Upi,Returned
O007161,C00207,P0169,24-10-2024,1,10,Card,Delivered
O007162,C00007,P0262,09-01-2024,0,0,Card,Cancelled
O007163,C01599,P0394,03-09-2024,0,10,Cash,Delivered
O007164,C01926,P0349,26-07-2025,0,110,Cash,Delivered
O007165,C00791,P0182,05-04-2025,1,10,Card,Shipped
O007166,C01563,P0018,26-06-2025,4,10,Upi,Delivered
O007167,C00669,P0418,30-12-2024,3,0,Upi,Shipped
O007168,C00075,P0219,23-09-2025,2,20,Card,Shipped
O007169,C00902,P0001,23-05-2025,1,110,Cash,Returned
O007170,C00553,P0464,04-10-2025,2,0,Cash,Cancelled
O007171,C00185,P0220,01-12-2024,0,10,Upi,Delivered
O007172,C01752,P0196,05-12-2024,2,20,Upi,Cancelled
O007173,C01159,P0385,24-07-2025,2,10,Card,Cancelled
O007174,C01759,P0488,21-03-2025,2,10,Upi,Delivered
O007175,C00843,P0492,22-01-2025,4,10,Upi,Delivered
O007176,C01733,P0434,18-06-2025,4,15,Upi,Delivered
O007177,C00965,P0339,21-12-2024,2,110,Cash,Cancelled
O007178,C00139,P0374,27-03-2025,1,20,Cash,Cancelled
O007179,C00534,P0451,18-10-2024,2,10,Card,Cancelled
O007180,C00441,P0117,19-11-2025,2,0,Card,Delivered
O007181,C00081,P0167,08-09-2024,1,0,Upi,Delivered
O007182,C00416,P0465,05-09-2024,1,0,Upi,Shipped
O007183,C01279,P0492,30-10-2025,1,10,Upi,Delivered
O007184,C01939,P0244,29-10-2024,2,10,Cash,Delivered
O007185,C01141,P0255,18-05-2025,0,20,Card,Cancelled
O007186,C00517,P0114,08-07-2025,2,0,Card,Returned
O007187,C00044,P0032,01-05-2024,3,0,Cash,Cancelled
O007188,C01890,P0003,01-08-2024,4,15,Upi,Returned
O007189,C01360,P0073,22-04-2025,2,0,Card,Shipped
O007190,C00703,P0165,10-03-2025,0,10,Upi,Delivered
O007191,C00657,P0286,27-10-2025,4,20,Upi,Returned
O007192,C01019,P0422,11-07-2025,4,15,Cash,Shipped
O007193,C01490,P0373,04-11-2024,2,10,Upi,Delivered
O007194,C01536,P0138,14-03-2024,0,20,Upi,Returned
O007195,C01800,P0030,22-04-2024,1,20,Upi,Delivered
O007196,C01018,P0419,19-02-2024,2,110,Card,Shipped
O007197,C00297,P0325,16-03-2024,1,20,Upi,Cancelled
O007198,C00525,P0020,06-05-2024,1,20,Upi,Shipped
O007199,C00221,P0394,23-06-2024,2,20,Card,Delivered
O007200,C01032,P0058,27-07-2025,0,10,Cash,Cancelled
O007201,C01719,P0161,17-01-2024,3,0,Card,Shipped
O007202,C00518,P9999,18-04-2024,1,10,Upi,Returned
O007203,C01912,P0406,01-11-2025,2,20,Card,Shipped
O007204,C01534,P0395,11-08-2025,1,110,Upi,Delivered
O007205,C00492,P0472,24-05-2025,3,0,Upi,Shipped
O007206,C01929,P0196,09-03-2024,0,0,Upi,Delivered
O007207,C00482,P0347,07-10-2025,0,10,Cash,Cancelled
O007208,C00587,P0422,19-05-2025,2,20,Upi,Shipped
O007209,C00131,P0035,30-05-2024,4,20,Cash,Delivered
O007210,C01930,P0318,02-02-2025,0,10,Card,Returned
O007211,C01134,P0326,13-02-2025,2,0,Card,Shipped
O007212,C01373,P0022,21-10-2024,1,20,Cash,Delivered
O007213,C00764,P0196,23-02-2025,1,20,Upi,Returned
O007214,C00122,P0446,01-07-2024,2,0,Card,Shipped
O007215,C00587,P0126,26-11-2025,4,20,Upi,Cancelled
O007216,C01594,P0325,11-04-2024,0,20,Card,Delivered
O007217,C00395,P0395,15-09-2024,2,0,Upi,Delivered
O007218,C01932,P0495,12-02-2025,3,10,Cash,Returned
O007219,C01466,P0400,10-11-2024,2,0,Upi,Delivered
O007220,C01216,P0464,19-10-2024,2,20,Upi,Cancelled
O007221,C01207,P0479,20-11-2025,4,20,Card,Shipped
O007222,C01495,P0254,04-02-2025,0,0,Card,Shipped
O007223,C01897,P0017,20-05-2025,2,0,Cash,Shipped
O007224,C00868,P0193,13-03-2024,1,10,Cash,Returned
O007225,C00884,P0194,05-11-2025,4,15,Card,Returned
O007226,C00636,P0105,11-03-2024,1,0,Cash,Delivered
O007227,C00917,P0338,26-04-2024,2,10,Cash,Shipped
O007228,C00408,P0491,12-01-2024,2,110,Card,Shipped
O007229,C01248,P0230,16-12-2024,2,110,Cash,Delivered
O007230,C01773,P0251,05-06-2024,0,20,Card,Delivered
O007231,C00625,P0241,09-07-2025,4,10,Upi,Cancelled
O007232,C01791,P0089,18-10-2024,3,0,Cash,Shipped
O007233,C00495,P0152,11-06-2024,0,20,Upi,Delivered
O007234,C01652,P0358,03-10-2025,0,0,Cash,Delivered
O007235,C01097,P0261,01-01-2024,1,10,Upi,Delivered
O007236,C01391,P0315,08-05-2025,0,110,Upi,Shipped
O007237,C00582,P0083,07-05-2024,1,110,Upi,Shipped
O007238,C01301,P0055,17-02-2025,0,10,Card,Delivered
O007239,C00495,P0432,16-09-2024,1,20,Upi,Shipped
O007240,C01202,P0057,09-02-2024,1,10,Card,Delivered
O007241,C00234,P0350,01-11-2025,0,0,Cash,Returned
O007242,C00766,P0153,11-11-2025,2,20,Cash,Returned
O007243,C01892,P0275,17-08-2025,3,0,Card,Delivered
O007244,C01412,P0217,03-03-2024,2,10,Upi,Delivered
O007245,C01090,P0365,22-02-2025,1,10,Cash,Shipped
O007246,C00559,P0175,17-01-2024,2,10,Upi,Returned
O007247,C00937,P0361,18-07-2025,3,0,Card,Delivered
O007248,C01365,P0271,16-10-2024,0,110,Cash,Returned
O007249,C00570,P0059,18-08-2025,1,0,Cash,Delivered
O007250,C01252,P0457,11-03-2024,0,0,Upi,Shipped
O007251,C01456,P0110,06-03-2025,1,0,Upi,Returned
O007252,C00576,P0371,12-03-2025,3,0,Upi,Delivered
O007253,C00233,P0291,29-09-2024,2,10,Upi,Shipped
O007254,C01616,P0425,25-06-2025,4,110,Card,Returned
O007255,C01866,P0280,17-07-2024,0,0,Cash,Shipped
O007256,C00828,P0023,08-04-2025,4,110,Upi,Returned
O007257,C01574,P0331,15-11-2024,2,20,Upi,Returned
O007258,C01844,P0333,12-05-2024,1,10,Card,Cancelled
O007259,C01138,P0096,17-02-2025,4,10,Upi,Shipped
O007260,C00156,P0094,26-07-2024,3,20,Card,Returned
O007261,C01443,P0432,11-12-2024,4,10,Card,Delivered
O007262,C00043,P0345,29-11-2025,2,0,Upi,Returned
O007263,C00815,P0100,22-06-2025,4,10,Card,Returned
O007264,C01416,P0440,03-04-2024,2,110,Upi,Delivered
O007265,C00635,P0443,27-11-2025,3,20,Upi,Delivered
O007266,C00228,P0439,28-02-2025,4,15,Upi,Shipped
O007267,C01350,P0166,14-10-2024,2,110,Upi,Delivered
O007268,C01614,P0348,01-05-2025,2,0,Upi,Delivered
O007269,C01238,P0227,15-04-2025,3,20,Card,Shipped
O007270,C00362,P0153,02-04-2025,3,0,Upi,Delivered
O007271,C01373,P0458,07-02-2024,4,20,Upi,Delivered
O007272,C00885,P0335,03-04-2024,0,10,Upi,Cancelled
O007273,C01560,P0212,13-04-2025,4,15,Card,Delivered
O007274,C01306,P0488,10-02-2024,2,110,Card,Delivered
O007275,C01580,P0300,11-07-2024,3,10,Upi,Cancelled
O007276,C00008,P0287,15-11-2025,0,20,Card,Delivered
O007277,C01781,P0309,14-06-2024,0,0,Upi,Returned
O007278,C01279,P0227,29-05-2025,2,110,Upi,Returned
O007279,C00642,P0080,05-02-2024,4,15,Upi,Delivered
O007280,C00287,P0065,10-04-2024,3,10,Cash,Shipped
O007281,C01766,P0075,14-02-2025,2,0,Card,Delivered
O007282,C00740,P0319,08-05-2024,3,0,Upi,Delivered
O007283,C01418,P0086,21-09-2024,2,10,Card,Cancelled
O007284,C01540,P0467,05-05-2025,0,20,Card,Shipped
O007285,C00020,P0217,19-09-2024,0,10,Upi,Shipped
O007286,C00483,P0213,06-08-2025,0,0,Card,Returned
O007287,C01898,P0485,15-10-2024,0,0,Cash,Returned
O007288,C01303,P0290,25-10-2025,0,20,Upi,Cancelled
O007289,C01065,P0155,07-04-2024,4,15,Upi,Shipped
O007290,C01551,P0350,12-04-2024,4,10,Card,Delivered
O007291,C00582,P0353,19-03-2024,2,10,Cash,Cancelled
O007292,C00998,P0447,30-04-2024,2,10,Upi,Delivered
O007293,C01091,P0394,10-09-2025,0,0,Cash,Delivered
O007294,C01165,P0056,11-12-2024,3,10,Cash,Delivered
O007295,C00293,P0258,28-08-2024,0,10,Card,Shipped
O007296,C00378,P0338,02-03-2024,0,0,Upi,Shipped
O007297,C00406,P0118,15-08-2025,0,10,Card,Cancelled
O007298,C00054,P0287,29-04-2024,2,10,Upi,Shipped
O007299,C00034,P0220,23-10-2024,2,20,Cash,Shipped
O007300,C01993,P0186,13-04-2024,1,20,Card,Delivered
O007301,C01635,P0236,12-06-2024,4,10,Card,Returned
O007302,C00584,P0135,24-04-2025,4,15,Cash,Delivered
O007303,C00120,P0389,11-03-2025,4,20,Upi,Delivered
O007304,C00204,P0038,03-01-2024,4,10,Upi,Shipped
O007305,C01621,P0020,23-09-2025,0,20,Upi,Returned
O007306,C01120,P0037,04-11-2024,3,0,Card,Delivered
O007307,C00502,P0034,06-01-2024,2,0,Upi,Shipped
O007308,C00320,P0213,26-06-2024,1,0,Upi,Shipped
O007309,C00399,P0089,10-05-2024,3,20,Card,Cancelled
O007310,C01815,P0159,21-05-2024,0,110,Upi,Delivered
O007311,C01710,P0219,13-07-2024,1,10,Upi,Delivered
O007312,C00437,P0101,26-02-2025,4,15,Upi,Delivered
O007313,C00237,P0110,27-03-2025,3,0,Upi,Delivered
O007314,C01823,P0236,15-07-2025,4,15,Card,Shipped
O007315,C01177,P0439,02-08-2024,3,10,Cash,Delivered
O007316,C00752,P0265,06-08-2025,4,15,Upi,Cancelled
O007317,C00811,P0233,24-11-2024,2,20,Upi,Shipped
O007318,C01910,P0246,02-02-2025,0,20,Cash,Delivered
O007319,C00059,P0159,03-09-2024,2,0,Upi,Cancelled
O007320,C00034,P0100,16-12-2024,2,0,Card,Delivered
O007321,C01406,P0089,29-09-2024,1,0,Upi,Delivered
O007322,C00923,P0092,07-03-2025,2,10,Upi,Delivered
O007323,C01752,P0052,21-05-2024,3,0,Upi,Returned
O007324,C00710,P0489,23-12-2024,2,10,Card,Returned
O007325,C00086,P0356,14-11-2024,3,10,Cash,Returned
O007326,C99999,P0222,05-06-2024,2,0,Card,Delivered
O007327,C01521,P0459,18-05-2025,2,110,Upi,Returned
O007328,C00507,P0151,22-11-2025,3,0,Upi,Delivered
O007329,C00671,P0121,04-02-2025,2,0,Upi,Delivered
O007330,C00233,P0377,17-04-2025,2,20,Cash,Delivered
O007331,C01565,P0152,12-05-2024,0,20,Cash,Cancelled
O007332,C01507,P0156,31-10-2025,1,0,Cash,Returned
O007333,C01153,P0497,20-10-2025,3,10,Upi,Cancelled
O007334,C01534,P0235,01-01-2024,3,20,Upi,Cancelled
O007335,C00609,P0111,02-05-2025,2,0,Upi,Returned
O007336,C00481,P0023,30-04-2024,0,10,Cash,Delivered
O007337,C00052,P0360,24-11-2024,2,0,Upi,Delivered
O007338,C00511,P0457,16-03-2025,2,110,Upi,Delivered
O007339,C00075,P0268,21-09-2024,2,0,Cash,Returned
O007340,C00992,P0347,09-10-2025,3,10,Upi,Shipped
O007341,C01817,P0351,10-03-2024,4,110,Upi,Delivered
O007342,C00704,P0390,21-04-2024,0,0,Upi,Cancelled
O007343,C01733,P0011,26-01-2025,0,10,Card,Shipped
O007344,C00682,P0224,04-10-2025,2,0,Cash,Cancelled
O007345,C00952,P0026,24-06-2025,0,0,Cash,Cancelled
O007346,C01857,P0088,13-04-2025,2,0,Upi,Shipped
O007347,C01522,P0087,21-11-2025,2,20,Cash,Delivered
O007348,C00725,P0010,12-06-2024,2,10,Upi,Cancelled
O007349,C00032,P0248,30-05-2025,0,0,Upi,Cancelled
O007350,C00166,P0178,08-07-2024,0,10,Upi,Delivered
O007351,C00282,P0298,09-02-2024,3,10,Upi,Delivered
O007352,C00638,P0488,30-05-2024,4,20,Card,Cancelled
O007353,C01469,P0373,15-11-2024,0,10,Card,Cancelled
O007354,C01364,P0280,08-11-2024,2,10,Upi,Delivered
O007355,C00787,P0199,11-10-2024,4,15,Upi,Returned
O007356,C00124,P0238,25-12-2024,2,20,Upi,Returned
O007357,C01777,P0204,28-01-2025,4,10,Cash,Returned
O007358,C00094,P0281,24-04-2025,2,20,Upi,Shipped
O007359,C00849,P0083,06-10-2024,1,0,Upi,Delivered
O007360,C01183,P0474,10-02-2025,4,10,Card,Delivered
O007361,C01469,P0487,26-04-2024,4,10,Cash,Cancelled
O007362,C00369,P0297,03-07-2025,2,10,Upi,Shipped
O007363,C00453,P0055,18-05-2024,2,10,Card,Cancelled
O007364,C00306,P0322,09-10-2025,2,0,Card,Delivered
O007365,C00363,P0053,05-02-2024,2,110,Card,Returned
O007366,C01369,P0108,09-11-2024,0,10,Upi,Shipped
O007367,C01776,P0123,10-02-2024,0,20,Card,Delivered
O007368,C00664,P0369,22-05-2025,4,20,Upi,Delivered
O007369,C01673,P0138,09-03-2025,3,10,Upi,Delivered
O007370,C01104,P0368,28-03-2024,1,20,Upi,Cancelled
O007371,C01223,P0014,19-04-2024,1,110,Upi,Delivered
O007372,C01432,P0440,19-09-2024,2,10,Upi,Returned
O007373,C00094,P0497,10-02-2024,0,0,Upi,Shipped
O007374,C01283,P0182,08-12-2024,1,10,Upi,Delivered
O007375,C00418,P0489,25-06-2025,4,15,Upi,Delivered
O007376,C00241,P0427,03-04-2025,0,110,Card,Delivered
O007377,C01344,P0188,29-06-2024,1,0,Upi,Cancelled
O007378,C00306,P0479,16-11-2025,3,110,Card,Shipped
O007379,C01611,P0185,17-02-2025,2,0,Upi,Delivered
O007380,C01519,P0219,18-04-2025,1,20,Upi,Delivered
O007381,C00162,P0237,31-10-2025,2,0,Card,Cancelled
O007382,C00987,P0054,23-10-2024,3,10,Card,Cancelled
O007383,C00484,P0165,18-04-2025,0,0,Upi,Delivered
O007384,C00963,P0457,04-03-2025,3,10,Upi,Returned
O007385,C01690,P0188,19-09-2025,4,20,Card,Cancelled
O007386,C00752,P0112,05-01-2024,2,20,Upi,Returned
O007387,C00935,P0405,18-08-2025,1,10,Upi,Cancelled
O007388,C01666,P0207,11-09-2025,2,10,Cash,Delivered
O007389,C00998,P0095,27-11-2024,0,110,Upi,Shipped
O007390,C00180,P0350,11-08-2025,0,0,Card,Returned
O007391,C01461,P0146,25-08-2025,3,10,Upi,Shipped
O007392,C01628,P0004,28-09-2025,1,10,Upi,Shipped
O007393,C01417,P0404,03-02-2024,2,20,Cash,Returned
O007394,C01036,P0311,21-07-2025,4,15,Upi,Returned
O007395,C00432,P0272,02-07-2024,2,20,Upi,Delivered
O007396,C00956,P0081,03-08-2024,4,20,Upi,Delivered
O007397,C00470,P0099,07-10-2025,2,0,Cash,Delivered
O007398,C01968,P0209,30-08-2025,4,10,Upi,Delivered
O007399,C01266,P0062,20-01-2024,2,0,Card,Returned
O007400,C00475,P0299,22-02-2025,2,0,Upi,Delivered
O007401,C00041,P0139,29-10-2025,4,10,Cash,Delivered
O007402,C00877,P0147,05-08-2025,3,110,Upi,Shipped
O007403,C01312,P0053,19-04-2025,4,15,Upi,Delivered
O007404,C00435,P0351,01-12-2024,1,20,Upi,Delivered
O007405,C00267,P0260,19-01-2024,0,0,Upi,Shipped
O007406,C01489,P0437,23-06-2025,2,20,Card,Delivered
O007407,C01050,P0397,21-05-2024,3,0,Card,Returned
O007408,C00277,P0348,21-09-2024,4,10,Upi,Delivered
O007409,C00334,P0118,10-01-2025,4,10,Upi,Delivered
O007410,C01625,P0073,22-09-2025,3,0,Cash,Shipped
O007411,C00488,P0269,20-08-2024,3,10,Card,Cancelled
O007412,C00288,P0218,04-10-2024,1,20,Card,Cancelled
O007413,C00343,P0218,05-12-2024,2,10,Card,Cancelled
O007414,C00620,P0496,14-09-2024,1,10,Cash,Returned
O007415,C00164,P0130,20-12-2024,3,10,Card,Shipped
O007416,C01672,P0210,02-12-2024,0,10,Upi,Cancelled
O007417,C01508,P0259,28-07-2024,0,0,Upi,Shipped
O007418,C01425,P0352,25-10-2025,3,0,Card,Delivered
O007419,C00552,P0347,13-08-2024,1,0,Card,Cancelled
O007420,C00558,P0245,15-05-2025,4,20,Card,Shipped
O007421,C00252,P0203,27-09-2025,2,10,Upi,Cancelled
O007422,C00918,P0248,21-01-2024,1,110,Upi,Delivered
O007423,C01322,P0452,11-08-2024,3,20,Upi,Delivered
O007424,C01201,P0494,14-10-2025,0,0,Cash,Returned
O007425,C01472,P0392,22-05-2025,0,0,Card,Shipped
O007426,C00545,P0202,08-10-2024,0,0,Upi,Cancelled
O007427,C01828,P0178,14-06-2025,3,110,Upi,Returned
O007428,C00410,P0309,03-10-2024,4,20,Upi,Delivered
O007429,C00736,P0309,30-08-2024,4,20,Cash,Cancelled
O007430,C01063,P0420,09-03-2024,0,0,Upi,Shipped
O007431,C00129,P0029,17-04-2025,0,20,Upi,Cancelled
O007432,C00271,P0437,04-06-2025,3,0,Upi,Shipped
O007433,C00419,P0484,06-03-2024,0,0,Card,Delivered
O007434,C01473,P0128,03-04-2025,1,10,Upi,Delivered
O007435,C01596,P0190,31-10-2025,1,0,Card,Returned
O007436,C01442,P0155,13-02-2024,0,0,Upi,Delivered
O007437,C01436,P0131,25-04-2025,4,20,Card,Returned
O007438,C00393,P0347,27-05-2025,2,20,Upi,Cancelled
O007439,C01100,P0315,20-08-2025,2,0,Card,Cancelled
O007440,C01640,P0176,07-10-2024,4,110,Upi,Delivered
O007441,C01850,P0470,01-06-2025,2,0,Upi,Delivered
O007442,C00085,P0496,30-03-2024,0,0,Upi,Delivered
O007443,C00419,P0095,19-02-2024,2,0,Card,Delivered
O007444,C01573,P0425,30-01-2025,1,20,Upi,Delivered
O007445,C01147,P0433,19-02-2025,3,110,Upi,Cancelled
O007446,C00898,P0284,10-07-2025,2,10,Cash,Shipped
O007447,C01751,P0310,16-06-2024,0,110,Cash,Returned
O007448,C00990,P0101,17-03-2024,2,110,Upi,Shipped
O007449,C01151,P0094,05-08-2025,2,10,Upi,Delivered
O007450,C01507,P0227,22-04-2024,3,0,Upi,Delivered
O007451,C01558,P0251,26-10-2025,1,0,Cash,Cancelled
O007452,C01572,P0088,11-11-2025,3,110,Cash,Delivered
O007453,C00583,P0010,16-09-2024,0,10,Card,Cancelled
O007454,C00761,P0389,16-10-2025,0,0,Upi,Returned
O007455,C01954,P0436,18-06-2025,2,20,Upi,Shipped
O007456,C00476,P0380,10-04-2024,1,0,Upi,Cancelled
O007457,C00887,P0074,09-11-2024,4,15,Upi,Shipped
O007458,C01465,P0228,07-06-2024,1,0,Card,Cancelled
O007459,C00467,P0141,18-08-2024,1,20,Card,Delivered
O007460,C01295,P0355,31-07-2025,4,15,Upi,Delivered
O007461,C00284,P0126,13-09-2025,3,110,Card,Returned
O007462,C01838,P0295,15-08-2024,2,0,Card,Returned
O007463,C00021,P0446,22-09-2025,2,0,Upi,Shipped
O007464,C01646,P0183,18-06-2024,1,0,Card,Delivered
O007465,C00619,P0074,20-05-2025,1,20,Card,Delivered
O007466,C00058,P0363,26-03-2025,4,10,Card,Delivered
O007467,C00350,P0432,11-02-2025,1,0,Card,Delivered
O007468,C00118,P0431,14-08-2025,1,20,Upi,Delivered
O007469,C01719,P0335,10-12-2024,1,20,Cash,Delivered
O007470,C00033,P0119,05-06-2025,4,10,Upi,Delivered
O007471,C01039,P0321,01-11-2025,2,0,Upi,Cancelled
O007472,C01264,P0386,09-04-2025,4,20,Cash,Shipped
O007473,C00601,P0233,10-11-2024,4,10,Cash,Shipped
O007474,C00826,P0434,08-05-2025,3,20,Card,Shipped
O007475,C01253,P0316,16-01-2024,4,15,Cash,Cancelled
O007476,C00270,P0177,27-06-2025,1,20,Card,Returned
O007477,C00151,P0212,08-10-2024,0,20,Card,Shipped
O007478,C01725,P0401,22-07-2025,4,15,Upi,Returned
O007479,C00949,P9999,10-08-2025,2,20,Card,Shipped
O007480,C00692,P0098,19-07-2024,3,110,Upi,Shipped
O007481,C00993,P0345,17-02-2025,2,0,Upi,Shipped
O007482,C01231,P0307,09-02-2024,2,0,Upi,Delivered
O007483,C00072,P0330,02-08-2024,4,15,Card,Cancelled
O007484,C01694,P0313,29-02-2024,2,0,Card,Delivered
O007485,C00738,P0030,15-08-2024,2,0,Upi,Delivered
O007486,C00193,P0006,06-10-2025,2,20,Cash,Delivered
O007487,C01638,P0102,23-04-2025,2,20,Upi,Delivered
O007488,C01483,P0128,11-06-2025,1,20,Upi,Delivered
O007489,C01250,P0060,06-02-2024,3,10,Upi,Delivered
O007490,C00717,P0052,13-03-2025,2,10,Card,Cancelled
O007491,C00854,P0133,27-05-2024,1,0,Card,Delivered
O007492,C00026,P0125,17-06-2024,1,110,Upi,Cancelled
O007493,C01009,P0211,14-12-2024,2,10,Upi,Delivered
O007494,C01988,P0204,22-06-2024,2,10,Upi,Shipped
O007495,C00845,P0270,04-10-2025,2,10,Cash,Returned
O007496,C01179,P0332,02-05-2025,1,20,Cash,Shipped
O007497,C00070,P0120,20-04-2024,3,0,Cash,Shipped
O007498,C00217,P0006,11-11-2025,2,20,Cash,Returned
O007499,C01924,P0492,04-04-2024,3,0,Card,Shipped
O007500,C00467,P0052,13-05-2024,0,0,Upi,Returned
O007501,C01375,P0455,01-06-2025,2,10,Card,Delivered
O007502,C00938,P0243,11-12-2024,1,20,Upi,Cancelled
O007503,C00988,P0472,11-11-2024,2,20,Cash,Delivered
O007504,C00932,P0252,12-03-2024,4,20,Card,Delivered
O007505,C01708,P0328,04-11-2025,0,20,Cash,Cancelled
O007506,C01140,P0312,28-05-2024,0,0,Card,Shipped
O007507,C00087,P0105,12-08-2024,1,0,Upi,Returned
O007508,C01266,P0496,06-05-2024,0,110,Cash,Delivered
O007509,C00982,P0108,28-05-2024,4,15,Upi,Delivered
O007510,C00573,P0134,21-10-2025,2,0,Upi,Cancelled
O007511,C00468,P0444,30-09-2024,2,110,Cash,Delivered
O007512,C00794,P0441,11-01-2024,2,0,Upi,Returned
O007513,C00367,P0192,19-01-2025,0,110,Upi,Returned
O007514,C01577,P0007,01-12-2025,3,10,Card,Delivered
O007515,C00700,P0093,24-10-2025,3,10,Cash,Delivered
O007516,C01785,P0058,13-10-2025,3,20,Card,Shipped
O007517,C01352,P0112,10-07-2025,0,10,Upi,Cancelled
O007518,C01486,P0215,20-01-2024,2,20,Card,Shipped
O007519,C01553,P0392,04-03-2024,2,0,Cash,Cancelled
O007520,C01993,P0362,28-02-2024,4,20,Upi,Delivered
O007521,C01452,P0300,21-10-2025,3,20,Upi,Cancelled
O007522,C01583,P0170,20-06-2025,2,0,Card,Returned
O007523,C01249,P0219,24-04-2025,2,10,Card,Cancelled
O007524,C00287,P0452,29-11-2024,3,10,Upi,Cancelled
O007525,C01293,P0002,30-09-2025,1,0,Cash,Shipped
O007526,C00120,P0299,26-01-2024,1,20,Card,Returned
O007527,C01873,P0267,22-03-2025,2,0,Cash,Returned
O007528,C01732,P0015,23-02-2024,2,10,Card,Returned
O007529,C00948,P0197,11-10-2024,0,0,Card,Shipped
O007530,C00265,P0199,26-07-2024,3,110,Cash,Shipped
O007531,C00687,P0048,04-11-2024,4,15,Upi,Returned
O007532,C01010,P0326,03-08-2025,2,0,Card,Cancelled
O007533,C00720,P0145,19-02-2025,4,15,Card,Cancelled
O007534,C00245,P0496,12-07-2025,1,0,Cash,Cancelled
O007535,C01960,P0316,14-12-2024,0,0,Cash,Delivered
O007536,C00257,P0003,04-09-2024,2,10,Upi,Shipped
O007537,C00595,P0217,04-06-2024,0,0,Card,Returned
O007538,C00115,P0469,26-04-2025,3,20,Cash,Shipped
O007539,C00540,P0016,29-02-2024,3,110,Upi,Delivered
O007540,C01924,P0119,16-01-2024,3,0,Cash,Returned
O007541,C01575,P0134,27-09-2024,0,110,Cash,Cancelled
O007542,C01378,P0464,24-07-2025,0,0,Cash,Delivered
O007543,C00393,P0068,02-04-2025,1,20,Upi,Delivered
O007544,C01538,P0304,14-11-2024,4,110,Card,Delivered
O007545,C01656,P0225,14-01-2024,1,0,Cash,Returned
O007546,C01928,P0414,26-12-2024,4,15,Card,Delivered
O007547,C01286,P0064,20-11-2025,2,10,Cash,Delivered
O007548,C00594,P0321,01-02-2024,2,0,Upi,Returned
O007549,C01767,P0266,26-11-2025,4,15,Upi,Shipped
O007550,C01291,P0104,06-07-2025,2,20,Upi,Shipped
O007551,C01959,P0480,02-03-2024,3,0,Upi,Shipped
O007552,C01063,P0387,12-01-2025,3,10,Card,Shipped
O007553,C00191,P0446,23-11-2025,4,10,Upi,Cancelled
O007554,C00465,P0374,04-09-2025,4,10,Cash,Returned
O007555,C01864,P0334,17-09-2024,2,0,Upi,Cancelled
O007556,C01130,P0395,29-08-2024,3,0,Cash,Shipped
O007557,C00140,P0426,08-01-2024,2,20,Upi,Cancelled
O007558,C01449,P0212,21-08-2024,0,10,Upi,Cancelled
O007559,C01401,P0168,26-01-2025,4,20,Upi,Cancelled
O007560,C00152,P0208,30-11-2024,3,10,Cash,Delivered
O007561,C00839,P0436,19-06-2024,0,0,Upi,Cancelled
O007562,C01517,P0367,23-12-2024,4,15,Upi,Cancelled
O007563,C00685,P0379,14-11-2025,4,110,Upi,Cancelled
O007564,C01228,P0379,11-12-2024,0,0,Card,Delivered
O007565,C01598,P0459,11-05-2025,2,20,Upi,Delivered
O007566,C00483,P0299,06-11-2024,2,110,Cash,Delivered
O007567,C00822,P0061,15-03-2024,4,10,Card,Delivered
O007568,C01317,P0445,06-06-2024,4,10,Card,Delivered
O007569,C00760,P0218,07-10-2024,2,0,Upi,Delivered
O007570,C01630,P0196,23-03-2025,4,10,Upi,Returned
O007571,C01126,P0278,02-11-2025,2,0,Cash,Cancelled
O007572,C01993,P0318,02-06-2025,0,10,Upi,Cancelled
O007573,C01003,P0004,02-06-2025,3,0,Cash,Returned
O007574,C00858,P0021,31-08-2025,3,20,Upi,Delivered
O007575,C01155,P0376,19-10-2024,3,110,Upi,Delivered
O007576,C00213,P0409,13-11-2025,2,20,Card,Returned
O007577,C00963,P0216,20-03-2025,0,20,Cash,Delivered
O007578,C01145,P0011,25-09-2024,4,10,Upi,Shipped
O007579,C01216,P0006,11-03-2024,2,0,Upi,Delivered
O007580,C00203,P0429,21-05-2025,1,10,Cash,Cancelled
O007581,C00691,P0173,25-02-2024,2,110,Cash,Shipped
O007582,C01261,P0262,29-02-2024,3,10,Upi,Returned
O007583,C00939,P0196,24-03-2024,1,20,Cash,Returned
O007584,C01731,P0223,07-08-2024,2,10,Upi,Delivered
O007585,C01653,P0386,15-01-2024,2,10,Card,Delivered
O007586,C01063,P0237,05-10-2024,3,20,Upi,Delivered
O007587,C00468,P0073,21-06-2024,2,10,Card,Cancelled
O007588,C01901,P0077,15-03-2024,3,0,Upi,Delivered
O007589,C00446,P0356,04-04-2024,3,10,Upi,Shipped
O007590,C00961,P0036,14-07-2025,0,0,Card,Delivered
O007591,C01235,P0022,19-03-2024,2,10,Upi,Cancelled
O007592,C01639,P0325,28-10-2025,1,20,Upi,Delivered
O007593,C00689,P0339,02-08-2024,3,10,Upi,Returned
O007594,C01415,P0465,21-07-2024,0,10,Upi,Delivered
O007595,C01846,P0036,24-02-2024,4,10,Card,Delivered
O007596,C00921,P0474,31-01-2025,1,0,Upi,Delivered
O007597,C00747,P0346,16-04-2024,4,15,Upi,Delivered
O007598,C01831,P0287,01-11-2024,2,20,Cash,Delivered
O007599,C00848,P0021,24-06-2024,4,10,Upi,Cancelled
O007600,C01496,P0408,18-01-2024,4,15,Upi,Delivered
O007601,C01146,P0324,13-06-2024,4,15,Card,Returned
O007602,C00246,P0201,02-10-2024,1,0,Cash,Shipped
O007603,C01083,P0184,21-04-2025,2,0,Upi,Delivered
O007604,C01051,P0107,08-02-2024,1,0,Card,Shipped
O007605,C01659,P0250,23-05-2025,4,20,Upi,Cancelled
O007606,C01790,P0393,01-05-2024,2,20,Card,Delivered
O007607,C01814,P0014,16-06-2024,2,110,Cash,Shipped
O007608,C01467,P0182,13-04-2024,1,20,Cash,Delivered
O007609,C00550,P0404,07-08-2024,0,0,Upi,Cancelled
O007610,C00609,P0239,08-09-2025,1,0,Upi,Returned
O007611,C01225,P0389,30-09-2025,4,15,Upi,Shipped
O007612,C00040,P0415,21-07-2024,3,0,Cash,Cancelled
O007613,C00075,P0086,12-09-2024,1,10,Cash,Cancelled
O007614,C00417,P0080,09-01-2024,3,0,Card,Shipped
O007615,C00768,P0077,20-02-2024,2,110,Card,Delivered
O007616,C00531,P0327,08-09-2024,0,10,Upi,Cancelled
O007617,C00550,P0397,04-08-2025,2,0,Upi,Returned
O007618,C01790,P0247,27-10-2025,2,0,Card,Delivered
O007619,C00272,P0340,30-08-2025,3,0,Cash,Cancelled
O007620,C00471,P0022,27-10-2025,2,10,Upi,Delivered
O007621,C00878,P0463,27-01-2024,3,110,Upi,Delivered
O007622,C01451,P0177,02-01-2024,3,0,Card,Cancelled
O007623,C01317,P0260,13-04-2025,2,10,Upi,Shipped
O007624,C01520,P0242,25-01-2025,3,20,Cash,Cancelled
O007625,C01591,P0378,22-07-2025,3,20,Upi,Delivered
O007626,C01596,P0241,02-01-2024,1,0,Cash,Delivered
O007627,C00025,P0104,28-11-2025,3,10,Upi,Delivered
O007628,C01758,P0386,16-06-2024,1,20,Cash,Delivered
O007629,C01384,P0266,10-05-2024,4,15,Card,Shipped
O007630,C01154,P0432,20-03-2024,4,15,Upi,Delivered
O007631,C00292,P0406,08-02-2025,3,10,Cash,Shipped
O007632,C00918,P0205,02-11-2024,4,20,Upi,Delivered
O007633,C00801,P0032,01-03-2024,3,20,Card,Returned
O007634,C00238,P0178,09-04-2024,2,10,Card,Delivered
O007635,C01047,P0039,11-11-2025,2,0,Upi,Delivered
O007636,C01904,P0229,16-02-2025,0,20,Upi,Returned
O007637,C01974,P0328,19-10-2025,3,110,Card,Delivered
O007638,C00785,P0071,13-04-2025,3,110,Upi,Returned
O007639,C00835,P0015,16-05-2024,2,0,Upi,Returned
O007640,C00329,P0355,03-11-2025,0,20,Cash,Shipped
O007641,C01147,P0243,02-10-2025,0,20,Upi,Shipped
O007642,C00982,P0486,22-01-2024,3,20,Upi,Delivered
O007643,C01342,P0061,19-07-2025,2,10,Cash,Delivered
O007644,C01641,P0029,20-09-2025,4,20,Upi,Shipped
O007645,C00296,P0206,29-02-2024,4,110,Cash,Cancelled
O007646,C01053,P0477,23-12-2024,0,20,Upi,Cancelled
O007647,C00338,P0194,27-10-2024,2,20,Cash,Cancelled
O007648,C00246,P0097,08-05-2024,1,0,Card,Delivered
O007649,C00292,P0162,10-01-2024,4,10,Card,Cancelled
O007650,C00155,P0435,03-08-2024,4,20,Upi,Returned
O007651,C00821,P0197,07-03-2024,2,0,Cash,Delivered
O007652,C01641,P0140,12-01-2025,0,10,Upi,Cancelled
O007653,C00287,P0357,26-06-2025,0,0,Card,Returned
O007654,C00867,P0171,11-08-2024,2,10,Card,Delivered
O007655,C01485,P0009,04-06-2024,0,0,Cash,Returned
O007656,C01987,P0095,01-10-2025,3,20,Card,Delivered
O007657,C00853,P0038,01-04-2024,2,110,Upi,Shipped
O007658,C00869,P0460,08-04-2024,3,10,Upi,Delivered
O007659,C99999,P0255,08-02-2024,2,0,Upi,Delivered
O007660,C01141,P0023,10-07-2025,2,110,Card,Delivered
O007661,C00883,P0057,31-01-2025,2,0,Upi,Delivered
O007662,C01785,P0427,26-02-2025,0,20,Cash,Returned
O007663,C01652,P0133,27-06-2025,1,10,Upi,Delivered
O007664,C00054,P0126,12-10-2025,1,0,Card,Delivered
O007665,C00159,P0449,26-03-2025,2,0,Card,Cancelled
O007666,C00117,P0306,27-10-2024,2,20,Upi,Delivered
O007667,C01864,P0355,05-05-2024,2,20,Cash,Cancelled
O007668,C01798,P0417,10-01-2024,2,0,Cash,Delivered
O007669,C00970,P0348,19-01-2024,4,10,Cash,Returned
O007670,C01058,P0101,22-07-2024,1,0,Upi,Shipped
O007671,C00945,P0065,28-09-2024,3,110,Upi,Delivered
O007672,C00619,P0239,25-09-2024,4,15,Cash,Returned
O007673,C01945,P0234,24-01-2024,2,10,Card,Cancelled
O007674,C01876,P0258,28-04-2024,2,0,Upi,Cancelled
O007675,C00577,P0335,22-01-2025,4,10,Upi,Cancelled
O007676,C01778,P0253,27-09-2024,0,0,Upi,Delivered
O007677,C00830,P0101,15-06-2025,3,20,Cash,Returned
O007678,C01878,P0287,25-06-2025,1,20,Cash,Delivered
O007679,C01702,P0063,22-03-2025,2,10,Cash,Cancelled
O007680,C01950,P0028,11-09-2025,4,15,Cash,Delivered
O007681,C01889,P0390,17-07-2024,1,10,Cash,Delivered
O007682,C00729,P0068,06-01-2025,4,10,Cash,Returned
O007683,C00490,P0010,20-04-2024,0,0,Card,Delivered
O007684,C01336,P0051,25-12-2024,1,10,Upi,Delivered
O007685,C01463,P0146,13-12-2024,4,10,Upi,Returned
O007686,C01693,P0085,09-05-2024,4,10,Card,Delivered
O007687,C00105,P0242,12-11-2025,4,20,Cash,Returned
O007688,C00094,P0243,20-09-2025,0,110,Card,Delivered
O007689,C00948,P0218,14-08-2025,2,110,Upi,Delivered
O007690,C01457,P0265,28-12-2024,0,110,Upi,Delivered
O007691,C00848,P0149,09-06-2024,2,20,Card,Delivered
O007692,C00783,P0355,16-11-2025,3,0,Card,Cancelled
O007693,C00642,P0438,19-10-2024,3,20,Upi,Delivered
O007694,C01169,P0440,21-09-2025,3,20,Card,Returned
O007695,C01283,P0197,16-09-2024,1,10,Cash,Delivered
O007696,C01503,P0236,21-11-2024,2,0,Upi,Shipped
O007697,C01570,P0457,18-10-2024,2,0,Upi,Delivered
O007698,C01506,P0161,21-07-2024,3,110,Card,Delivered
O007699,C01886,P0181,13-10-2024,2,0,Upi,Cancelled
O007700,C01382,P0040,15-01-2025,4,20,Cash,Delivered
O007701,C00743,P0355,01-06-2024,3,0,Upi,Returned
O007702,C01469,P0012,01-03-2024,4,15,Upi,Delivered
O007703,C01470,P0125,17-04-2025,0,0,Cash,Returned
O007704,C01189,P0394,06-12-2024,4,10,Card,Delivered
O007705,C00124,P0052,15-05-2025,3,110,Card,Delivered
O007706,C00562,P0289,10-01-2025,3,20,Upi,Returned
O007707,C01082,P0484,29-08-2025,4,10,Upi,Delivered
O007708,C01750,P0417,26-09-2024,1,0,Card,Cancelled
O007709,C00646,P0383,31-03-2025,0,20,Upi,Cancelled
O007710,C00048,P0496,26-11-2024,2,0,Upi,Cancelled
O007711,C00767,P0433,14-07-2025,3,10,Card,Returned
O007712,C01822,P0343,16-05-2024,2,10,Cash,Shipped
O007713,C01929,P0192,14-08-2024,2,0,Upi,Cancelled
O007714,C01039,P0138,04-01-2024,1,20,Cash,Delivered
O007715,C00463,P0032,19-10-2025,2,20,Upi,Shipped
O007716,C01772,P0429,11-06-2024,1,20,Card,Delivered
O007717,C01127,P0407,14-08-2025,2,110,Cash,Shipped
O007718,C01617,P0176,09-05-2025,2,0,Upi,Delivered
O007719,C00697,P0500,12-09-2025,2,10,Upi,Shipped
O007720,C01393,P0060,16-09-2025,1,0,Cash,Delivered
O007721,C01084,P0276,19-08-2024,2,20,Upi,Cancelled
O007722,C01853,P0122,24-08-2024,4,15,Card,Delivered
O007723,C01648,P0428,13-10-2024,1,10,Upi,Shipped
O007724,C01904,P0104,21-02-2024,2,10,Card,Shipped
O007725,C01205,P0364,03-02-2025,4,20,Cash,Returned
O007726,C01979,P0389,07-03-2025,3,10,Card,Shipped
O007727,C01671,P0212,11-04-2025,4,10,Upi,Delivered
O007728,C00620,P0208,26-05-2025,4,15,Cash,Returned
O007729,C01638,P0188,24-10-2025,2,10,Upi,Cancelled
O007730,C00963,P0116,06-12-2024,1,20,Upi,Delivered
O007731,C01090,P0499,18-11-2025,1,10,Upi,Delivered
O007732,C01859,P0109,20-03-2025,4,15,Upi,Shipped
O007733,C01849,P0443,23-03-2025,4,10,Upi,Delivered
O007734,C00302,P0107,29-06-2024,1,0,Card,Returned
O007735,C00895,P0206,01-11-2025,4,20,Card,Delivered
O007736,C01068,P0147,13-04-2025,0,20,Upi,Shipped
O007737,C00285,P0138,27-06-2025,4,10,Card,Delivered
O007738,C01562,P0052,18-07-2025,2,10,Cash,Delivered
O007739,C01681,P0432,12-08-2025,3,20,Upi,Shipped
O007740,C00454,P0450,08-04-2025,1,0,Upi,Shipped
O007741,C01973,P0499,27-08-2025,2,20,Cash,Delivered
O007742,C01905,P0290,30-11-2024,0,20,Upi,Delivered
O007743,C00503,P0058,21-10-2025,2,10,Upi,Delivered
O007744,C00762,P0400,27-12-2024,2,10,Upi,Shipped
O007745,C00004,P0083,22-03-2025,4,110,Upi,Delivered
O007746,C00988,P0396,20-11-2025,3,20,Card,Delivered
O007747,C01430,P0383,17-02-2025,4,10,Card,Shipped
O007748,C00656,P0360,01-03-2024,4,10,Card,Cancelled
O007749,C01584,P0481,07-05-2024,4,15,Upi,Delivered
O007750,C01974,P0368,09-08-2025,1,0,Upi,Delivered
O007751,C00794,P0400,27-10-2024,1,0,Card,Cancelled
O007752,C00063,P0478,11-06-2025,1,0,Upi,Shipped
O007753,C00901,P0004,14-04-2024,4,20,Upi,Returned
O007754,C01412,P0304,17-01-2025,1,10,Card,Delivered
O007755,C00781,P0314,15-04-2024,2,20,Upi,Returned
O007756,C00163,P9999,06-11-2025,0,20,Card,Shipped
O007757,C01651,P0248,30-07-2024,4,15,Cash,Returned
O007758,C01267,P0242,15-12-2024,4,110,Card,Cancelled
O007759,C01244,P0498,19-08-2025,3,20,Upi,Cancelled
O007760,C00515,P0430,15-03-2024,3,20,Cash,Delivered
O007761,C00131,P0134,06-06-2024,4,20,Card,Shipped
O007762,C00775,P0151,07-09-2025,0,0,Card,Delivered
O007763,C00462,P0459,29-11-2025,3,10,Upi,Returned
O007764,C01913,P0246,14-10-2024,3,0,Upi,Delivered
O007765,C01849,P0249,06-01-2024,2,0,Upi,Shipped
O007766,C00186,P0485,03-10-2024,3,10,Upi,Delivered
O007767,C01862,P0292,03-04-2024,2,0,Cash,Cancelled
O007768,C01104,P0149,11-07-2024,0,20,Card,Shipped
O007769,C00257,P0120,24-05-2024,0,110,Card,Delivered
O007770,C01847,P0207,04-08-2025,3,10,Upi,Delivered
O007771,C00834,P0285,01-11-2024,2,0,Upi,Delivered
O007772,C00029,P0196,21-08-2025,2,0,Cash,Delivered
O007773,C00779,P0184,07-01-2025,2,10,Upi,Shipped
O007774,C01853,P0470,23-05-2024,0,10,Cash,Cancelled
O007775,C01513,P0478,07-09-2024,2,110,Upi,Returned
O007776,C01544,P0357,15-02-2025,1,0,Upi,Shipped
O007777,C01570,P0100,05-04-2024,2,20,Upi,Delivered
O007778,C00090,P0129,26-09-2024,4,10,Card,Shipped
O007779,C01474,P0019,13-12-2024,2,0,Upi,Cancelled
O007780,C01850,P0091,01-10-2024,2,10,Upi,Delivered
O007781,C00111,P0038,08-07-2024,2,0,Upi,Shipped
O007782,C00052,P0072,27-02-2024,0,0,Upi,Returned
O007783,C01589,P0411,14-09-2025,2,10,Cash,Delivered
O007784,C01254,P0405,03-03-2024,1,20,Card,Delivered
O007785,C00458,P0166,23-07-2024,3,10,Card,Delivered
O007786,C01212,P0014,28-07-2024,2,0,Cash,Returned
O007787,C00165,P0167,07-03-2024,1,20,Upi,Delivered
O007788,C00474,P0043,25-02-2025,2,0,Upi,Shipped
O007789,C01975,P0362,30-05-2025,3,0,Card,Delivered
O007790,C00334,P0136,20-08-2024,1,10,Upi,Cancelled
O007791,C01700,P0274,21-08-2025,1,10,Cash,Delivered
O007792,C01157,P0090,11-01-2025,3,0,Upi,Delivered
O007793,C01540,P0124,04-03-2024,1,0,Upi,Shipped
O007794,C01406,P0445,12-05-2024,4,20,Card,Returned
O007795,C01820,P0077,28-01-2024,0,0,Card,Delivered
O007796,C01970,P0229,15-11-2025,0,0,Cash,Returned
O007797,C00622,P0098,19-07-2024,2,10,Cash,Returned
O007798,C01862,P0417,11-05-2025,4,15,Card,Delivered
O007799,C01627,P0239,11-09-2025,3,10,Upi,Returned
O007800,C00144,P0196,28-04-2025,1,0,Cash,Returned
O007801,C00566,P0212,14-05-2025,4,15,Upi,Shipped
O007802,C01238,P0097,01-06-2025,0,10,Cash,Returned
O007803,C01349,P0350,26-02-2024,3,10,Upi,Delivered
O007804,C00878,P0312,26-05-2024,0,0,Upi,Delivered
O007805,C01758,P0135,30-08-2024,0,0,Upi,Delivered
O007806,C01953,P0176,07-03-2024,0,20,Card,Cancelled
O007807,C00316,P0376,22-09-2024,0,20,Card,Delivered
O007808,C01663,P0409,15-03-2024,2,110,Card,Shipped
O007809,C00106,P0166,04-12-2024,3,110,Upi,Delivered
O007810,C01363,P0360,28-09-2025,2,20,Upi,Cancelled
O007811,C01460,P0462,10-10-2025,3,0,Upi,Cancelled
O007812,C01906,P0056,25-05-2024,2,10,Cash,Shipped
O007813,C01945,P0405,07-09-2024,1,20,Upi,Returned
O007814,C00369,P0002,28-07-2024,0,0,Upi,Delivered
O007815,C01915,P0163,07-08-2024,3,20,Card,Cancelled
O007816,C01824,P0294,19-02-2024,2,20,Upi,Delivered
O007817,C01004,P0196,12-01-2024,2,0,Upi,Delivered
O007818,C00653,P0069,19-10-2024,2,10,Card,Cancelled
O007819,C00926,P0417,27-07-2024,4,20,Card,Delivered
O007820,C00453,P0432,16-11-2024,2,0,Card,Cancelled
O007821,C01411,P0379,02-11-2025,2,20,Upi,Shipped
O007822,C01544,P0493,11-06-2024,2,0,Cash,Returned
O007823,C00475,P0432,02-10-2024,2,20,Card,Shipped
O007824,C00863,P0498,14-07-2025,0,20,Upi,Returned
O007825,C01764,P0302,04-08-2024,1,110,Upi,Delivered
O007826,C00475,P0170,11-01-2024,3,0,Upi,Delivered
O007827,C01250,P0076,06-02-2024,4,10,Card,Shipped
O007828,C01645,P0263,17-02-2024,3,110,Cash,Returned
O007829,C00442,P0477,29-07-2025,0,0,Upi,Returned
O007830,C01658,P0079,27-01-2025,2,20,Card,Delivered
O007831,C01541,P0364,29-11-2025,4,110,Cash,Delivered
O007832,C00682,P0483,10-04-2025,2,0,Upi,Delivered
O007833,C01520,P0051,23-12-2024,0,110,Upi,Delivered
O007834,C01350,P0212,12-03-2025,3,110,Card,Cancelled
O007835,C00059,P0373,14-04-2025,2,0,Upi,Returned
O007836,C00029,P0179,29-03-2024,2,20,Cash,Delivered
O007837,C01439,P0042,20-09-2024,2,0,Card,Delivered
O007838,C01415,P0018,29-04-2024,3,0,Upi,Delivered
O007839,C00412,P0187,21-03-2024,0,10,Card,Delivered
O007840,C01543,P0026,22-01-2024,2,110,Upi,Delivered
O007841,C01340,P0005,24-05-2024,2,0,Cash,Delivered
O007842,C01765,P0157,17-02-2025,2,0,Card,Returned
O007843,C00788,P0480,10-08-2024,4,20,Card,Delivered
O007844,C01700,P0202,16-05-2024,1,10,Upi,Delivered
O007845,C01393,P0476,18-06-2024,0,20,Card,Cancelled
O007846,C00095,P0418,08-05-2025,3,110,Upi,Shipped
O007847,C00660,P0051,01-12-2025,3,20,Upi,Shipped
O007848,C01797,P0463,06-09-2025,3,110,Upi,Cancelled
O007849,C00188,P0313,06-10-2025,3,0,Upi,Delivered
O007850,C01415,P0285,16-05-2024,2,0,Cash,Shipped
O007851,C00910,P0205,15-09-2024,3,110,Cash,Shipped
O007852,C01549,P0112,20-09-2025,3,20,Upi,Shipped
O007853,C01984,P0113,28-09-2025,2,20,Card,Returned
O007854,C00326,P0060,04-10-2025,2,10,Cash,Returned
O007855,C00881,P0363,13-03-2024,3,0,Cash,Cancelled
O007856,C01145,P0018,05-01-2025,4,10,Upi,Delivered
O007857,C00685,P0167,17-04-2024,2,10,Upi,Cancelled
O007858,C01540,P0428,20-04-2024,2,0,Card,Cancelled
O007859,C01173,P0390,01-01-2025,3,10,Card,Cancelled
O007860,C00683,P0432,15-02-2024,2,110,Upi,Shipped
O007861,C01547,P0396,01-09-2025,3,0,Cash,Delivered
O007862,C01545,P0121,15-12-2024,3,0,Card,Returned
O007863,C00101,P0452,29-07-2025,2,20,Upi,Delivered
O007864,C01009,P0094,16-10-2024,2,10,Card,Returned
O007865,C00693,P0368,26-06-2025,0,20,Card,Cancelled
O007866,C00988,P0114,24-01-2025,2,0,Upi,Shipped
O007867,C01145,P0364,18-05-2025,4,15,Upi,Delivered
O007868,C00148,P0175,21-03-2025,2,20,Cash,Delivered
O007869,C01460,P0258,26-03-2024,3,20,Upi,Delivered
O007870,C01597,P0484,29-07-2024,2,20,Upi,Cancelled
O007871,C01505,P0343,08-08-2024,0,10,Cash,Returned
O007872,C00603,P0463,27-05-2024,1,10,Upi,Cancelled
O007873,C01980,P0165,17-09-2024,2,10,Upi,Shipped
O007874,C01076,P0313,16-03-2025,4,15,Upi,Shipped
O007875,C00421,P0026,13-04-2025,3,110,Upi,Delivered
O007876,C00563,P0106,08-08-2024,3,10,Cash,Delivered
O007877,C01436,P0136,24-04-2025,3,20,Card,Shipped
O007878,C00538,P0175,19-03-2024,3,10,Upi,Cancelled
O007879,C00834,P0456,25-04-2025,2,0,Upi,Returned
O007880,C00370,P0285,16-10-2024,4,20,Upi,Delivered
O007881,C01958,P0150,09-05-2025,3,20,Upi,Returned
O007882,C01035,P0114,30-05-2025,3,0,Upi,Returned
O007883,C01938,P0306,30-06-2024,4,15,Cash,Delivered
O007884,C01259,P0151,16-04-2025,3,0,Card,Delivered
O007885,C00025,P0014,19-05-2025,1,0,Upi,Delivered
O007886,C01275,P0066,03-06-2025,4,10,Upi,Shipped
O007887,C01583,P0138,20-08-2024,3,20,Card,Cancelled
O007888,C01639,P0153,25-08-2024,3,110,Upi,Cancelled
O007889,C01435,P0488,24-09-2024,2,0,Upi,Returned
O007890,C00231,P0188,24-06-2025,2,20,Card,Returned
O007891,C00453,P0396,15-01-2024,1,10,Card,Shipped
O007892,C01052,P0108,31-12-2024,1,10,Cash,Returned
O007893,C00184,P0067,18-01-2024,0,10,Card,Shipped
O007894,C00902,P0433,17-04-2024,0,20,Upi,Cancelled
O007895,C00782,P0075,16-09-2025,4,15,Upi,Shipped
O007896,C00061,P0135,28-04-2025,4,15,Upi,Delivered
O007897,C00457,P0335,16-09-2024,0,10,Cash,Delivered
O007898,C01705,P0392,22-01-2024,4,15,Cash,Shipped
O007899,C00091,P0440,16-12-2024,4,15,Upi,Cancelled
O007900,C00878,P0097,27-08-2025,1,0,Cash,Returned
O007901,C00530,P0356,08-07-2024,1,0,Card,Shipped
O007902,C01131,P0170,07-01-2024,3,20,Upi,Delivered
O007903,C00879,P0244,24-07-2025,2,10,Cash,Delivered
O007904,C00568,P0159,07-01-2024,0,0,Card,Returned
O007905,C01754,P0468,10-08-2024,4,15,Upi,Delivered
O007906,C00183,P0283,02-08-2025,4,110,Card,Delivered
O007907,C01725,P0386,04-04-2024,1,20,Upi,Returned
O007908,C01661,P0021,17-07-2025,4,15,Card,Delivered
O007909,C01340,P0254,25-04-2025,0,0,Cash,Delivered
O007910,C00788,P0106,18-07-2025,1,0,Upi,Shipped
O007911,C01253,P0419,09-09-2025,2,20,Card,Delivered
O007912,C01419,P0389,06-06-2024,3,110,Card,Cancelled
O007913,C00016,P0338,09-02-2024,0,0,Cash,Returned
O007914,C01110,P0494,11-08-2025,2,0,Upi,Returned
O007915,C01740,P0418,12-08-2025,2,10,Upi,Delivered
O007916,C01569,P0408,14-07-2024,4,10,Upi,Delivered
O007917,C01618,P0411,09-10-2025,0,20,Cash,Cancelled
O007918,C01251,P0173,15-12-2024,0,110,Card,Delivered
O007919,C01393,P0312,02-01-2025,1,10,Upi,Cancelled
O007920,C01595,P0369,02-01-2025,1,10,Cash,Shipped
O007921,C00683,P0258,30-09-2025,2,0,Cash,Shipped
O007922,C00017,P0415,24-04-2025,3,10,Card,Delivered
O007923,C01802,P0212,20-01-2025,2,0,Cash,Cancelled
O007924,C01242,P0303,30-05-2025,1,20,Upi,Returned
O007925,C01153,P0152,06-07-2024,1,0,Upi,Returned
O007926,C01214,P0034,04-03-2025,3,0,Cash,Cancelled
O007927,C01228,P0437,25-03-2025,0,20,Upi,Cancelled
O007928,C01206,P0310,03-10-2024,4,20,Cash,Cancelled
O007929,C01208,P0096,04-10-2025,0,20,Card,Shipped
O007930,C00846,P0380,08-11-2024,2,10,Upi,Returned
O007931,C00492,P0105,22-03-2025,1,0,Card,Shipped
O007932,C01105,P0368,27-03-2024,2,0,Card,Cancelled
O007933,C01005,P0306,10-06-2024,3,10,Card,Delivered
O007934,C01184,P0399,05-01-2024,2,0,Cash,Cancelled
O007935,C01824,P0113,28-06-2025,3,110,Upi,Shipped
O007936,C00122,P0262,17-04-2025,2,10,Upi,Cancelled
O007937,C00639,P0257,10-11-2025,3,110,Upi,Returned
O007938,C00379,P0078,23-09-2025,2,20,Upi,Cancelled
O007939,C00037,P0255,06-07-2024,4,15,Upi,Returned
O007940,C00613,P0164,26-07-2025,1,10,Cash,Delivered
O007941,C01939,P0495,30-03-2024,0,110,Upi,Delivered
O007942,C00053,P0274,07-03-2025,1,0,Upi,Returned
O007943,C01486,P0253,28-10-2025,0,0,Card,Delivered
O007944,C02000,P0404,05-07-2025,0,10,Card,Cancelled
O007945,C01302,P0004,08-10-2025,4,20,Card,Shipped
O007946,C00653,P0109,02-08-2024,3,10,Upi,Returned
O007947,C00635,P0293,17-09-2024,0,20,Card,Delivered
O007948,C00861,P0387,15-07-2024,1,0,Card,Returned
O007949,C01648,P0345,24-11-2024,1,0,Card,Shipped
O007950,C00195,P0200,16-01-2025,3,10,Upi,Delivered
O007951,C01709,P0026,05-10-2024,2,0,Upi,Delivered
O007952,C01898,P0392,07-08-2024,3,20,Upi,Delivered
O007953,C00165,P0067,15-09-2024,0,20,Upi,Cancelled
O007954,C01909,P0099,22-07-2024,1,20,Card,Cancelled
O007955,C01812,P0171,02-02-2024,2,110,Upi,Cancelled
O007956,C00367,P0124,01-02-2024,1,0,Card,Delivered
O007957,C01061,P0343,13-07-2024,2,0,Upi,Shipped
O007958,C01016,P0381,18-03-2025,1,20,Upi,Cancelled
O007959,C00611,P0061,25-12-2024,0,0,Upi,Cancelled
O007960,C00817,P0318,19-08-2025,2,0,Upi,Returned
O007961,C01188,P0248,13-01-2024,2,0,Upi,Shipped
O007962,C00867,P0467,14-06-2024,0,10,Upi,Shipped
O007963,C01736,P0247,19-07-2025,2,20,Card,Returned
O007964,C00496,P0396,10-09-2024,3,20,Card,Delivered
O007965,C00491,P0372,31-03-2024,1,110,Upi,Delivered
O007966,C00275,P0373,20-03-2024,2,0,Upi,Shipped
O007967,C01897,P0001,06-06-2024,0,10,Card,Returned
O007968,C00472,P0465,23-05-2025,4,20,Cash,Delivered
O007969,C00515,P0243,31-01-2024,3,0,Cash,Cancelled
O007970,C01667,P0284,19-05-2024,1,10,Upi,Delivered
O007971,C00116,P0271,10-11-2024,3,10,Cash,Shipped
O007972,C01884,P0387,18-11-2025,2,0,Upi,Delivered
O007973,C00380,P0190,17-05-2024,2,110,Upi,Delivered
O007974,C00072,P0027,04-02-2025,1,0,Card,Returned
O007975,C01298,P0387,05-04-2025,3,0,Upi,Cancelled
O007976,C01068,P0296,14-01-2024,2,110,Upi,Delivered
O007977,C01432,P0258,10-07-2024,4,15,Upi,Returned
O007978,C01316,P0032,01-10-2025,3,0,Card,Delivered
O007979,C01646,P0048,27-09-2025,3,10,Upi,Delivered
O007980,C00511,P0123,08-06-2025,0,10,Upi,Shipped
O007981,C00486,P0169,24-05-2025,1,110,Card,Shipped
O007982,C01650,P0204,26-09-2025,0,110,Upi,Cancelled
O007983,C00288,P0276,21-04-2024,4,20,Upi,Cancelled
O007984,C01227,P0466,26-03-2024,1,0,Card,Delivered
O007985,C00304,P0241,17-10-2024,2,110,Upi,Shipped
O007986,C01102,P0484,06-02-2024,2,20,Upi,Delivered
O007987,C01289,P0223,11-08-2025,1,20,Card,Delivered
O007988,C00026,P0043,12-11-2024,2,110,Upi,Cancelled
O007989,C01245,P0063,22-12-2024,2,20,Upi,Cancelled
O007990,C00480,P0099,07-05-2025,2,10,Upi,Returned
O007991,C01441,P0137,08-10-2025,4,20,Upi,Delivered
O007992,C99999,P0088,17-05-2025,2,10,Upi,Cancelled
O007993,C00119,P0216,27-03-2024,2,0,Upi,Returned
O007994,C00593,P0049,01-05-2025,0,0,Card,Delivered
O007995,C01503,P0150,13-09-2025,4,20,Upi,Delivered
O007996,C01976,P0495,14-10-2024,2,110,Upi,Shipped
O007997,C00802,P0331,22-12-2024,2,0,Card,Cancelled
O007998,C00556,P0004,24-01-2024,1,10,Upi,Delivered
O007999,C01930,P0028,27-03-2025,2,20,Upi,Delivered
O008000,C00287,P0055,19-02-2024,2,0,Upi,Returned
O008001,C00111,P0029,13-08-2024,1,10,Upi,Cancelled
O008002,C01201,P0253,24-11-2025,0,20,Cash,Cancelled
O008003,C00006,P0223,19-10-2025,4,20,Card,Returned
O008004,C00976,P0275,13-07-2025,4,20,Cash,Returned
O008005,C00551,P0050,01-11-2024,0,10,Upi,Returned
O008006,C00149,P0402,23-09-2025,0,110,Cash,Shipped
O008007,C01762,P0021,23-07-2024,3,0,Card,Shipped
O008008,C01343,P0028,19-01-2025,3,110,Upi,Shipped
O008009,C01547,P0489,25-11-2024,2,110,Cash,Delivered
O008010,C01396,P0279,24-01-2025,3,0,Card,Delivered
O008011,C00085,P0414,20-07-2024,4,10,Cash,Shipped
O008012,C00278,P0090,19-09-2024,4,110,Upi,Returned
O008013,C01716,P0314,06-03-2025,4,15,Cash,Returned
O008014,C00670,P0065,31-01-2024,4,110,Upi,Returned
O008015,C00494,P0014,02-07-2025,2,0,Upi,Delivered
O008016,C00385,P0002,12-03-2025,0,110,Cash,Delivered
O008017,C01215,P0037,08-04-2024,2,0,Cash,Delivered
O008018,C01038,P0047,14-03-2025,4,15,Upi,Cancelled
O008019,C01614,P0252,20-05-2025,2,0,Cash,Cancelled
O008020,C01481,P0023,09-04-2025,2,110,Card,Delivered
O008021,C00899,P0300,07-10-2024,2,20,Cash,Delivered
O008022,C01901,P0117,19-03-2024,2,0,Upi,Delivered
O008023,C00470,P0241,19-02-2025,4,20,Upi,Returned
O008024,C00750,P0357,15-08-2024,2,0,Upi,Delivered
O008025,C01533,P0329,06-04-2024,1,20,Upi,Shipped
O008026,C01599,P0417,03-02-2024,2,0,Card,Cancelled
O008027,C00815,P0146,15-11-2024,3,10,Card,Cancelled
O008028,C01590,P0307,04-11-2024,4,10,Card,Cancelled
O008029,C01578,P0431,16-02-2025,3,0,Card,Delivered
O008030,C00649,P0376,25-01-2024,2,0,Upi,Returned
O008031,C00571,P0447,05-10-2024,2,0,Upi,Delivered
O008032,C00351,P0363,08-05-2025,1,10,Card,Shipped
O008033,C01616,P9999,14-03-2025,2,10,Upi,Shipped
O008034,C01766,P0342,12-07-2025,2,20,Card,Delivered
O008035,C00271,P0017,17-02-2024,4,110,Card,Shipped
O008036,C01344,P0327,17-04-2024,3,110,Card,Cancelled
O008037,C00102,P0321,22-10-2024,3,0,Upi,Shipped
O008038,C00802,P0115,09-09-2025,1,0,Upi,Cancelled
O008039,C01140,P0287,21-10-2025,0,10,Cash,Delivered
O008040,C00163,P0200,28-09-2025,4,20,Upi,Cancelled
O008041,C01609,P0047,23-03-2025,2,0,Cash,Delivered
O008042,C00850,P0331,17-09-2025,2,20,Upi,Delivered
O008043,C00539,P0399,14-11-2024,0,110,Upi,Delivered
O008044,C00344,P0323,04-10-2025,1,0,Upi,Delivered
O008045,C01063,P0265,04-08-2025,4,20,Upi,Delivered
O008046,C01915,P0303,29-06-2024,0,110,Upi,Returned
O008047,C01896,P0328,24-07-2025,1,20,Upi,Delivered
O008048,C00638,P0260,02-03-2024,1,10,Upi,Delivered
O008049,C01862,P0381,29-05-2025,2,0,Upi,Cancelled
O008050,C01650,P0231,07-12-2024,1,20,Cash,Delivered
O008051,C01385,P0175,17-07-2025,2,0,Upi,Returned
O008052,C01524,P0023,24-10-2024,2,10,Upi,Delivered
O008053,C00382,P0497,30-05-2025,1,0,Upi,Returned
O008054,C01350,P0102,04-09-2025,0,0,Upi,Returned
O008055,C00177,P0228,02-05-2025,3,0,Card,Cancelled
O008056,C00562,P0202,05-06-2025,2,110,Upi,Delivered
O008057,C00894,P0184,05-11-2025,1,0,Upi,Delivered
O008058,C01671,P0370,23-11-2024,1,0,Upi,Cancelled
O008059,C00879,P0296,29-09-2025,2,20,Cash,Shipped
O008060,C01090,P0226,19-11-2025,2,20,Card,Cancelled
O008061,C01304,P0087,05-03-2024,2,0,Upi,Delivered
O008062,C01467,P0242,30-11-2025,1,10,Upi,Delivered
O008063,C01548,P0130,01-07-2025,2,110,Card,Delivered
O008064,C00052,P0205,02-08-2024,4,10,Cash,Delivered
O008065,C00302,P0140,23-08-2024,2,0,Upi,Returned
O008066,C01953,P0484,29-12-2024,2,0,Card,Delivered
O008067,C01488,P0061,05-10-2024,4,10,Upi,Shipped
O008068,C00488,P0158,03-12-2024,3,0,Cash,Delivered
O008069,C01284,P0321,08-10-2025,1,10,Upi,Delivered
O008070,C01495,P0237,07-02-2025,2,10,Upi,Shipped
O008071,C01376,P0450,03-04-2025,2,0,Upi,Cancelled
O008072,C00698,P0354,02-01-2024,0,20,Cash,Shipped
O008073,C01285,P0398,15-12-2024,0,20,Cash,Cancelled
O008074,C00668,P0328,10-11-2024,2,0,Upi,Delivered
O008075,C01084,P0254,31-10-2025,3,0,Card,Cancelled
O008076,C01638,P0449,15-02-2024,2,20,Cash,Returned
O008077,C01153,P0315,30-03-2025,2,0,Cash,Delivered
O008078,C00300,P0328,23-03-2025,2,20,Card,Shipped
O008079,C01951,P0485,01-06-2024,0,10,Upi,Returned
O008080,C00027,P0173,25-05-2024,2,0,Cash,Cancelled
O008081,C01260,P0261,22-02-2024,3,10,Upi,Returned
O008082,C00683,P0447,30-04-2025,2,0,Card,Returned
O008083,C01001,P0359,08-03-2024,2,20,Upi,Delivered
O008084,C01452,P0412,25-12-2024,0,110,Upi,Delivered
O008085,C00790,P0183,13-08-2025,2,0,Upi,Delivered
O008086,C00249,P0113,15-09-2025,1,10,Upi,Shipped
O008087,C00301,P0341,13-12-2024,2,0,Card,Returned
O008088,C00264,P0254,26-11-2025,2,20,Upi,Shipped
O008089,C00528,P0019,31-10-2025,4,15,Upi,Cancelled
O008090,C01874,P0122,19-08-2024,2,0,Card,Delivered
O008091,C01217,P0204,25-07-2025,0,10,Cash,Delivered
O008092,C00680,P0084,20-05-2024,1,10,Cash,Returned
O008093,C00186,P0055,25-04-2025,3,0,Cash,Delivered
O008094,C01599,P0139,18-02-2025,2,20,Cash,Returned
O008095,C00286,P0410,31-10-2025,4,10,Upi,Cancelled
O008096,C00683,P0045,05-01-2025,2,20,Card,Returned
O008097,C00669,P0223,20-02-2025,2,20,Cash,Delivered
O008098,C00837,P0023,25-05-2025,1,10,Upi,Delivered
O008099,C01400,P0370,14-12-2024,2,20,Cash,Returned
O008100,C01627,P0412,27-10-2025,2,0,Upi,Returned
O008101,C00278,P0096,05-03-2025,1,0,Upi,Returned
O008102,C01877,P0131,09-04-2025,1,20,Card,Delivered
O008103,C01448,P0212,12-03-2024,1,20,Upi,Returned
O008104,C00700,P0064,28-05-2025,3,0,Cash,Shipped
O008105,C01052,P0443,07-07-2025,2,20,Cash,Cancelled
O008106,C00767,P0402,26-07-2025,2,0,Upi,Delivered
O008107,C00175,P0013,17-11-2025,0,0,Upi,Shipped
O008108,C00083,P0073,01-04-2024,2,20,Upi,Delivered
O008109,C01689,P0203,18-01-2024,1,0,Upi,Delivered
O008110,C01187,P0051,01-01-2024,3,20,Cash,Returned
O008111,C01998,P0028,10-09-2024,4,15,Cash,Shipped
O008112,C00919,P0062,20-02-2024,2,0,Cash,Returned
O008113,C01031,P0242,04-02-2025,3,20,Upi,Cancelled
O008114,C00103,P0280,07-03-2025,0,0,Upi,Returned
O008115,C00365,P0072,07-02-2025,4,110,Card,Delivered
O008116,C00735,P0217,30-11-2025,2,10,Card,Delivered
O008117,C00487,P0176,27-02-2025,2,10,Cash,Returned
O008118,C01210,P0356,26-11-2024,4,20,Upi,Returned
O008119,C01623,P0405,28-12-2024,1,0,Cash,Delivered
O008120,C01062,P0277,15-11-2025,3,20,Card,Cancelled
O008121,C00569,P0120,22-06-2024,3,10,Card,Returned
O008122,C00396,P0331,14-10-2025,3,0,Upi,Returned
O008123,C01677,P0063,13-08-2024,2,20,Upi,Returned
O008124,C00339,P0027,01-07-2024,2,10,Cash,Cancelled
O008125,C00519,P0064,16-11-2024,1,0,Upi,Delivered
O008126,C01566,P0430,10-02-2024,0,20,Cash,Delivered
O008127,C00457,P0141,04-02-2024,4,110,Card,Returned
O008128,C00738,P0386,23-08-2025,2,10,Cash,Delivered
O008129,C01070,P0493,16-06-2025,3,10,Cash,Delivered
O008130,C00248,P0008,01-09-2024,2,0,Upi,Cancelled
O008131,C01865,P0456,24-02-2025,1,20,Upi,Shipped
O008132,C01254,P0021,02-10-2025,0,0,Upi,Cancelled
O008133,C00288,P0222,21-10-2024,2,0,Card,Cancelled
O008134,C01557,P0200,04-02-2024,4,10,Card,Cancelled
O008135,C00286,P0273,23-05-2024,0,20,Cash,Delivered
O008136,C00162,P0449,17-07-2025,1,110,Cash,Delivered
O008137,C01896,P0219,06-04-2024,4,10,Card,Delivered
O008138,C00196,P0359,10-04-2025,4,10,Upi,Returned
O008139,C00471,P0182,17-11-2024,2,10,Upi,Delivered
O008140,C01159,P0016,23-06-2024,2,10,Cash,Returned
O008141,C01858,P0331,04-07-2024,4,15,Upi,Delivered
O008142,C00757,P0289,22-01-2025,2,10,Card,Shipped
O008143,C00531,P0083,28-11-2024,3,110,Cash,Cancelled
O008144,C01064,P0252,23-07-2025,4,110,Upi,Delivered
O008145,C01357,P0054,07-03-2024,1,20,Upi,Delivered
O008146,C01669,P0252,14-08-2024,3,110,Card,Cancelled
O008147,C00055,P0247,27-05-2025,3,0,Cash,Shipped
O008148,C00986,P0361,20-02-2024,4,15,Upi,Shipped
O008149,C00563,P0210,23-06-2024,1,10,Card,Cancelled
O008150,C01001,P0400,10-06-2025,2,10,Upi,Returned
O008151,C00836,P0249,18-06-2025,3,10,Card,Shipped
O008152,C01269,P0383,12-06-2025,1,0,Card,Shipped
O008153,C01350,P0040,12-10-2025,3,20,Upi,Shipped
O008154,C01779,P0371,22-04-2024,1,20,Upi,Delivered
O008155,C01397,P0065,14-09-2024,4,10,Cash,Delivered
O008156,C00547,P0359,28-05-2024,0,10,Upi,Cancelled
O008157,C00076,P0154,04-06-2024,4,15,Upi,Shipped
O008158,C01989,P0168,24-08-2024,2,10,Upi,Delivered
O008159,C01691,P0108,19-07-2025,1,20,Upi,Returned
O008160,C01408,P0439,24-01-2024,3,0,Upi,Delivered
O008161,C00110,P0131,05-05-2025,2,0,Upi,Shipped
O008162,C01133,P0203,16-11-2024,2,0,Cash,Cancelled
O008163,C00431,P0386,20-08-2025,1,0,Upi,Cancelled
O008164,C00964,P0236,07-07-2025,0,0,Upi,Delivered
O008165,C00819,P0478,25-02-2024,4,20,Cash,Shipped
O008166,C01147,P0322,27-11-2024,4,15,Card,Shipped
O008167,C00567,P0428,19-04-2024,2,0,Cash,Delivered
O008168,C01919,P0332,14-01-2024,0,110,Upi,Returned
O008169,C01766,P0069,30-08-2024,0,10,Upi,Returned
O008170,C00100,P0064,27-05-2024,1,20,Upi,Delivered
O008171,C00287,P0177,07-05-2024,4,15,Upi,Cancelled
O008172,C01635,P0282,02-10-2024,0,0,Card,Shipped
O008173,C00357,P0470,22-09-2024,2,20,Card,Cancelled
O008174,C00991,P0069,10-03-2025,0,0,Upi,Delivered
O008175,C01124,P0257,20-03-2025,2,0,Card,Shipped
O008176,C01603,P0430,24-04-2024,2,0,Cash,Returned
O008177,C00702,P0401,23-05-2025,1,0,Upi,Delivered
O008178,C01564,P0391,11-11-2025,3,20,Upi,Shipped
O008179,C01312,P0323,26-03-2024,3,0,Cash,Cancelled
O008180,C01805,P0177,20-11-2025,1,110,Cash,Delivered
O008181,C01443,P0305,18-11-2024,0,10,Card,Shipped
O008182,C00425,P0256,08-07-2025,3,20,Cash,Shipped
O008183,C01160,P0432,27-11-2025,1,20,Upi,Delivered
O008184,C01654,P0041,10-07-2024,3,10,Cash,Returned
O008185,C00946,P0204,04-10-2024,3,0,Upi,Cancelled
O008186,C01252,P0302,29-10-2024,2,10,Upi,Delivered
O008187,C00124,P0160,21-06-2025,3,10,Card,Returned
O008188,C00970,P0251,27-05-2024,0,110,Upi,Delivered
O008189,C00726,P0445,19-03-2025,3,20,Cash,Shipped
O008190,C00910,P0312,04-04-2024,4,10,Cash,Cancelled
O008191,C00507,P0385,28-09-2025,1,10,Upi,Cancelled
O008192,C01111,P0133,12-08-2025,1,10,Cash,Shipped
O008193,C01666,P0471,21-10-2024,0,0,Cash,Shipped
O008194,C01462,P0142,21-12-2024,1,10,Cash,Delivered
O008195,C00304,P0199,22-08-2025,0,10,Upi,Shipped
O008196,C01109,P0301,17-04-2024,4,20,Card,Delivered
O008197,C01097,P0009,09-11-2024,2,10,Card,Delivered
O008198,C00979,P0261,16-12-2024,0,0,Card,Shipped
O008199,C01197,P0138,17-07-2024,3,0,Card,Returned
O008200,C01346,P0012,29-05-2024,0,20,Card,Delivered
O008201,C00783,P0004,17-06-2025,0,110,Cash,Delivered
O008202,C01258,P0343,11-07-2024,3,20,Upi,Cancelled
O008203,C00211,P0281,09-05-2025,4,15,Card,Delivered
O008204,C01909,P0444,08-11-2024,2,20,Cash,Delivered
O008205,C01013,P0361,30-07-2024,2,0,Upi,Delivered
O008206,C01450,P0158,14-05-2024,3,20,Card,Shipped
O008207,C00910,P0223,24-08-2025,2,0,Card,Delivered
O008208,C01716,P0146,15-10-2024,2,0,Cash,Delivered
O008209,C00206,P0392,22-03-2025,3,110,Cash,Delivered
O008210,C01237,P0373,11-08-2024,3,110,Card,Shipped
O008211,C00423,P0206,23-06-2025,4,15,Card,Shipped
O008212,C00072,P0037,16-07-2024,0,10,Card,Shipped
O008213,C01244,P0233,17-10-2024,2,0,Card,Delivered
O008214,C00412,P0418,02-09-2024,2,0,Card,Delivered
O008215,C01888,P0451,26-07-2025,4,10,Card,Delivered
O008216,C01754,P0130,22-09-2024,4,15,Cash,Cancelled
O008217,C01771,P0276,13-01-2024,4,110,Card,Delivered
O008218,C01213,P0099,09-07-2024,0,10,Upi,Delivered
O008219,C00145,P0401,30-04-2025,4,15,Card,Returned
O008220,C01755,P0223,10-04-2024,2,20,Card,Returned
O008221,C01690,P0213,17-07-2024,2,0,Upi,Shipped
O008222,C01218,P0483,12-02-2025,2,110,Cash,Cancelled
O008223,C01090,P0338,02-02-2024,0,0,Cash,Returned
O008224,C00365,P0382,17-02-2024,2,0,Cash,Cancelled
O008225,C00855,P0270,21-08-2024,4,20,Upi,Delivered
O008226,C01515,P0330,09-11-2025,3,20,Upi,Returned
O008227,C00474,P0378,14-08-2025,2,0,Upi,Delivered
O008228,C00438,P0248,09-01-2024,2,20,Cash,Delivered
O008229,C01797,P0406,11-08-2025,2,20,Cash,Delivered
O008230,C00380,P0458,22-09-2024,2,10,Card,Delivered
O008231,C01220,P0476,23-02-2024,3,0,Upi,Returned
O008232,C01888,P0030,11-02-2025,1,0,Upi,Shipped
O008233,C00635,P0265,22-12-2024,2,0,Card,Delivered
O008234,C01303,P0467,29-10-2024,4,15,Upi,Delivered
O008235,C00624,P0192,31-07-2024,3,0,Upi,Shipped
O008236,C00260,P0223,04-04-2025,2,10,Card,Delivered
O008237,C00682,P0469,29-11-2025,4,15,Cash,Returned
O008238,C00424,P0208,15-07-2025,1,110,Card,Returned
O008239,C00439,P0309,17-06-2024,4,15,Upi,Shipped
O008240,C01659,P0020,18-08-2025,2,20,Card,Returned
O008241,C01797,P0415,17-06-2025,2,0,Cash,Shipped
O008242,C00774,P0261,22-03-2024,0,10,Card,Delivered
O008243,C01713,P0181,22-03-2024,2,10,Cash,Delivered
O008244,C01503,P0282,05-08-2025,0,0,Upi,Delivered
O008245,C01448,P0331,01-11-2025,2,0,Upi,Delivered
O008246,C01505,P0130,16-07-2025,2,0,Cash,Delivered
O008247,C01512,P0088,27-03-2025,0,10,Card,Returned
O008248,C01494,P0194,17-11-2024,1,10,Cash,Returned
O008249,C01994,P0418,24-04-2024,2,10,Cash,Shipped
O008250,C01261,P0145,11-11-2025,2,20,Upi,Returned
O008251,C00986,P0430,28-03-2025,4,20,Upi,Shipped
O008252,C01258,P0204,20-08-2025,0,20,Upi,Shipped
O008253,C00457,P0407,05-07-2024,2,0,Card,Delivered
O008254,C00720,P0382,17-04-2025,4,15,Upi,Cancelled
O008255,C01779,P0099,23-10-2024,2,20,Card,Delivered
O008256,C01504,P0320,29-08-2025,1,0,Card,Cancelled
O008257,C00361,P0254,18-03-2024,0,20,Card,Returned
O008258,C01073,P0454,11-11-2025,2,110,Upi,Delivered
O008259,C00484,P0184,18-07-2024,1,10,Card,Returned
O008260,C01254,P0034,22-10-2024,2,20,Upi,Returned
O008261,C01898,P0163,23-11-2025,4,10,Cash,Cancelled
O008262,C01380,P0177,13-07-2024,3,0,Upi,Cancelled
O008263,C00093,P0079,31-10-2025,2,0,Card,Cancelled
O008264,C00332,P0283,03-07-2025,1,0,Card,Shipped
O008265,C00515,P0357,26-02-2024,4,15,Card,Delivered
O008266,C01880,P0319,23-01-2024,1,20,Upi,Shipped
O008267,C00277,P0455,15-01-2024,4,15,Upi,Returned
O008268,C00477,P0368,07-11-2025,2,0,Card,Delivered
O008269,C00820,P0479,05-10-2025,0,0,Upi,Delivered
O008270,C00435,P0384,09-05-2024,0,110,Cash,Shipped
O008271,C01410,P0131,10-02-2025,1,0,Upi,Delivered
O008272,C00445,P0222,10-12-2024,1,0,Cash,Delivered
O008273,C01434,P0137,21-12-2024,1,10,Upi,Cancelled
O008274,C00877,P0335,19-01-2024,0,10,Cash,Returned
O008275,C00383,P0375,25-08-2025,0,20,Card,Cancelled
O008276,C00275,P0175,25-12-2024,0,0,Upi,Delivered
O008277,C01283,P0487,19-09-2025,3,110,Card,Returned
O008278,C00374,P0104,23-02-2024,3,20,Upi,Shipped
O008279,C01865,P0126,18-06-2025,0,20,Upi,Delivered
O008280,C01819,P0162,28-02-2024,2,0,Card,Delivered
O008281,C00145,P0477,26-01-2025,2,0,Cash,Cancelled
O008282,C00900,P0054,27-10-2025,0,10,Upi,Cancelled
O008283,C01533,P0337,09-11-2025,3,110,Upi,Cancelled
O008284,C01238,P0281,02-03-2025,4,20,Cash,Delivered
O008285,C01249,P0056,23-06-2025,1,0,Upi,Delivered
O008286,C01601,P0409,21-04-2025,0,10,Cash,Delivered
O008287,C01425,P0389,02-07-2024,3,110,Card,Cancelled
O008288,C00646,P0486,10-07-2025,2,110,Upi,Delivered
O008289,C00415,P0038,17-03-2024,0,0,Upi,Shipped
O008290,C00023,P0420,23-06-2024,0,0,Card,Delivered
O008291,C01950,P0398,21-08-2025,2,10,Upi,Delivered
O008292,C00787,P0217,03-05-2025,1,0,Card,Shipped
O008293,C01944,P0473,20-10-2024,3,20,Cash,Delivered
O008294,C00860,P0429,22-03-2025,0,0,Cash,Shipped
O008295,C00036,P0425,19-10-2025,1,110,Card,Delivered
O008296,C00482,P0093,23-05-2024,2,10,Upi,Delivered
O008297,C00442,P0031,07-01-2024,2,0,Cash,Returned
O008298,C01585,P0049,18-02-2024,0,20,Upi,Shipped
O008299,C01592,P0216,28-06-2025,3,20,Upi,Returned
O008300,C00275,P0487,09-11-2025,2,110,Cash,Returned
O008301,C01111,P0325,13-07-2025,1,0,Upi,Shipped
O008302,C01792,P0422,10-09-2025,0,0,Upi,Shipped
O008303,C01034,P0373,16-11-2025,3,10,Upi,Delivered
O008304,C00010,P0393,08-12-2024,0,110,Upi,Delivered
O008305,C01102,P0319,28-11-2024,0,110,Card,Delivered
O008306,C01351,P0246,24-10-2024,2,10,Upi,Cancelled
O008307,C00809,P0169,01-11-2025,2,10,Upi,Cancelled
O008308,C00809,P0461,13-08-2025,0,110,Upi,Cancelled
O008309,C00651,P0262,15-11-2025,2,0,Upi,Delivered
O008310,C01359,P9999,03-07-2024,0,20,Upi,Delivered
O008311,C00704,P0295,10-02-2025,1,0,Upi,Delivered
O008312,C00574,P0253,05-01-2024,0,0,Card,Shipped
O008313,C01529,P0351,04-07-2024,1,0,Cash,Cancelled
O008314,C01122,P0141,21-08-2025,2,0,Upi,Delivered
O008315,C01663,P0142,11-02-2024,1,20,Card,Delivered
O008316,C00143,P0433,12-11-2025,3,0,Upi,Shipped
O008317,C00155,P0283,12-11-2025,1,10,Cash,Shipped
O008318,C01185,P0032,15-12-2024,0,0,Card,Cancelled
O008319,C01915,P0120,12-10-2025,4,10,Cash,Shipped
O008320,C00062,P0465,02-09-2024,2,0,Card,Returned
O008321,C00838,P0437,18-01-2024,4,20,Upi,Returned
O008322,C01311,P0133,17-04-2024,0,0,Cash,Delivered
O008323,C01484,P0266,09-04-2025,2,10,Upi,Delivered
O008324,C00883,P0327,23-10-2025,4,20,Card,Shipped
O008325,C99999,P0312,08-09-2025,4,15,Card,Delivered
O008326,C01926,P0418,27-02-2024,2,0,Card,Cancelled
O008327,C00251,P0231,18-05-2025,2,0,Upi,Cancelled
O008328,C00684,P0300,25-06-2024,1,110,Card,Delivered
O008329,C00326,P0139,02-12-2024,1,0,Card,Delivered
O008330,C00620,P0239,06-03-2024,4,15,Upi,Delivered
O008331,C01995,P0044,04-06-2025,2,20,Upi,Cancelled
O008332,C00036,P0143,09-10-2025,2,0,Cash,Cancelled
O008333,C00542,P0315,08-07-2024,0,110,Cash,Delivered
O008334,C01730,P0377,08-06-2025,2,10,Cash,Delivered
O008335,C01140,P0465,12-06-2025,3,0,Cash,Returned
O008336,C01117,P0494,15-01-2025,1,10,Upi,Shipped
O008337,C01219,P0360,30-01-2025,1,110,Upi,Shipped
O008338,C00479,P0127,12-09-2024,4,110,Upi,Returned
O008339,C00348,P0091,04-12-2024,0,0,Cash,Shipped
O008340,C01776,P0013,27-01-2025,4,20,Upi,Delivered
O008341,C00257,P0241,26-04-2025,2,10,Cash,Returned
O008342,C00980,P0021,14-08-2024,1,10,Card,Returned
O008343,C01180,P0386,03-03-2024,0,10,Card,Delivered
O008344,C01404,P0466,11-06-2024,2,20,Cash,Delivered
O008345,C00221,P0132,13-05-2025,0,10,Cash,Cancelled
O008346,C01730,P0448,23-09-2025,0,10,Upi,Cancelled
O008347,C01148,P0438,30-03-2024,2,10,Upi,Returned
O008348,C01618,P0142,18-03-2025,1,110,Card,Delivered
O008349,C01733,P0128,13-03-2024,1,0,Upi,Returned
O008350,C00244,P0494,27-11-2024,2,20,Card,Returned
O008351,C00963,P0483,26-09-2025,0,0,Card,Delivered
O008352,C00342,P0329,21-03-2025,2,20,Card,Delivered
O008353,C01475,P0339,10-02-2025,0,10,Cash,Delivered
O008354,C00331,P0315,09-02-2025,0,20,Upi,Delivered
O008355,C01074,P0385,19-05-2024,1,10,Upi,Delivered
O008356,C01496,P0347,01-11-2024,2,10,Upi,Returned
O008357,C00643,P0259,15-07-2025,1,110,Upi,Cancelled
O008358,C00584,P0232,03-02-2024,1,110,Cash,Cancelled
O008359,C01383,P0494,13-06-2025,2,0,Card,Cancelled
O008360,C00317,P0126,16-09-2024,2,10,Card,Cancelled
O008361,C00798,P0032,13-11-2025,2,10,Upi,Cancelled
O008362,C00272,P0027,15-06-2025,1,0,Upi,Cancelled
O008363,C00428,P0090,10-05-2025,3,10,Upi,Delivered
O008364,C00695,P0142,18-05-2024,3,110,Card,Shipped
O008365,C00080,P0186,01-09-2025,0,10,Card,Delivered
O008366,C01443,P0293,11-03-2025,0,0,Card,Cancelled
O008367,C01250,P0456,06-07-2024,3,10,Cash,Shipped
O008368,C00832,P0318,15-09-2025,3,0,Card,Shipped
O008369,C00820,P0191,04-06-2025,3,10,Upi,Shipped
O008370,C01602,P0027,04-11-2024,4,10,Card,Shipped
O008371,C01371,P0481,05-05-2025,2,110,Card,Delivered
O008372,C00664,P0196,26-10-2024,0,0,Card,Returned
O008373,C00613,P0471,01-01-2025,2,10,Upi,Delivered
O008374,C01703,P0198,17-01-2024,4,15,Upi,Delivered
O008375,C00206,P0115,28-06-2024,1,0,Card,Shipped
O008376,C00403,P0205,28-02-2024,0,10,Cash,Delivered
O008377,C01072,P0292,15-03-2024,2,0,Cash,Returned
O008378,C00513,P0060,13-05-2025,0,20,Upi,Returned
O008379,C00851,P0271,28-10-2024,1,10,Cash,Shipped
O008380,C00417,P0457,08-11-2025,4,10,Card,Delivered
O008381,C01098,P0230,05-12-2024,0,20,Cash,Shipped
O008382,C01324,P0194,01-05-2024,0,20,Upi,Cancelled
O008383,C00654,P0343,26-07-2025,1,10,Upi,Delivered
O008384,C01790,P0393,26-10-2024,4,10,Upi,Delivered
O008385,C01662,P0311,08-04-2025,1,10,Card,Returned
O008386,C01978,P0101,05-10-2024,2,0,Cash,Delivered
O008387,C01747,P0139,02-09-2025,0,0,Cash,Delivered
O008388,C00410,P0487,13-10-2025,3,20,Upi,Returned
O008389,C01481,P0150,23-09-2025,0,0,Cash,Delivered
O008390,C00623,P0464,10-04-2024,2,20,Card,Cancelled
O008391,C00856,P0144,30-05-2025,4,10,Cash,Cancelled
O008392,C01785,P0338,13-06-2024,0,0,Card,Returned
O008393,C00843,P0011,10-04-2024,4,10,Cash,Returned
O008394,C01711,P0399,01-09-2024,2,20,Upi,Returned
O008395,C01937,P0243,04-09-2024,2,0,Card,Delivered
O008396,C01570,P0051,12-03-2024,0,20,Upi,Delivered
O008397,C00708,P0376,30-10-2025,2,0,Upi,Shipped
O008398,C01842,P0469,17-05-2025,1,20,Upi,Delivered
O008399,C01993,P0457,16-03-2024,1,20,Card,Delivered
O008400,C00995,P0206,14-01-2025,4,15,Cash,Shipped
O008401,C00553,P0153,18-11-2024,1,10,Cash,Delivered
O008402,C00468,P0115,17-11-2025,4,15,Cash,Cancelled
O008403,C00668,P0379,22-01-2024,2,20,Cash,Returned
O008404,C00715,P0487,05-10-2024,1,20,Card,Delivered
O008405,C00898,P0166,15-01-2024,1,20,Upi,Cancelled
O008406,C00371,P0435,03-11-2025,1,0,Upi,Delivered
O008407,C01103,P0154,13-05-2025,0,10,Upi,Delivered
O008408,C00698,P0496,14-02-2025,3,10,Upi,Returned
O008409,C01620,P0339,03-02-2025,4,20,Card,Shipped
O008410,C01688,P0365,15-07-2024,1,20,Cash,Shipped
O008411,C00534,P0316,26-02-2025,3,0,Cash,Delivered
O008412,C01206,P0300,21-04-2024,0,10,Upi,Shipped
O008413,C01848,P0420,17-10-2024,2,20,Upi,Returned
O008414,C00063,P0018,20-09-2024,4,15,Upi,Delivered
O008415,C01750,P0105,14-11-2025,1,0,Cash,Delivered
O008416,C00489,P0184,17-02-2025,1,0,Upi,Returned
O008417,C00318,P0478,29-08-2025,2,110,Upi,Delivered
O008418,C00101,P0076,21-08-2025,3,0,Card,Delivered
O008419,C01978,P0495,09-12-2024,3,0,Upi,Cancelled
O008420,C00083,P0250,01-02-2024,2,10,Card,Delivered
O008421,C01034,P0077,17-01-2025,2,110,Card,Delivered
O008422,C01012,P0453,30-01-2024,4,20,Upi,Cancelled
O008423,C01776,P0027,05-11-2024,2,20,Card,Delivered
O008424,C01325,P0037,27-04-2025,0,110,Cash,Cancelled
O008425,C00764,P0354,22-11-2024,2,20,Cash,Returned
O008426,C00415,P0269,24-01-2025,0,20,Upi,Delivered
O008427,C00605,P0426,29-10-2024,2,10,Upi,Shipped
O008428,C00519,P0261,05-11-2024,1,10,Upi,Delivered
O008429,C01462,P0061,17-07-2024,0,20,Upi,Delivered
O008430,C01027,P0176,31-10-2024,2,20,Upi,Cancelled
O008431,C01335,P0365,28-11-2024,0,20,Upi,Delivered
O008432,C01336,P0192,10-06-2025,2,10,Card,Delivered
O008433,C00181,P0235,04-05-2024,3,20,Cash,Cancelled
O008434,C00144,P0242,10-01-2024,4,10,Upi,Delivered
O008435,C01501,P0441,05-05-2025,4,15,Card,Returned
O008436,C00949,P0393,23-02-2024,0,110,Upi,Delivered
O008437,C00641,P0255,19-10-2025,4,20,Upi,Delivered
O008438,C01165,P0057,11-04-2024,4,110,Cash,Returned
O008439,C00217,P0210,20-08-2025,3,20,Cash,Returned
O008440,C00784,P0018,09-10-2025,4,20,Cash,Cancelled
O008441,C01500,P0255,08-10-2024,1,20,Upi,Returned
O008442,C00783,P0432,11-06-2025,2,110,Card,Delivered
O008443,C00704,P0348,09-03-2024,4,10,Card,Shipped
O008444,C01316,P0130,01-02-2025,2,0,Card,Delivered
O008445,C00001,P0187,09-06-2024,0,0,Upi,Cancelled
O008446,C00420,P0420,22-12-2024,4,15,Cash,Returned
O008447,C01808,P0065,20-01-2024,2,20,Upi,Delivered
O008448,C01858,P0198,27-07-2025,0,0,Upi,Delivered
O008449,C00879,P0311,13-07-2024,2,20,Upi,Delivered
O008450,C00949,P0178,06-07-2024,2,20,Upi,Returned
O008451,C00818,P0258,25-08-2025,2,10,Card,Returned
O008452,C00779,P0442,10-02-2025,0,110,Upi,Delivered
O008453,C00512,P0486,09-10-2025,4,15,Upi,Shipped
O008454,C01314,P0315,03-07-2024,3,10,Card,Cancelled
O008455,C01878,P0260,09-09-2024,2,0,Cash,Delivered
O008456,C00465,P0326,28-02-2025,2,20,Upi,Cancelled
O008457,C01194,P0262,29-02-2024,1,110,Upi,Returned
O008458,C01651,P0224,29-07-2024,0,10,Upi,Shipped
O008459,C00212,P0166,26-08-2024,3,0,Upi,Delivered
O008460,C00218,P0162,31-08-2024,2,20,Card,Returned
O008461,C00774,P0321,05-04-2025,3,0,Card,Shipped
O008462,C01496,P0429,16-06-2024,4,15,Upi,Delivered
O008463,C01187,P0302,15-10-2025,1,0,Cash,Returned
O008464,C01630,P0069,08-05-2024,3,10,Upi,Delivered
O008465,C00035,P0055,09-11-2025,2,0,Upi,Cancelled
O008466,C00569,P0363,04-02-2024,3,10,Card,Returned
O008467,C01884,P0127,25-10-2025,2,0,Upi,Cancelled
O008468,C01792,P0150,12-02-2025,1,0,Upi,Delivered
O008469,C01218,P0419,02-01-2025,4,15,Card,Delivered
O008470,C01063,P0359,21-05-2025,2,110,Card,Returned
O008471,C00132,P0316,13-02-2024,1,20,Cash,Shipped
O008472,C01606,P0073,06-06-2024,2,20,Upi,Returned
O008473,C01127,P0395,13-06-2025,1,20,Cash,Delivered
O008474,C00042,P0093,31-08-2025,3,10,Card,Shipped
O008475,C00410,P0295,09-03-2025,3,10,Upi,Delivered
O008476,C01274,P0251,19-01-2025,2,0,Cash,Cancelled
O008477,C01899,P0409,01-06-2025,3,20,Upi,Shipped
O008478,C00589,P0334,30-10-2024,2,0,Cash,Cancelled
O008479,C01484,P0328,30-12-2024,3,20,Card,Shipped
O008480,C00348,P0410,16-10-2025,2,20,Card,Cancelled
O008481,C00531,P0400,07-11-2025,1,0,Cash,Delivered
O008482,C01778,P0439,20-09-2025,0,20,Card,Cancelled
O008483,C00691,P0255,14-10-2024,2,0,Upi,Returned
O008484,C00458,P0252,29-04-2024,3,110,Card,Delivered
O008485,C01634,P0473,14-08-2025,2,0,Upi,Delivered
O008486,C01169,P0137,23-06-2024,1,20,Upi,Delivered
O008487,C00503,P0169,25-02-2024,3,20,Upi,Delivered
O008488,C01873,P0285,05-04-2024,0,10,Cash,Delivered
O008489,C00286,P0125,06-10-2025,4,15,Card,Returned
O008490,C00929,P0388,05-09-2025,0,0,Cash,Returned
O008491,C01561,P0355,19-10-2025,0,0,Upi,Returned
O008492,C01522,P0178,14-12-2024,3,10,Upi,Returned
O008493,C01571,P0182,12-01-2025,4,110,Card,Delivered
O008494,C01738,P0148,05-09-2025,0,0,Cash,Shipped
O008495,C00840,P0051,06-03-2024,4,20,Card,Delivered
O008496,C00165,P0114,10-08-2024,4,110,Upi,Returned
O008497,C01320,P0489,02-01-2025,2,110,Upi,Returned
O008498,C00431,P0491,06-05-2025,2,20,Card,Returned
O008499,C01043,P0209,13-03-2025,2,20,Upi,Cancelled
O008500,C01278,P0168,19-05-2024,0,10,Cash,Delivered
O008501,C00823,P0344,19-05-2025,2,0,Upi,Delivered
O008502,C01045,P0462,02-09-2025,0,110,Cash,Delivered
O008503,C01003,P0105,28-02-2024,0,20,Upi,Returned
O008504,C00163,P0135,08-07-2025,1,0,Upi,Delivered
O008505,C01093,P0212,13-09-2024,0,10,Upi,Delivered
O008506,C00316,P0177,31-01-2024,2,110,Cash,Delivered
O008507,C00057,P0315,01-05-2024,0,0,Upi,Shipped
O008508,C01451,P0186,02-06-2024,1,0,Card,Shipped
O008509,C01709,P0394,03-05-2025,2,110,Card,Cancelled
O008510,C01356,P0147,10-08-2025,2,0,Card,Delivered
O008511,C00107,P0333,23-05-2024,4,15,Card,Cancelled
O008512,C00886,P0048,03-03-2024,2,10,Cash,Cancelled
O008513,C00879,P0108,19-01-2024,0,0,Card,Delivered
O008514,C01558,P0447,06-09-2025,3,0,Upi,Delivered
O008515,C01182,P0492,27-07-2024,1,10,Card,Delivered
O008516,C00884,P0320,13-07-2024,2,110,Upi,Delivered
O008517,C00644,P0267,24-10-2024,4,15,Cash,Shipped
O008518,C00823,P0316,01-05-2025,2,0,Upi,Delivered
O008519,C01975,P0152,26-04-2024,0,10,Card,Shipped
O008520,C01900,P0192,19-05-2024,2,0,Cash,Delivered
O008521,C01221,P0216,28-06-2025,0,0,Card,Cancelled
O008522,C01550,P0425,30-03-2024,3,0,Cash,Shipped
O008523,C01456,P0069,09-01-2025,4,10,Upi,Delivered
O008524,C00986,P0203,10-04-2025,2,20,Upi,Shipped
O008525,C01188,P0045,10-01-2025,0,10,Cash,Cancelled
O008526,C01253,P0079,20-06-2024,4,10,Upi,Returned
O008527,C00345,P0091,24-12-2024,1,20,Upi,Shipped
O008528,C01006,P0381,10-10-2024,4,110,Upi,Returned
O008529,C00966,P0204,06-11-2024,0,20,Cash,Cancelled
O008530,C01174,P0041,05-07-2025,2,110,Upi,Shipped
O008531,C00704,P0452,01-03-2025,0,10,Cash,Returned
O008532,C01576,P0031,15-01-2024,2,0,Card,Cancelled
O008533,C00806,P0027,24-05-2024,0,0,Cash,Shipped
O008534,C00584,P0148,18-01-2024,4,15,Upi,Cancelled
O008535,C01861,P0087,10-05-2025,1,0,Cash,Delivered
O008536,C00471,P0428,30-08-2024,2,0,Upi,Delivered
O008537,C01432,P0467,05-05-2025,3,110,Card,Shipped
O008538,C00585,P0436,26-04-2024,1,0,Upi,Cancelled
O008539,C01566,P0328,03-10-2025,1,10,Card,Delivered
O008540,C00929,P0062,11-11-2024,4,20,Card,Shipped
O008541,C01430,P0154,05-08-2025,2,10,Upi,Returned
O008542,C00207,P0133,19-01-2025,3,0,Upi,Delivered
O008543,C00411,P0457,14-11-2025,3,20,Cash,Cancelled
O008544,C00438,P0323,15-08-2024,2,20,Upi,Delivered
O008545,C01904,P0201,16-05-2025,0,10,Upi,Shipped
O008546,C01423,P0390,05-06-2025,4,15,Upi,Delivered
O008547,C00001,P0190,17-06-2024,4,15,Upi,Delivered
O008548,C01311,P0093,23-02-2025,2,0,Card,Delivered
O008549,C01554,P0371,12-05-2024,2,0,Card,Shipped
O008550,C00586,P0440,01-09-2024,2,20,Upi,Delivered
O008551,C01599,P0484,04-05-2024,3,110,Upi,Returned
O008552,C01777,P0061,28-02-2025,0,0,Upi,Delivered
O008553,C01163,P0155,25-04-2024,3,0,Card,Returned
O008554,C01881,P0390,21-10-2025,2,0,Upi,Returned
O008555,C01825,P0484,06-05-2024,4,20,Upi,Delivered
O008556,C00624,P0441,07-06-2025,0,0,Upi,Cancelled
O008557,C00214,P0441,03-02-2024,4,10,Cash,Cancelled
O008558,C01214,P0160,20-10-2025,4,10,Cash,Returned
O008559,C00110,P0435,11-03-2024,1,0,Upi,Delivered
O008560,C01631,P0481,27-03-2025,2,10,Card,Delivered
O008561,C01273,P0426,06-01-2024,2,20,Upi,Returned
O008562,C01689,P0402,13-07-2024,3,20,Card,Returned
O008563,C00317,P0424,27-06-2024,2,20,Card,Delivered
O008564,C00881,P0305,23-09-2025,2,0,Card,Delivered
O008565,C01355,P0186,18-03-2025,2,0,Upi,Cancelled
O008566,C01413,P0296,23-10-2025,3,10,Cash,Delivered
O008567,C00884,P0127,14-12-2024,3,10,Card,Returned
O008568,C00009,P0341,18-10-2024,2,20,Upi,Delivered
O008569,C00712,P0039,09-05-2025,2,0,Cash,Returned
O008570,C00381,P0233,17-08-2025,2,20,Cash,Shipped
O008571,C01720,P0426,18-10-2025,2,0,Card,Cancelled
O008572,C00008,P0236,13-08-2024,3,0,Upi,Delivered
O008573,C01266,P0254,18-02-2024,2,0,Upi,Cancelled
O008574,C01524,P0113,05-02-2025,1,0,Upi,Shipped
O008575,C00355,P0356,10-02-2024,3,110,Upi,Returned
O008576,C01025,P0166,04-08-2025,3,0,Card,Shipped
O008577,C01606,P0400,13-05-2024,1,10,Upi,Delivered
O008578,C00430,P0401,07-10-2024,3,110,Card,Delivered
O008579,C01348,P0381,22-04-2025,1,10,Upi,Returned
O008580,C00091,P0042,22-05-2025,3,10,Card,Cancelled
O008581,C01501,P0320,25-04-2024,3,20,Upi,Returned
O008582,C00976,P0353,03-05-2024,2,0,Upi,Returned
O008583,C01741,P0197,07-05-2024,4,15,Card,Delivered
O008584,C01609,P0036,15-10-2025,2,20,Cash,Delivered
O008585,C00188,P0134,01-10-2025,0,0,Cash,Delivered
O008586,C00216,P0305,07-10-2024,2,10,Card,Delivered
O008587,C00834,P9999,16-02-2024,4,20,Card,Returned
O008588,C00083,P0309,23-08-2024,2,20,Upi,Cancelled
O008589,C00070,P0125,27-07-2024,3,10,Cash,Delivered
O008590,C00986,P0302,24-08-2024,4,20,Upi,Shipped
O008591,C00200,P0081,08-11-2025,2,0,Upi,Returned
O008592,C00097,P0367,06-02-2025,1,0,Card,Delivered
O008593,C01013,P0389,11-08-2025,1,0,Upi,Shipped
O008594,C00817,P0256,01-01-2024,0,0,Cash,Returned
O008595,C00702,P0140,11-05-2024,2,0,Cash,Shipped
O008596,C00741,P0481,20-02-2024,4,20,Cash,Cancelled
O008597,C01484,P0434,15-01-2024,0,10,Upi,Shipped
O008598,C00231,P0111,17-09-2025,4,20,Cash,Shipped
O008599,C01190,P0171,30-01-2024,2,0,Upi,Delivered
O008600,C00688,P0046,01-02-2024,1,10,Upi,Returned
O008601,C00222,P0465,11-03-2024,0,10,Card,Delivered
O008602,C01626,P0109,14-04-2024,4,20,Upi,Shipped
O008603,C01140,P0311,03-03-2025,2,20,Cash,Delivered
O008604,C01886,P0260,11-05-2025,4,20,Cash,Shipped
O008605,C01032,P0357,19-03-2025,2,10,Card,Cancelled
O008606,C00145,P0214,18-04-2025,1,20,Upi,Returned
O008607,C00195,P0352,03-07-2025,2,110,Cash,Returned
O008608,C00456,P0167,16-11-2024,2,20,Card,Returned
O008609,C00431,P0388,02-05-2024,0,20,Cash,Delivered
O008610,C00919,P0238,16-11-2025,4,15,Cash,Delivered
O008611,C00291,P0040,09-09-2024,0,0,Card,Cancelled
O008612,C00687,P0088,08-01-2024,2,10,Cash,Delivered
O008613,C00537,P0218,10-06-2024,3,10,Upi,Delivered
O008614,C00273,P0264,18-11-2024,3,110,Upi,Shipped
O008615,C00408,P0197,22-02-2025,2,0,Card,Delivered
O008616,C01553,P0304,18-05-2024,3,110,Upi,Delivered
O008617,C00984,P0365,26-09-2025,1,20,Upi,Delivered
O008618,C00365,P0315,28-10-2025,3,0,Card,Cancelled
O008619,C01846,P0142,13-09-2025,1,0,Upi,Shipped
O008620,C00112,P0155,19-07-2024,2,0,Card,Delivered
O008621,C01502,P0164,04-11-2025,0,0,Card,Returned
O008622,C01071,P0290,08-01-2025,2,0,Upi,Delivered
O008623,C00031,P0100,05-06-2024,2,0,Upi,Cancelled
O008624,C01309,P0246,27-06-2024,2,20,Upi,Delivered
O008625,C01805,P0304,10-08-2025,4,10,Upi,Cancelled
O008626,C00024,P0398,31-01-2024,3,20,Upi,Delivered
O008627,C00845,P0118,22-11-2025,1,0,Upi,Delivered
O008628,C01045,P0073,22-04-2024,3,0,Upi,Cancelled
O008629,C00018,P0343,24-04-2024,2,110,Upi,Cancelled
O008630,C01332,P0041,15-03-2025,2,10,Upi,Shipped
O008631,C01170,P0398,22-03-2025,4,10,Cash,Returned
O008632,C00684,P0047,20-04-2024,4,20,Upi,Cancelled
O008633,C00867,P0403,10-09-2025,3,10,Card,Cancelled
O008634,C00751,P0480,03-04-2024,0,10,Upi,Returned
O008635,C01884,P0045,22-08-2024,1,10,Upi,Delivered
O008636,C00081,P0432,03-06-2024,1,10,Upi,Cancelled
O008637,C01154,P0084,04-04-2025,4,15,Upi,Delivered
O008638,C01488,P0455,21-05-2024,2,0,Cash,Shipped
O008639,C00842,P0137,17-11-2024,2,0,Upi,Delivered
O008640,C00499,P0084,07-03-2024,2,0,Cash,Returned
O008641,C00773,P0423,12-07-2024,2,10,Upi,Delivered
O008642,C01617,P0363,01-04-2024,0,0,Upi,Returned
O008643,C01144,P0300,31-10-2025,1,10,Card,Cancelled
O008644,C01245,P0369,09-02-2024,0,0,Card,Delivered
O008645,C01044,P0129,02-03-2025,0,0,Card,Cancelled
O008646,C00649,P0106,22-09-2024,2,10,Upi,Cancelled
O008647,C00719,P0347,14-01-2024,2,0,Upi,Shipped
O008648,C01795,P0349,09-08-2025,2,20,Upi,Delivered
O008649,C01656,P0480,18-06-2024,1,0,Upi,Delivered
O008650,C01873,P0437,31-12-2024,3,20,Upi,Shipped
O008651,C01634,P0307,05-12-2024,4,10,Upi,Delivered
O008652,C01178,P0494,01-06-2024,0,20,Card,Delivered
O008653,C00543,P0199,14-10-2024,2,110,Upi,Shipped
O008654,C01372,P0496,01-12-2025,3,10,Cash,Returned
O008655,C01665,P0435,02-01-2025,1,0,Cash,Delivered
O008656,C01375,P0137,16-11-2024,0,10,Cash,Cancelled
O008657,C01069,P0333,26-08-2025,1,0,Card,Delivered
O008658,C99999,P0486,03-09-2024,3,20,Upi,Delivered
O008659,C00022,P0158,08-01-2025,3,10,Card,Delivered
O008660,C00366,P0172,20-03-2024,4,15,Cash,Cancelled
O008661,C00597,P0273,27-08-2025,4,20,Card,Delivered
O008662,C00325,P0479,25-06-2025,3,0,Upi,Cancelled
O008663,C00902,P0473,25-09-2024,0,10,Card,Delivered
O008664,C00521,P0462,12-11-2025,2,20,Card,Returned
O008665,C00344,P0162,08-07-2025,2,10,Card,Returned
O008666,C01480,P0471,12-12-2024,2,20,Cash,Cancelled
O008667,C01019,P0212,14-08-2025,3,0,Cash,Shipped
O008668,C00113,P0139,15-10-2025,3,10,Upi,Returned
O008669,C01228,P0483,19-07-2025,1,0,Card,Shipped
O008670,C01457,P0159,26-07-2024,2,10,Card,Returned
O008671,C00355,P0058,04-03-2024,4,10,Card,Shipped
O008672,C00706,P0137,06-12-2024,4,110,Card,Cancelled
O008673,C01160,P0019,28-12-2024,2,20,Upi,Delivered
O008674,C01533,P0288,24-05-2024,2,20,Card,Cancelled
O008675,C01533,P0012,12-11-2024,2,0,Upi,Returned
O008676,C00422,P0268,02-05-2025,0,10,Upi,Delivered
O008677,C00734,P0108,29-02-2024,4,110,Upi,Returned
O008678,C00095,P0205,28-05-2025,2,0,Upi,Cancelled
O008679,C00254,P0011,18-02-2025,1,10,Cash,Returned
O008680,C00602,P0168,04-08-2024,2,110,Upi,Returned
O008681,C01177,P0459,20-07-2025,0,0,Upi,Delivered
O008682,C01523,P0218,20-08-2024,2,10,Card,Returned
O008683,C01192,P0136,25-04-2025,2,20,Card,Delivered
O008684,C00681,P0259,15-11-2024,3,10,Upi,Returned
O008685,C01193,P0041,04-07-2024,4,10,Cash,Cancelled
O008686,C00457,P0137,04-10-2025,3,110,Card,Shipped
O008687,C01301,P0222,24-03-2025,0,10,Upi,Shipped
O008688,C00829,P0018,07-11-2025,1,0,Upi,Returned
O008689,C01514,P0265,06-02-2025,1,110,Upi,Delivered
O008690,C01591,P0080,19-08-2025,4,15,Cash,Delivered
O008691,C00137,P0097,30-06-2025,0,0,Upi,Delivered
O008692,C01342,P0283,05-02-2025,1,0,Card,Shipped
O008693,C00516,P0242,15-01-2025,1,0,Card,Delivered
O008694,C00890,P0157,10-01-2024,1,110,Upi,Returned
O008695,C00877,P0457,29-11-2025,3,0,Card,Returned
O008696,C01143,P0429,17-10-2024,1,20,Cash,Delivered
O008697,C01205,P0091,03-02-2025,4,15,Card,Shipped
O008698,C01692,P0034,24-08-2024,2,10,Cash,Returned
O008699,C00430,P0013,24-11-2025,2,0,Cash,Returned
O008700,C01511,P0007,24-02-2025,3,20,Upi,Cancelled
O008701,C01797,P0266,24-09-2025,2,110,Cash,Delivered
O008702,C00922,P0473,30-01-2025,1,20,Cash,Delivered
O008703,C01638,P0359,29-09-2024,1,20,Cash,Returned
O008704,C01394,P0347,30-04-2025,1,0,Upi,Cancelled
O008705,C01068,P0497,08-06-2025,3,0,Card,Returned
O008706,C00696,P0192,17-07-2025,2,10,Card,Delivered
O008707,C01117,P0052,14-02-2025,3,0,Card,Delivered
O008708,C01588,P0019,11-06-2024,4,15,Upi,Delivered
O008709,C00631,P0441,10-08-2025,1,20,Cash,Delivered
O008710,C01387,P0421,27-07-2025,3,20,Cash,Shipped
O008711,C01919,P0489,20-02-2025,4,10,Upi,Shipped
O008712,C01330,P0225,02-06-2024,4,15,Upi,Returned
O008713,C01141,P0217,30-11-2025,2,0,Upi,Delivered
O008714,C01275,P0052,20-05-2024,4,15,Card,Shipped
O008715,C01178,P0123,06-04-2025,4,15,Upi,Delivered
O008716,C00162,P0008,09-11-2025,2,0,Cash,Delivered
O008717,C00695,P0042,07-06-2025,0,110,Upi,Cancelled
O008718,C00781,P0250,30-09-2024,2,0,Card,Shipped
O008719,C00020,P0058,26-07-2024,1,10,Upi,Delivered
O008720,C00666,P0386,14-01-2025,2,110,Upi,Returned
O008721,C01681,P0352,13-03-2024,4,15,Upi,Delivered
O008722,C01492,P0373,08-12-2024,1,0,Cash,Returned
O008723,C01658,P0259,23-10-2025,1,0,Cash,Delivered
O008724,C01182,P0124,15-08-2025,1,0,Upi,Delivered
O008725,C01349,P0283,03-06-2025,4,20,Upi,Delivered
O008726,C01048,P0184,24-03-2025,2,0,Upi,Delivered
O008727,C01436,P0291,20-06-2025,2,10,Card,Delivered
O008728,C01252,P0387,26-04-2024,1,0,Upi,Shipped
O008729,C00871,P0019,14-05-2025,4,15,Upi,Delivered
O008730,C00659,P0327,22-09-2024,2,20,Card,Delivered
O008731,C00774,P0078,22-09-2024,4,20,Cash,Shipped
O008732,C00645,P0163,23-01-2025,1,10,Upi,Returned
O008733,C01630,P0112,25-12-2024,3,20,Cash,Delivered
O008734,C01734,P0081,27-05-2025,4,15,Upi,Cancelled
O008735,C00889,P0370,09-04-2024,3,10,Card,Cancelled
O008736,C01754,P0413,28-03-2024,4,15,Cash,Cancelled
O008737,C00690,P0084,07-09-2024,0,110,Upi,Shipped
O008738,C00317,P0048,03-06-2024,3,0,Card,Delivered
O008739,C00967,P0065,03-09-2025,2,0,Upi,Shipped
O008740,C00133,P0077,25-11-2024,2,0,Upi,Shipped
O008741,C00617,P0376,03-06-2024,0,10,Card,Cancelled
O008742,C00173,P0093,03-12-2024,1,0,Upi,Delivered
O008743,C00357,P0112,19-05-2025,0,0,Card,Delivered
O008744,C00631,P0133,01-01-2025,1,110,Card,Delivered
O008745,C01090,P0164,30-10-2024,3,0,Card,Delivered
O008746,C01918,P0458,13-07-2025,2,20,Upi,Delivered
O008747,C01673,P0143,27-10-2024,1,110,Cash,Delivered
O008748,C00022,P0393,05-11-2024,1,0,Upi,Returned
O008749,C00233,P0067,19-04-2025,1,20,Cash,Delivered
O008750,C01464,P0221,25-04-2025,2,20,Upi,Returned
O008751,C00590,P0023,27-07-2024,2,0,Upi,Returned
O008752,C00389,P0098,18-11-2024,2,0,Upi,Delivered
O008753,C01707,P0174,17-08-2024,0,10,Cash,Delivered
O008754,C01266,P0094,24-03-2025,3,10,Upi,Shipped
O008755,C00455,P0035,13-05-2024,0,110,Card,Cancelled
O008756,C01976,P0385,19-09-2024,3,10,Upi,Returned
O008757,C01220,P0198,22-10-2025,2,0,Upi,Returned
O008758,C00877,P0308,27-02-2024,3,110,Upi,Delivered
O008759,C00974,P0245,22-08-2024,2,110,Upi,Returned
O008760,C00354,P0496,18-04-2024,2,20,Cash,Cancelled
O008761,C01118,P0407,20-09-2024,2,0,Upi,Shipped
O008762,C01791,P0354,06-10-2025,2,20,Cash,Delivered
O008763,C01716,P0055,13-05-2024,2,0,Cash,Delivered
O008764,C00375,P0156,20-02-2025,2,10,Cash,Cancelled
O008765,C01189,P0140,30-12-2024,2,20,Card,Returned
O008766,C01497,P0434,24-10-2025,3,0,Upi,Delivered
O008767,C00402,P0317,19-08-2025,4,20,Card,Shipped
O008768,C00791,P0063,03-07-2024,0,20,Upi,Shipped
O008769,C01998,P0388,03-09-2024,2,10,Upi,Returned
O008770,C01919,P0118,28-01-2025,4,15,Cash,Returned
O008771,C01312,P0137,09-02-2025,3,0,Cash,Delivered
O008772,C00737,P0286,21-05-2024,4,15,Upi,Delivered
O008773,C00987,P0066,28-04-2025,1,20,Upi,Cancelled
O008774,C00275,P0484,06-10-2025,4,10,Card,Shipped
O008775,C00401,P0112,26-08-2024,4,10,Upi,Delivered
O008776,C00604,P0288,12-12-2024,4,10,Card,Returned
O008777,C01410,P0381,02-10-2024,4,20,Cash,Returned
O008778,C01096,P0059,24-04-2025,1,20,Cash,Cancelled
O008779,C00682,P0344,11-01-2024,2,10,Cash,Delivered
O008780,C01523,P0493,27-12-2024,0,20,Cash,Delivered
O008781,C00390,P0128,22-03-2024,1,20,Upi,Returned
O008782,C00014,P0056,21-01-2025,2,20,Cash,Returned
O008783,C01788,P0106,17-07-2025,0,10,Cash,Delivered
O008784,C00875,P0259,29-01-2024,1,110,Upi,Returned
O008785,C01828,P0094,06-07-2025,1,0,Upi,Returned
O008786,C00672,P0201,01-04-2025,1,0,Upi,Cancelled
O008787,C00657,P0481,15-07-2024,4,110,Card,Returned
O008788,C01921,P0118,21-04-2024,1,10,Card,Shipped
O008789,C01907,P0478,20-02-2025,2,0,Card,Returned
O008790,C00092,P0290,08-05-2025,4,10,Upi,Delivered
O008791,C00180,P0358,17-10-2025,3,10,Card,Delivered
O008792,C00997,P0039,07-03-2025,0,10,Cash,Delivered
O008793,C00787,P0426,26-02-2024,2,110,Upi,Cancelled
O008794,C01172,P0453,04-01-2025,4,110,Card,Delivered
O008795,C01278,P0329,23-08-2025,4,20,Upi,Delivered
O008796,C01658,P0227,14-12-2024,0,0,Card,Cancelled
O008797,C01197,P0332,10-09-2025,0,10,Upi,Shipped
O008798,C00496,P0356,22-01-2024,0,0,Card,Cancelled
O008799,C00647,P0230,14-10-2025,4,110,Card,Delivered
O008800,C00328,P0199,03-11-2025,1,110,Upi,Shipped
O008801,C00835,P0194,24-04-2025,0,0,Upi,Shipped
O008802,C00466,P0127,09-01-2025,0,0,Cash,Returned
O008803,C00161,P0461,19-06-2025,1,10,Card,Delivered
O008804,C01080,P0129,24-01-2025,1,20,Upi,Shipped
O008805,C00785,P0206,13-01-2024,0,0,Upi,Shipped
O008806,C00330,P0248,18-06-2024,2,20,Upi,Returned
O008807,C00861,P0303,07-01-2025,2,0,Cash,Returned
O008808,C01572,P0468,21-01-2024,2,20,Upi,Delivered
O008809,C00609,P0181,28-09-2025,2,0,Upi,Delivered
O008810,C00917,P0081,30-11-2025,0,0,Cash,Shipped
O008811,C01881,P0085,16-08-2024,1,10,Cash,Delivered
O008812,C00376,P0496,22-04-2025,2,20,Upi,Delivered
O008813,C00961,P0371,09-10-2025,2,10,Cash,Delivered
O008814,C01477,P0363,09-11-2025,4,20,Upi,Cancelled
O008815,C00912,P0421,09-01-2024,0,0,Upi,Delivered
O008816,C01877,P0308,25-02-2024,1,0,Upi,Returned
O008817,C01862,P0022,05-10-2025,1,10,Card,Cancelled
O008818,C01380,P0499,19-05-2025,4,15,Cash,Shipped
O008819,C00324,P0125,18-01-2024,1,0,Upi,Cancelled
O008820,C00413,P0412,20-01-2025,3,10,Upi,Shipped
O008821,C01992,P0368,27-05-2025,0,20,Upi,Delivered
O008822,C00001,P0379,30-12-2024,2,10,Card,Delivered
O008823,C01782,P0023,22-11-2024,3,10,Upi,Delivered
O008824,C01261,P0111,08-01-2025,1,10,Card,Returned
O008825,C01435,P0102,22-05-2024,0,0,Cash,Delivered
O008826,C00709,P0187,09-10-2025,0,110,Upi,Delivered
O008827,C00251,P0020,21-02-2024,4,20,Upi,Shipped
O008828,C00494,P0431,12-08-2024,3,110,Card,Delivered
O008829,C00486,P0317,20-07-2024,2,10,Upi,Delivered
O008830,C01448,P0374,27-01-2024,2,0,Card,Delivered
O008831,C01730,P0405,18-02-2024,3,10,Upi,Returned
O008832,C00652,P0142,20-11-2024,2,10,Cash,Delivered
O008833,C00279,P0131,14-11-2025,3,20,Upi,Delivered
O008834,C01122,P0248,16-03-2025,2,10,Upi,Delivered
O008835,C00311,P0167,05-04-2024,2,20,Card,Returned
O008836,C01323,P0466,13-12-2024,0,20,Cash,Returned
O008837,C00997,P0480,12-06-2025,3,0,Card,Delivered
O008838,C00035,P0110,02-02-2024,4,20,Cash,Delivered
O008839,C01771,P0045,20-03-2024,2,20,Upi,Delivered
O008840,C00528,P0147,14-06-2025,2,0,Card,Returned
O008841,C01276,P0396,12-06-2024,0,110,Card,Cancelled
O008842,C01454,P0451,11-11-2025,2,20,Upi,Delivered
O008843,C00535,P0288,14-11-2024,3,0,Card,Delivered
O008844,C00571,P0174,04-06-2024,3,20,Upi,Returned
O008845,C00455,P0200,28-05-2025,2,0,Upi,Returned
O008846,C01247,P0261,08-02-2024,4,110,Upi,Delivered
O008847,C01303,P0080,10-09-2025,3,10,Upi,Shipped
O008848,C01953,P0360,02-09-2024,2,0,Upi,Cancelled
O008849,C01550,P0417,04-03-2025,2,110,Upi,Delivered
O008850,C01301,P0212,17-03-2024,4,20,Upi,Shipped
O008851,C01579,P0268,13-06-2024,0,10,Card,Delivered
O008852,C00754,P0213,26-05-2024,2,20,Cash,Cancelled
O008853,C01451,P0334,16-04-2025,4,20,Upi,Delivered
O008854,C01516,P0380,19-03-2024,3,0,Upi,Delivered
O008855,C00121,P0319,13-01-2024,0,0,Cash,Delivered
O008856,C01518,P0136,01-03-2024,2,10,Cash,Shipped
O008857,C01940,P0177,30-11-2024,0,0,Cash,Returned
O008858,C00276,P0463,14-10-2024,0,20,Card,Cancelled
O008859,C01298,P0054,28-08-2025,4,110,Upi,Shipped
O008860,C00050,P0389,12-09-2024,1,20,Cash,Shipped
O008861,C01300,P0141,16-03-2025,2,10,Upi,Shipped
O008862,C01162,P0380,29-02-2024,2,20,Cash,Delivered
O008863,C00499,P0254,16-10-2025,2,20,Upi,Returned
O008864,C00086,P9999,12-03-2024,3,0,Cash,Cancelled
O008865,C00134,P0368,18-09-2024,2,0,Upi,Cancelled
O008866,C00398,P0119,18-10-2025,2,0,Upi,Shipped
O008867,C01518,P0055,27-04-2024,2,0,Cash,Returned
O008868,C01951,P0455,07-07-2024,1,20,Upi,Returned
O008869,C00080,P0220,26-01-2024,2,0,Cash,Cancelled
O008870,C00639,P0165,15-06-2024,2,0,Upi,Shipped
O008871,C01006,P0058,22-11-2024,4,15,Cash,Returned
O008872,C00599,P0489,08-01-2025,2,0,Upi,Returned
O008873,C01757,P0257,09-04-2024,2,10,Upi,Returned
O008874,C01800,P0393,09-09-2025,2,10,Card,Shipped
O008875,C01464,P0158,29-08-2024,2,110,Upi,Delivered
O008876,C01513,P0067,07-04-2025,0,10,Cash,Returned
O008877,C01362,P0319,29-06-2025,3,10,Upi,Delivered
O008878,C00686,P0177,26-09-2024,2,10,Cash,Delivered
O008879,C01500,P0325,07-04-2024,3,0,Cash,Returned
O008880,C00536,P0376,22-07-2024,2,20,Cash,Cancelled
O008881,C00772,P0419,28-11-2025,4,20,Card,Shipped
O008882,C01490,P0255,31-07-2024,2,110,Cash,Cancelled
O008883,C01403,P0137,03-07-2024,2,0,Cash,Cancelled
O008884,C00511,P0341,25-07-2024,2,10,Upi,Returned
O008885,C00840,P0475,10-03-2025,2,0,Upi,Returned
O008886,C01082,P0291,07-05-2025,1,0,Cash,Shipped
O008887,C01243,P0348,14-03-2025,3,20,Card,Delivered
O008888,C01881,P0383,28-03-2025,1,20,Cash,Returned
O008889,C00177,P0186,07-03-2024,2,20,Cash,Delivered
O008890,C01006,P0335,16-05-2024,2,20,Upi,Delivered
O008891,C01621,P0271,17-05-2024,3,0,Upi,Shipped
O008892,C00149,P0442,23-10-2025,2,110,Cash,Shipped
O008893,C00326,P0191,29-04-2025,4,10,Cash,Delivered
O008894,C01984,P0283,30-05-2025,2,10,Upi,Cancelled
O008895,C01139,P0020,04-12-2024,4,15,Card,Delivered
O008896,C01727,P0497,09-06-2024,2,20,Cash,Cancelled
O008897,C00132,P0484,19-02-2025,4,15,Cash,Delivered
O008898,C00073,P0056,03-02-2025,0,20,Card,Delivered
O008899,C01206,P0107,08-05-2024,3,20,Card,Delivered
O008900,C01957,P0180,28-05-2025,4,110,Upi,Shipped
O008901,C00294,P0336,27-09-2024,3,0,Upi,Delivered
O008902,C00224,P0199,12-07-2024,2,0,Upi,Shipped
O008903,C00740,P0195,19-10-2024,2,0,Card,Shipped
O008904,C00079,P0193,25-08-2025,1,10,Upi,Returned
O008905,C00316,P0023,23-12-2024,1,10,Card,Shipped
O008906,C00705,P0297,04-01-2024,1,0,Cash,Shipped
O008907,C01239,P0361,04-05-2025,3,20,Card,Shipped
O008908,C01022,P0007,12-03-2025,0,20,Upi,Shipped
O008909,C01192,P0481,05-04-2025,0,0,Upi,Delivered
O008910,C01353,P0337,21-05-2024,2,0,Card,Returned
O008911,C01882,P0336,06-01-2024,1,10,Upi,Cancelled
O008912,C01041,P0258,26-04-2025,3,0,Card,Shipped
O008913,C01137,P0181,17-07-2024,2,10,Upi,Delivered
O008914,C01660,P0350,01-10-2025,3,0,Upi,Shipped
O008915,C00591,P0126,08-01-2025,4,10,Card,Cancelled
O008916,C01281,P0003,02-10-2024,4,15,Upi,Returned
O008917,C00172,P0151,09-06-2024,3,10,Card,Returned
O008918,C00554,P0458,06-08-2025,0,0,Upi,Shipped
O008919,C00502,P0133,31-03-2025,1,10,Card,Cancelled
O008920,C00972,P0358,15-09-2025,2,0,Upi,Delivered
O008921,C01147,P0174,20-10-2024,3,0,Upi,Shipped
O008922,C01280,P0338,29-12-2024,0,0,Upi,Delivered
O008923,C01510,P0245,27-09-2025,0,20,Cash,Shipped
O008924,C01471,P0110,28-07-2024,2,20,Cash,Delivered
O008925,C00883,P0482,26-02-2025,2,0,Card,Cancelled
O008926,C00217,P0291,25-07-2024,3,0,Upi,Delivered
O008927,C01749,P0310,03-09-2024,0,10,Upi,Cancelled
O008928,C01882,P0462,29-10-2024,3,0,Cash,Delivered
O008929,C01873,P0131,26-08-2024,2,10,Cash,Cancelled
O008930,C00007,P0482,28-08-2024,4,15,Card,Cancelled
O008931,C00391,P0391,03-10-2024,3,10,Card,Shipped
O008932,C01182,P0359,26-10-2025,2,0,Upi,Delivered
O008933,C00742,P0250,18-09-2024,0,110,Cash,Shipped
O008934,C00328,P0184,04-08-2024,0,0,Cash,Delivered
O008935,C01153,P0070,28-01-2024,3,0,Upi,Shipped
O008936,C00132,P0405,25-04-2024,1,110,Cash,Delivered
O008937,C01364,P0304,26-10-2025,4,10,Upi,Delivered
O008938,C01487,P0371,31-10-2024,2,20,Card,Returned
O008939,C01862,P0026,03-09-2024,3,0,Card,Returned
O008940,C01424,P0165,11-05-2025,2,0,Card,Returned
O008941,C01341,P0394,27-07-2025,4,15,Card,Returned
O008942,C00447,P0436,10-11-2024,3,0,Card,Returned
O008943,C01117,P0337,29-05-2025,0,10,Upi,Shipped
O008944,C01971,P0268,07-04-2024,2,20,Upi,Delivered
O008945,C00313,P0110,30-10-2025,4,10,Upi,Shipped
O008946,C00237,P0298,21-10-2024,1,0,Card,Delivered
O008947,C00986,P0155,30-11-2025,3,0,Card,Delivered
O008948,C00159,P0062,04-06-2025,1,20,Card,Shipped
O008949,C01995,P0013,22-05-2025,2,0,Upi,Delivered
O008950,C00818,P0007,04-08-2025,3,20,Cash,Returned
O008951,C01191,P0460,19-02-2025,3,20,Cash,Delivered
O008952,C00339,P0132,12-10-2024,2,0,Card,Shipped
O008953,C01830,P0184,26-05-2025,2,20,Upi,Delivered
O008954,C00307,P0067,09-11-2025,4,10,Cash,Cancelled
O008955,C01739,P0129,26-05-2024,1,0,Card,Shipped
O008956,C00813,P0465,09-10-2025,1,0,Card,Delivered
O008957,C01413,P0293,19-02-2024,3,0,Cash,Delivered
O008958,C01825,P0444,20-08-2025,4,15,Card,Cancelled
O008959,C00387,P0435,25-06-2024,3,0,Upi,Delivered
O008960,C01939,P0409,24-10-2025,3,110,Cash,Delivered
O008961,C00737,P0336,24-01-2024,0,110,Upi,Cancelled
O008962,C01570,P0323,24-08-2024,0,0,Card,Delivered
O008963,C00687,P0352,14-10-2024,2,110,Cash,Delivered
O008964,C00268,P0164,19-05-2025,1,0,Cash,Cancelled
O008965,C01357,P0381,20-04-2025,1,0,Card,Delivered
O008966,C00890,P0179,26-04-2024,3,110,Card,Returned
O008967,C01961,P0138,27-02-2025,1,20,Cash,Delivered
O008968,C01107,P0103,02-09-2024,2,10,Upi,Cancelled
O008969,C01504,P0065,11-04-2024,2,0,Upi,Returned
O008970,C00267,P0364,11-11-2025,2,0,Card,Cancelled
O008971,C00035,P0087,24-09-2024,1,0,Upi,Delivered
O008972,C01423,P0014,21-10-2025,2,20,Card,Delivered
O008973,C01240,P0009,03-11-2025,2,0,Card,Delivered
O008974,C00672,P0462,26-08-2024,0,20,Cash,Returned
O008975,C00683,P0485,11-04-2025,0,10,Cash,Delivered
O008976,C00082,P0113,11-07-2025,1,110,Cash,Cancelled
O008977,C01032,P0206,26-08-2025,3,0,Card,Delivered
O008978,C00911,P0452,08-03-2024,4,15,Card,Shipped
O008979,C01511,P0039,04-11-2024,2,10,Upi,Delivered
O008980,C00718,P0074,08-05-2024,4,10,Card,Cancelled
O008981,C01365,P0254,16-05-2025,2,20,Card,Delivered
O008982,C01240,P0060,09-09-2024,2,0,Cash,Delivered
O008983,C00931,P0026,13-04-2024,2,10,Upi,Cancelled
O008984,C00123,P0417,22-09-2024,2,0,Card,Delivered
O008985,C01130,P0205,22-07-2025,1,0,Cash,Delivered
O008986,C01365,P0061,17-07-2024,0,20,Upi,Returned
O008987,C01929,P0260,18-06-2024,2,10,Upi,Cancelled
O008988,C01866,P0025,21-09-2025,0,0,Cash,Cancelled
O008989,C00373,P0279,26-05-2024,3,10,Upi,Cancelled
O008990,C01808,P0375,08-06-2025,2,10,Upi,Shipped
O008991,C99999,P0145,14-12-2024,2,10,Cash,Delivered
O008992,C01553,P0219,19-07-2025,4,15,Upi,Shipped
O008993,C00409,P0455,15-08-2025,0,0,Upi,Cancelled
O008994,C00286,P0349,11-02-2025,2,20,Card,Delivered
O008995,C00634,P0099,19-07-2024,0,0,Cash,Cancelled
O008996,C00960,P0087,08-09-2025,1,0,Upi,Delivered
O008997,C00055,P0162,26-11-2025,4,10,Card,Shipped
O008998,C00556,P0278,02-05-2024,0,0,Card,Returned
O008999,C00238,P0128,04-06-2025,0,20,Upi,Returned
O009000,C01335,P0248,08-10-2025,0,20,Upi,Delivered
O009001,C01321,P0382,22-10-2024,0,110,Card,Delivered
O009002,C01277,P0326,28-03-2024,4,10,Cash,Returned
O009003,C01740,P0460,23-05-2025,0,10,Cash,Cancelled
O009004,C01326,P0283,17-05-2024,1,0,Upi,Shipped
O009005,C01863,P0393,13-10-2024,4,15,Card,Cancelled
O009006,C00926,P0035,24-09-2025,2,110,Upi,Returned
O009007,C00994,P0144,19-02-2024,0,10,Card,Shipped
O009008,C01515,P0173,17-07-2025,0,110,Card,Delivered
O009009,C01009,P0297,14-01-2024,2,0,Upi,Cancelled
O009010,C01048,P0108,15-09-2024,3,0,Upi,Shipped
O009011,C01715,P0111,29-09-2025,4,15,Card,Returned
O009012,C01520,P0306,03-06-2024,2,0,Card,Cancelled
O009013,C01443,P0343,12-07-2025,4,15,Upi,Delivered
O009014,C00119,P0246,09-07-2024,3,20,Upi,Cancelled
O009015,C01916,P0039,09-03-2025,0,0,Card,Delivered
O009016,C00520,P0228,16-01-2024,4,15,Cash,Delivered
O009017,C00416,P0411,23-03-2025,0,110,Cash,Delivered
O009018,C00816,P0008,29-05-2025,0,0,Card,Delivered
O009019,C01719,P0475,05-06-2024,2,110,Upi,Shipped
O009020,C01814,P0342,07-04-2024,2,20,Upi,Shipped
O009021,C00167,P0070,21-09-2025,4,10,Cash,Cancelled
O009022,C00595,P0477,10-08-2025,4,10,Cash,Shipped
O009023,C01530,P0127,05-07-2024,4,15,Upi,Delivered
O009024,C01823,P0182,14-07-2024,1,0,Cash,Returned
O009025,C01926,P0021,10-11-2024,1,10,Upi,Delivered
O009026,C00533,P0227,03-08-2024,1,0,Upi,Cancelled
O009027,C01305,P0488,02-09-2025,0,0,Upi,Cancelled
O009028,C01615,P0130,03-04-2025,0,110,Card,Delivered
O009029,C00890,P0043,18-05-2025,1,0,Upi,Delivered
O009030,C00213,P0085,27-03-2025,3,0,Upi,Cancelled
O009031,C01639,P0446,02-03-2024,2,10,Cash,Shipped
O009032,C01730,P0346,12-04-2024,2,10,Card,Delivered
O009033,C00983,P0154,02-01-2024,2,0,Upi,Delivered
O009034,C01945,P0491,21-02-2024,0,10,Upi,Cancelled
O009035,C01499,P0214,27-09-2025,2,10,Upi,Shipped
O009036,C00812,P0300,09-01-2024,3,0,Upi,Cancelled
O009037,C00361,P0424,13-12-2024,1,20,Upi,Cancelled
O009038,C01138,P0379,16-09-2024,4,15,Cash,Shipped
O009039,C00724,P0164,31-10-2025,2,110,Upi,Delivered
O009040,C01023,P0256,26-08-2025,1,20,Cash,Shipped
O009041,C01987,P0494,11-02-2024,4,15,Card,Shipped
O009042,C01297,P0031,18-03-2024,2,110,Upi,Cancelled
O009043,C01453,P0092,06-05-2024,3,20,Cash,Shipped
O009044,C01455,P0346,07-08-2024,3,0,Cash,Delivered
O009045,C01693,P0164,22-01-2024,2,0,Upi,Delivered
O009046,C00981,P0343,19-09-2025,2,0,Upi,Returned
O009047,C01392,P0235,19-03-2024,2,20,Card,Delivered
O009048,C01510,P0369,01-10-2025,1,0,Cash,Delivered
O009049,C01466,P0019,22-07-2025,0,0,Card,Cancelled
O009050,C00864,P0465,03-06-2025,2,110,Upi,Cancelled
O009051,C00919,P0372,02-03-2024,1,0,Upi,Delivered
O009052,C00333,P0192,18-07-2024,4,15,Upi,Returned
O009053,C01587,P0464,22-03-2024,1,110,Card,Shipped
O009054,C01694,P0050,24-09-2024,2,20,Cash,Cancelled
O009055,C01642,P0370,19-05-2024,2,0,Upi,Returned
O009056,C01003,P0303,15-01-2025,4,15,Upi,Shipped
O009057,C00414,P0056,31-08-2025,2,10,Cash,Returned
O009058,C01494,P0086,14-11-2025,4,15,Upi,Shipped
O009059,C01199,P0326,01-05-2025,3,0,Upi,Shipped
O009060,C01049,P0175,30-01-2024,2,10,Upi,Delivered
O009061,C01398,P0037,11-06-2025,0,0,Upi,Delivered
O009062,C01043,P0322,18-08-2024,0,0,Cash,Returned
O009063,C01759,P0122,18-04-2025,3,0,Upi,Returned
O009064,C00862,P0047,02-06-2025,3,110,Upi,Shipped
O009065,C00569,P0289,17-05-2024,2,0,Upi,Returned
O009066,C01932,P0231,29-09-2024,1,10,Card,Cancelled
O009067,C01940,P0235,03-06-2025,0,0,Card,Returned
O009068,C01359,P0048,04-02-2024,1,0,Upi,Delivered
O009069,C00975,P0065,01-08-2024,3,10,Upi,Delivered
O009070,C01310,P0135,11-08-2025,3,10,Upi,Delivered
O009071,C01691,P0321,05-11-2025,2,0,Cash,Cancelled
O009072,C01609,P0461,11-06-2025,2,10,Card,Delivered
O009073,C01765,P0480,23-07-2025,3,20,Upi,Delivered
O009074,C00967,P0097,01-03-2025,1,10,Cash,Returned
O009075,C01690,P0464,10-04-2024,0,110,Card,Delivered
O009076,C00222,P0180,24-05-2024,1,0,Upi,Delivered
O009077,C00393,P0464,15-10-2025,0,0,Card,Returned
O009078,C01703,P0256,13-09-2024,2,10,Cash,Shipped
O009079,C00001,P0141,21-09-2025,2,20,Cash,Delivered
O009080,C01746,P0061,23-10-2024,2,0,Upi,Cancelled
O009081,C01266,P0486,19-05-2025,2,10,Upi,Returned
O009082,C01481,P0454,08-09-2025,0,0,Cash,Shipped
O009083,C00465,P0190,29-03-2025,1,0,Card,Shipped
O009084,C00837,P0359,09-06-2024,1,20,Card,Shipped
O009085,C00586,P0194,22-05-2024,0,20,Card,Cancelled
O009086,C00871,P0335,04-08-2024,1,10,Cash,Delivered
O009087,C00776,P0437,20-04-2025,4,15,Upi,Returned
O009088,C01850,P0009,08-07-2025,4,15,Upi,Delivered
O009089,C01759,P0319,23-09-2025,2,0,Cash,Cancelled
O009090,C00108,P0065,02-02-2024,0,10,Card,Returned
O009091,C00692,P0312,07-06-2024,2,0,Upi,Returned
O009092,C01284,P0368,31-05-2025,1,20,Upi,Returned
O009093,C01828,P0274,18-03-2024,1,10,Upi,Cancelled
O009094,C00206,P0285,01-02-2024,4,20,Cash,Delivered
O009095,C00440,P0270,23-02-2024,1,20,Cash,Delivered
O009096,C01477,P0371,20-12-2024,1,0,Upi,Delivered
O009097,C00672,P0072,30-10-2025,2,10,Upi,Delivered
O009098,C00310,P0376,14-04-2024,0,0,Cash,Shipped
O009099,C01819,P0480,29-11-2025,3,10,Cash,Delivered
O009100,C00049,P0469,05-11-2025,3,0,Upi,Delivered
O009101,C00179,P0490,01-04-2025,1,0,Upi,Returned
O009102,C00362,P0410,08-08-2025,3,10,Upi,Returned
O009103,C00516,P0221,17-10-2024,4,15,Upi,Delivered
O009104,C01989,P0206,17-08-2025,4,20,Card,Returned
O009105,C00027,P0401,08-03-2025,2,20,Upi,Delivered
O009106,C00095,P0322,11-11-2024,0,10,Upi,Returned
O009107,C01866,P0180,29-10-2024,3,10,Card,Delivered
O009108,C01342,P0262,01-10-2025,2,10,Card,Shipped
O009109,C00138,P0146,12-08-2024,3,10,Card,Delivered
O009110,C00694,P0196,09-09-2024,2,0,Upi,Shipped
O009111,C00962,P0035,29-01-2025,4,110,Card,Delivered
O009112,C00305,P0057,19-11-2024,3,110,Cash,Delivered
O009113,C00975,P0203,10-09-2024,0,10,Upi,Delivered
O009114,C00258,P0235,10-04-2024,3,0,Upi,Shipped
O009115,C01547,P0277,23-03-2024,2,0,Upi,Shipped
O009116,C01464,P0291,17-10-2025,2,20,Cash,Shipped
O009117,C00921,P0465,31-10-2024,4,15,Card,Delivered
O009118,C01619,P0470,22-01-2025,2,0,Card,Delivered
O009119,C01578,P0044,03-10-2025,1,0,Cash,Cancelled
O009120,C00780,P0383,22-03-2025,2,110,Upi,Delivered
O009121,C00606,P0452,03-08-2025,0,0,Card,Shipped
O009122,C00132,P0457,13-03-2024,4,15,Card,Delivered
O009123,C01528,P0248,04-03-2024,1,0,Upi,Shipped
O009124,C00304,P0226,02-01-2024,2,20,Upi,Shipped
O009125,C01275,P0168,03-05-2025,1,0,Card,Returned
O009126,C01625,P0240,28-10-2025,0,110,Card,Delivered
O009127,C01176,P0188,29-10-2024,2,110,Cash,Returned
O009128,C01550,P0284,19-06-2024,2,110,Card,Delivered
O009129,C00280,P0393,25-05-2024,0,20,Upi,Cancelled
O009130,C01933,P0124,26-03-2024,3,20,Cash,Delivered
O009131,C00310,P0251,28-04-2024,3,20,Upi,Delivered
O009132,C00181,P0077,26-08-2024,0,20,Upi,Delivered
O009133,C00955,P0198,05-02-2025,2,10,Card,Cancelled
O009134,C01863,P0357,03-12-2024,0,20,Card,Shipped
O009135,C01161,P0174,26-01-2025,0,0,Upi,Returned
O009136,C00289,P0471,21-05-2024,4,10,Cash,Delivered
O009137,C00346,P0359,09-11-2025,2,0,Card,Returned
O009138,C00821,P0185,03-10-2024,4,20,Upi,Cancelled
O009139,C01674,P0273,01-07-2025,3,110,Upi,Returned
O009140,C01245,P0391,27-03-2024,2,10,Upi,Delivered
O009141,C01621,P9999,11-04-2024,1,0,Upi,Shipped
O009142,C00270,P0444,24-07-2024,4,15,Upi,Delivered
O009143,C00925,P0406,09-07-2024,2,10,Cash,Delivered
O009144,C01825,P0087,03-06-2024,1,0,Upi,Returned
O009145,C01656,P0316,03-11-2024,0,10,Cash,Returned
O009146,C01274,P0319,13-07-2024,0,0,Upi,Cancelled
O009147,C00266,P0280,01-02-2025,1,10,Cash,Shipped
O009148,C01902,P0190,07-05-2025,0,0,Upi,Cancelled
O009149,C01883,P0379,26-09-2025,3,110,Cash,Cancelled
O009150,C00624,P0454,30-05-2025,2,0,Card,Delivered
O009151,C01119,P0010,28-02-2025,4,20,Cash,Delivered
O009152,C00649,P0096,28-09-2024,4,10,Upi,Delivered
O009153,C00411,P0129,01-05-2024,2,0,Card,Returned
O009154,C00256,P0266,01-05-2024,2,10,Upi,Cancelled
O009155,C00171,P0074,19-04-2024,3,110,Upi,Shipped
O009156,C01308,P0382,29-09-2024,1,10,Cash,Returned
O009157,C00878,P0425,26-07-2025,4,15,Upi,Shipped
O009158,C00469,P0387,18-03-2025,0,20,Cash,Returned
O009159,C00871,P0361,05-03-2024,1,10,Upi,Delivered
O009160,C00463,P0289,24-09-2024,1,0,Upi,Delivered
O009161,C00539,P0480,22-08-2024,3,0,Upi,Cancelled
O009162,C00084,P0103,19-08-2024,2,20,Upi,Delivered
O009163,C00423,P0436,16-12-2024,2,0,Upi,Shipped
O009164,C01659,P0477,31-01-2024,1,20,Card,Delivered
O009165,C00813,P0238,27-01-2024,3,110,Upi,Delivered
O009166,C00013,P0288,29-09-2024,2,10,Cash,Shipped
O009167,C01117,P0398,10-07-2024,2,0,Card,Shipped
O009168,C00388,P0431,28-11-2024,3,20,Card,Returned
O009169,C00662,P0017,19-01-2024,2,20,Upi,Delivered
O009170,C01212,P0139,08-03-2025,2,0,Cash,Shipped
O009171,C00735,P0459,04-04-2024,3,20,Upi,Delivered
O009172,C00245,P0420,08-10-2025,2,0,Card,Shipped
O009173,C01243,P0382,01-01-2025,1,20,Upi,Delivered
O009174,C00518,P0463,26-09-2024,1,10,Card,Cancelled
O009175,C01774,P0325,13-06-2024,1,110,Cash,Cancelled
O009176,C01344,P0470,02-07-2025,3,20,Cash,Delivered
O009177,C00611,P0053,04-09-2025,3,20,Upi,Returned
O009178,C01241,P0274,27-07-2025,4,20,Card,Delivered
O009179,C00337,P0065,21-06-2024,2,0,Upi,Cancelled
O009180,C01109,P0291,14-08-2024,2,0,Cash,Shipped
O009181,C01933,P0332,14-05-2024,2,0,Upi,Shipped
O009182,C00869,P0372,01-08-2024,4,20,Upi,Delivered
O009183,C00568,P0219,24-10-2025,2,20,Card,Returned
O009184,C01465,P0410,04-10-2024,4,20,Upi,Delivered
O009185,C01982,P0295,01-12-2025,3,10,Cash,Cancelled
O009186,C00784,P0340,09-11-2024,0,0,Card,Cancelled
O009187,C01469,P0311,05-07-2024,0,20,Upi,Returned
O009188,C01823,P0376,26-02-2024,3,0,Upi,Cancelled
O009189,C01819,P0313,27-07-2024,0,20,Cash,Returned
O009190,C00728,P0311,10-05-2025,0,0,Card,Cancelled
O009191,C00901,P0235,19-01-2024,2,20,Card,Delivered
O009192,C01012,P0269,29-07-2024,2,0,Card,Delivered
O009193,C01951,P0476,02-08-2025,2,0,Upi,Cancelled
O009194,C01555,P0128,05-03-2024,0,20,Card,Cancelled
O009195,C00188,P0314,17-03-2024,1,0,Cash,Delivered
O009196,C00027,P0310,11-05-2025,3,10,Card,Shipped
O009197,C01917,P0439,28-01-2025,3,20,Cash,Cancelled
O009198,C01302,P0076,08-09-2024,2,0,Cash,Delivered
O009199,C00223,P0313,02-06-2024,3,0,Upi,Shipped
O009200,C00537,P0494,08-01-2024,0,0,Card,Returned
O009201,C00420,P0175,13-10-2025,2,20,Upi,Shipped
O009202,C00396,P0433,08-01-2025,2,0,Card,Shipped
O009203,C00454,P0348,25-06-2025,0,10,Cash,Delivered
O009204,C00567,P0429,16-04-2024,1,0,Card,Delivered
O009205,C00262,P0245,28-05-2025,4,110,Upi,Shipped
O009206,C00545,P0043,06-07-2025,1,20,Upi,Delivered
O009207,C01184,P0005,10-10-2024,0,20,Upi,Delivered
O009208,C01309,P0039,06-11-2025,2,20,Card,Returned
O009209,C00778,P0438,25-10-2025,3,0,Card,Returned
O009210,C00650,P0214,28-07-2025,1,10,Upi,Delivered
O009211,C01332,P0167,24-06-2025,3,20,Upi,Delivered
O009212,C01524,P0060,25-06-2024,3,0,Cash,Shipped
O009213,C00785,P0268,09-04-2025,0,0,Upi,Shipped
O009214,C01299,P0418,17-07-2024,2,0,Upi,Shipped
O009215,C00896,P0418,11-03-2025,1,20,Cash,Returned
O009216,C01783,P0349,05-05-2025,2,20,Upi,Cancelled
O009217,C00315,P0478,04-08-2025,0,0,Cash,Delivered
O009218,C01169,P0237,05-04-2025,0,20,Cash,Cancelled
O009219,C00134,P0105,26-07-2024,4,15,Cash,Cancelled
O009220,C00421,P0385,24-04-2024,4,110,Card,Delivered
O009221,C01772,P0427,26-02-2024,2,20,Upi,Delivered
O009222,C01701,P0280,03-03-2025,2,20,Upi,Shipped
O009223,C00006,P0409,30-04-2025,2,20,Card,Shipped
O009224,C00267,P0347,19-01-2025,1,0,Cash,Returned
O009225,C01937,P0427,17-10-2025,1,0,Upi,Delivered
O009226,C00316,P0375,08-02-2024,1,0,Upi,Cancelled
O009227,C00798,P0023,18-06-2024,2,20,Upi,Cancelled
O009228,C01187,P0204,17-05-2024,3,0,Upi,Cancelled
O009229,C00523,P0121,13-06-2025,4,110,Upi,Cancelled
O009230,C00389,P0147,21-06-2025,3,10,Upi,Cancelled
O009231,C00088,P0080,16-05-2024,3,0,Cash,Delivered
O009232,C01792,P0253,10-06-2024,1,0,Card,Delivered
O009233,C00663,P0365,01-03-2024,2,10,Upi,Shipped
O009234,C00180,P0182,02-01-2024,0,20,Cash,Returned
O009235,C00664,P0485,20-01-2024,0,10,Upi,Shipped
O009236,C01720,P0042,07-08-2025,0,110,Upi,Shipped
O009237,C01540,P0262,22-12-2024,4,15,Cash,Returned
O009238,C01265,P0074,23-03-2024,2,110,Cash,Shipped
O009239,C00139,P0291,28-02-2024,0,0,Upi,Returned
O009240,C00569,P0088,23-07-2025,3,0,Upi,Delivered
O009241,C00231,P0432,30-04-2024,3,20,Card,Delivered
O009242,C01875,P0360,12-12-2024,2,0,Cash,Cancelled
O009243,C01895,P0409,03-01-2024,4,10,Upi,Delivered
O009244,C01804,P0383,27-11-2025,3,0,Upi,Delivered
O009245,C01716,P0144,04-07-2024,3,20,Cash,Shipped
O009246,C00386,P0472,03-06-2024,2,110,Upi,Delivered
O009247,C01160,P0043,04-03-2025,2,10,Upi,Delivered
O009248,C01012,P0117,09-01-2024,3,10,Upi,Shipped
O009249,C01000,P0492,07-12-2024,2,20,Upi,Returned
O009250,C01921,P0162,27-09-2024,0,10,Card,Delivered
O009251,C01783,P0049,12-12-2024,2,20,Cash,Shipped
O009252,C00313,P0140,19-08-2024,2,10,Cash,Cancelled
O009253,C00114,P0267,11-12-2024,4,10,Upi,Returned
O009254,C00192,P0045,16-07-2024,0,0,Cash,Delivered
O009255,C01040,P0280,03-09-2025,4,15,Card,Delivered
O009256,C01901,P0001,14-11-2025,4,10,Upi,Delivered
O009257,C00746,P0404,29-03-2025,4,20,Upi,Cancelled
O009258,C00634,P0409,29-04-2025,2,0,Upi,Shipped
O009259,C00711,P0488,16-04-2025,2,20,Card,Shipped
O009260,C00633,P0461,08-06-2024,2,110,Card,Shipped
O009261,C00105,P0095,17-10-2025,1,10,Card,Cancelled
O009262,C00472,P0437,21-01-2025,0,20,Upi,Cancelled
O009263,C01577,P0257,30-09-2025,2,20,Card,Cancelled
O009264,C00298,P0338,23-04-2024,2,20,Card,Delivered
O009265,C00569,P0478,24-07-2025,3,10,Cash,Shipped
O009266,C00728,P0320,01-08-2025,2,0,Upi,Delivered
O009267,C00200,P0403,19-07-2024,1,110,Upi,Returned
O009268,C01242,P0072,02-09-2024,0,0,Upi,Shipped
O009269,C00278,P0460,13-01-2024,3,10,Card,Shipped
O009270,C00086,P0006,23-08-2024,3,0,Upi,Delivered
O009271,C01700,P0459,25-07-2024,4,15,Upi,Delivered
O009272,C01946,P0077,07-03-2024,1,10,Cash,Shipped
O009273,C01439,P0178,20-06-2024,1,0,Upi,Delivered
O009274,C00636,P0166,23-03-2025,1,10,Cash,Delivered
O009275,C01807,P0046,10-06-2024,0,0,Cash,Delivered
O009276,C00502,P0340,05-04-2025,3,10,Upi,Returned
O009277,C01845,P0028,09-10-2024,1,20,Upi,Returned
O009278,C00863,P0225,08-11-2024,2,20,Card,Delivered
O009279,C00693,P0308,20-04-2024,2,10,Cash,Delivered
O009280,C00468,P0107,22-08-2024,3,110,Card,Cancelled
O009281,C01833,P0164,03-03-2025,2,20,Upi,Delivered
O009282,C01982,P0114,19-02-2025,2,20,Card,Cancelled
O009283,C01847,P0453,05-08-2024,2,10,Upi,Delivered
O009284,C00481,P0121,24-04-2025,4,15,Cash,Returned
O009285,C01766,P0200,26-11-2024,2,0,Upi,Shipped
O009286,C01082,P0330,25-02-2025,3,20,Card,Delivered
O009287,C01142,P0008,15-11-2024,2,10,Upi,Returned
O009288,C01629,P0322,02-11-2025,4,20,Upi,Cancelled
O009289,C01034,P0008,27-06-2025,2,110,Upi,Cancelled
O009290,C00367,P0390,13-02-2024,1,0,Upi,Delivered
O009291,C00653,P0430,05-02-2025,2,0,Upi,Shipped
O009292,C00792,P0236,25-03-2025,4,10,Cash,Delivered
O009293,C00813,P0289,11-10-2025,0,20,Upi,Returned
O009294,C00666,P0343,11-03-2024,2,0,Card,Shipped
O009295,C01481,P0025,15-01-2024,2,0,Upi,Cancelled
O009296,C00035,P0011,22-10-2025,1,20,Cash,Cancelled
O009297,C01977,P0174,14-09-2024,3,0,Card,Shipped
O009298,C00289,P0278,22-03-2024,4,20,Upi,Delivered
O009299,C00502,P0203,11-01-2024,3,110,Upi,Delivered
O009300,C00406,P0367,20-05-2025,3,10,Cash,Returned
O009301,C01327,P0470,25-04-2025,1,20,Card,Delivered
O009302,C00924,P0339,04-10-2024,2,20,Cash,Cancelled
O009303,C01153,P0310,16-10-2024,3,110,Card,Shipped
O009304,C00038,P0276,18-07-2025,3,20,Upi,Delivered
O009305,C00974,P0493,17-01-2024,1,0,Cash,Delivered
O009306,C00805,P0459,13-03-2025,0,0,Card,Delivered
O009307,C00795,P0281,26-09-2025,0,0,Cash,Delivered
O009308,C00850,P0191,12-09-2024,3,110,Upi,Delivered
O009309,C00486,P0444,10-02-2025,1,0,Upi,Delivered
O009310,C01794,P0484,01-04-2024,2,10,Cash,Delivered
O009311,C00133,P0057,09-03-2024,4,15,Card,Delivered
O009312,C00510,P0421,09-10-2025,1,10,Upi,Delivered
O009313,C01226,P0303,02-05-2025,1,10,Card,Delivered
O009314,C01459,P0383,27-07-2024,2,0,Upi,Cancelled
O009315,C00259,P0169,04-06-2024,0,10,Upi,Cancelled
O009316,C01138,P0292,19-07-2025,3,110,Upi,Delivered
O009317,C01897,P0453,08-05-2024,2,10,Cash,Shipped
O009318,C01137,P0496,27-07-2025,3,0,Card,Cancelled
O009319,C00640,P0240,03-09-2024,1,10,Card,Delivered
O009320,C00957,P0036,01-01-2024,1,10,Upi,Returned
O009321,C01423,P0161,27-05-2024,2,0,Upi,Cancelled
O009322,C01810,P0419,23-06-2024,2,110,Card,Delivered
O009323,C00090,P0265,18-06-2025,1,20,Upi,Cancelled
O009324,C99999,P0262,06-02-2024,1,10,Upi,Shipped
O009325,C00488,P0032,15-05-2024,3,0,Upi,Delivered
O009326,C00799,P0051,13-08-2024,2,0,Card,Delivered
O009327,C01196,P0272,01-06-2025,2,20,Card,Cancelled
O009328,C00704,P0050,24-01-2025,4,20,Cash,Returned
O009329,C01852,P0023,06-06-2025,2,0,Card,Delivered
O009330,C00488,P0028,12-06-2024,4,20,Upi,Shipped
O009331,C00481,P0065,15-02-2024,2,20,Cash,Cancelled
O009332,C01242,P0440,23-11-2025,0,0,Upi,Delivered
O009333,C00811,P0190,18-05-2024,2,20,Upi,Shipped
O009334,C01406,P0155,15-06-2024,3,20,Upi,Returned
O009335,C01895,P0447,30-10-2024,0,0,Upi,Returned
O009336,C00221,P0358,03-11-2024,2,110,Upi,Shipped
O009337,C01268,P0046,24-07-2024,3,20,Card,Shipped
O009338,C00280,P0075,08-10-2024,0,10,Upi,Shipped
O009339,C00683,P0102,09-10-2024,0,10,Upi,Delivered
O009340,C00115,P0017,21-04-2024,4,20,Card,Delivered
O009341,C00710,P0167,28-09-2025,2,20,Cash,Delivered
O009342,C01759,P0422,29-11-2025,0,0,Cash,Cancelled
O009343,C01087,P0480,05-12-2024,0,110,Upi,Cancelled
O009344,C00161,P0050,11-08-2024,2,10,Cash,Delivered
O009345,C00107,P0280,28-10-2025,4,15,Cash,Delivered
O009346,C01822,P0306,26-07-2024,2,0,Cash,Delivered
O009347,C00607,P0333,07-11-2025,4,15,Upi,Delivered
O009348,C01550,P0480,03-08-2025,2,10,Upi,Shipped
O009349,C00455,P0139,07-11-2024,4,20,Upi,Returned
O009350,C01677,P0490,25-07-2024,4,20,Upi,Returned
O009351,C00970,P0280,05-05-2025,3,110,Card,Delivered
O009352,C00850,P0458,03-10-2024,3,10,Card,Cancelled
O009353,C01328,P0045,19-09-2024,2,10,Upi,Returned
O009354,C01612,P0391,07-04-2025,4,10,Cash,Returned
O009355,C00840,P0122,12-02-2025,0,20,Upi,Returned
O009356,C00192,P0483,05-11-2024,4,15,Cash,Shipped
O009357,C01329,P0432,17-02-2024,0,20,Cash,Delivered
O009358,C00488,P0479,25-05-2024,2,20,Card,Cancelled
O009359,C00032,P0199,01-07-2024,4,15,Card,Delivered
O009360,C00004,P0163,27-08-2024,2,0,Card,Shipped
O009361,C00178,P0387,14-06-2024,0,20,Upi,Returned
O009362,C00408,P0431,27-05-2024,2,10,Upi,Cancelled
O009363,C00625,P0125,20-04-2024,3,0,Upi,Shipped
O009364,C01471,P0288,25-09-2025,2,110,Cash,Returned
O009365,C00393,P0410,21-03-2025,1,10,Cash,Delivered
O009366,C00234,P0366,23-03-2025,0,20,Upi,Delivered
O009367,C00280,P0238,14-08-2024,4,10,Upi,Delivered
O009368,C01483,P0072,01-07-2025,4,20,Cash,Cancelled
O009369,C00373,P0005,09-06-2024,2,10,Upi,Delivered
O009370,C00381,P0297,17-08-2025,2,110,Upi,Returned
O009371,C00875,P0379,25-09-2025,4,20,Cash,Delivered
O009372,C01689,P0299,20-09-2024,0,10,Cash,Delivered
O009373,C01964,P0257,19-08-2024,2,20,Upi,Delivered
O009374,C00051,P0206,02-07-2024,2,20,Cash,Delivered
O009375,C00313,P0028,23-10-2024,0,10,Cash,Returned
O009376,C00298,P0479,17-06-2024,4,20,Cash,Delivered
O009377,C01075,P0473,31-05-2024,2,0,Upi,Delivered
O009378,C01385,P0280,05-12-2024,0,110,Upi,Delivered
O009379,C00158,P0212,29-10-2024,3,20,Card,Returned
O009380,C01906,P0334,04-03-2025,2,0,Upi,Cancelled
O009381,C01496,P0389,06-07-2024,2,0,Upi,Shipped
O009382,C00708,P0311,07-07-2025,1,0,Card,Delivered
O009383,C00409,P0261,25-05-2024,1,0,Card,Cancelled
O009384,C01105,P0375,08-03-2024,2,20,Cash,Returned
O009385,C01166,P0490,22-03-2024,4,110,Card,Delivered
O009386,C01581,P0261,19-10-2024,2,0,Upi,Delivered
O009387,C00682,P0236,04-05-2025,2,20,Card,Returned
O009388,C00291,P0180,11-07-2025,3,10,Upi,Delivered
O009389,C00427,P0252,10-02-2025,2,110,Cash,Delivered
O009390,C01886,P0313,19-09-2025,4,10,Upi,Delivered
O009391,C01280,P0485,20-01-2024,2,110,Cash,Shipped
O009392,C01716,P0253,05-04-2024,2,20,Cash,Delivered
O009393,C01830,P0080,05-05-2025,2,110,Upi,Delivered
O009394,C01433,P0455,18-05-2024,2,110,Cash,Cancelled
O009395,C00886,P0325,22-05-2025,1,10,Cash,Shipped
O009396,C01266,P0496,13-07-2025,3,10,Upi,Cancelled
O009397,C00125,P0128,13-05-2024,4,10,Cash,Cancelled
O009398,C01854,P0429,15-10-2024,2,10,Upi,Shipped
O009399,C01798,P0040,02-01-2025,4,10,Cash,Shipped
O009400,C01088,P0084,04-01-2024,1,0,Upi,Returned
O009401,C00463,P0044,28-03-2024,1,10,Upi,Delivered
O009402,C00523,P0062,21-01-2025,2,10,Card,Delivered
O009403,C01587,P0148,16-11-2025,2,110,Upi,Delivered
O009404,C01293,P0013,23-12-2024,2,0,Upi,Cancelled
O009405,C00357,P0386,21-07-2025,4,15,Upi,Returned
O009406,C00752,P0259,29-06-2025,2,0,Cash,Delivered
O009407,C01390,P0170,27-02-2024,2,0,Card,Shipped
O009408,C00269,P0465,19-10-2025,0,20,Upi,Returned
O009409,C01498,P0329,18-12-2024,2,10,Upi,Returned
O009410,C01495,P0063,23-10-2024,2,0,Card,Delivered
O009411,C00082,P0393,02-05-2025,2,0,Upi,Returned
O009412,C00507,P0028,29-05-2025,1,20,Cash,Shipped
O009413,C00953,P0053,08-06-2025,4,110,Upi,Cancelled
O009414,C00736,P0447,08-03-2024,1,10,Cash,Cancelled
O009415,C00433,P0242,17-12-2024,2,0,Card,Cancelled
O009416,C00750,P0030,05-06-2025,3,0,Cash,Shipped
O009417,C01220,P0051,30-10-2025,0,110,Upi,Delivered
O009418,C00311,P9999,21-04-2024,4,20,Upi,Returned
O009419,C01045,P0037,22-07-2024,2,20,Cash,Shipped
O009420,C00079,P0329,27-12-2024,1,20,Card,Shipped
O009421,C00319,P0372,09-03-2025,3,10,Upi,Delivered
O009422,C00388,P0466,28-03-2025,4,15,Upi,Delivered
O009423,C00067,P0289,01-06-2025,2,0,Upi,Returned
O009424,C01147,P0210,14-07-2024,3,20,Cash,Delivered
O009425,C01431,P0290,06-11-2024,2,0,Upi,Delivered
O009426,C00562,P0488,09-01-2025,2,0,Upi,Shipped
O009427,C00690,P0368,14-07-2024,2,10,Upi,Delivered
O009428,C01289,P0070,30-06-2024,2,0,Upi,Cancelled
O009429,C01479,P0365,24-09-2025,4,10,Upi,Delivered
O009430,C00457,P0024,02-09-2025,2,10,Card,Shipped
O009431,C01145,P0343,18-09-2024,2,20,Upi,Delivered
O009432,C01332,P0301,24-08-2024,4,20,Card,Cancelled
O009433,C00500,P0171,17-12-2024,0,110,Upi,Shipped
O009434,C00518,P0432,03-07-2024,4,20,Upi,Delivered
O009435,C00901,P0142,25-10-2025,3,10,Upi,Shipped
O009436,C00095,P0360,07-11-2024,4,15,Upi,Delivered
O009437,C00850,P0028,13-02-2024,3,110,Upi,Delivered
O009438,C01642,P0364,13-04-2024,2,0,Card,Cancelled
O009439,C01754,P0349,22-11-2025,2,110,Cash,Delivered
O009440,C00368,P0101,20-08-2024,2,20,Upi,Returned
O009441,C00283,P0032,20-03-2025,2,0,Upi,Delivered
O009442,C01101,P0135,01-09-2025,2,0,Upi,Shipped
O009443,C00038,P0230,01-09-2025,2,0,Card,Cancelled
O009444,C00040,P0398,03-08-2025,3,10,Upi,Cancelled
O009445,C01348,P0376,13-07-2024,4,15,Upi,Delivered
O009446,C00992,P0475,30-01-2024,2,10,Upi,Delivered
O009447,C01517,P0205,29-09-2024,3,0,Cash,Delivered
O009448,C00292,P0358,18-06-2024,1,10,Upi,Delivered
O009449,C01314,P0329,16-07-2025,3,20,Upi,Delivered
O009450,C01042,P0138,28-05-2025,3,10,Card,Cancelled
O009451,C01348,P0366,23-01-2025,3,0,Upi,Shipped
O009452,C01978,P0205,17-08-2024,1,0,Upi,Cancelled
O009453,C00840,P0116,25-01-2025,4,15,Card,Delivered
O009454,C00291,P0191,25-01-2025,0,10,Cash,Returned
O009455,C01474,P0226,26-01-2024,2,10,Card,Cancelled
O009456,C00680,P0422,03-03-2024,2,0,Card,Cancelled
O009457,C01104,P0070,26-02-2024,0,20,Upi,Cancelled
O009458,C01576,P0058,11-11-2025,4,15,Upi,Returned
O009459,C00413,P0323,25-11-2024,1,20,Upi,Delivered
O009460,C01572,P0299,13-12-2024,2,0,Card,Shipped
O009461,C00217,P0092,09-08-2024,2,0,Cash,Returned
O009462,C01037,P0040,08-09-2024,1,0,Upi,Shipped
O009463,C01661,P0001,10-10-2024,4,15,Upi,Delivered
O009464,C01913,P0006,20-02-2025,4,15,Cash,Delivered
O009465,C00063,P0337,28-02-2025,4,20,Upi,Returned
O009466,C01631,P0240,26-10-2025,3,10,Upi,Returned
O009467,C01731,P0378,24-07-2025,0,20,Upi,Cancelled
O009468,C00299,P0275,21-12-2024,1,0,Card,Delivered
O009469,C01899,P0048,20-12-2024,4,10,Cash,Cancelled
O009470,C00488,P0407,22-02-2024,2,20,Cash,Cancelled
O009471,C01223,P0024,07-08-2024,1,10,Card,Delivered
O009472,C00714,P0301,05-06-2025,2,0,Cash,Cancelled
O009473,C00363,P0463,27-02-2025,0,0,Card,Delivered
O009474,C00864,P0202,04-09-2025,3,20,Card,Delivered
O009475,C00735,P0161,13-02-2024,3,0,Upi,Delivered
O009476,C00336,P0410,28-04-2025,4,15,Card,Returned
O009477,C00508,P0009,09-05-2024,4,15,Upi,Cancelled
O009478,C00776,P0300,19-06-2025,2,20,Upi,Delivered
O009479,C00472,P0311,17-01-2025,4,10,Card,Cancelled
O009480,C00999,P0096,23-11-2024,0,10,Cash,Shipped
O009481,C00878,P0179,05-06-2024,2,0,Cash,Shipped
O009482,C00900,P0154,28-04-2025,4,110,Card,Delivered
O009483,C01417,P0446,31-07-2024,2,10,Upi,Returned
O009484,C00340,P0499,12-04-2024,3,110,Card,Shipped
O009485,C00268,P0363,27-02-2024,3,0,Card,Shipped
O009486,C01997,P0072,29-12-2024,4,10,Cash,Shipped
O009487,C01155,P0365,25-10-2025,2,20,Card,Cancelled
O009488,C00268,P0077,02-07-2025,0,20,Upi,Delivered
O009489,C00808,P0345,23-01-2025,2,0,Upi,Delivered
O009490,C01880,P0485,08-02-2025,2,0,Upi,Returned
O009491,C00317,P0375,29-04-2024,3,110,Upi,Cancelled
O009492,C00198,P0360,31-10-2024,1,0,Upi,Returned
O009493,C01697,P0434,04-01-2025,2,20,Upi,Delivered
O009494,C01805,P0464,15-05-2025,0,0,Upi,Delivered
O009495,C01167,P0045,05-08-2025,2,20,Card,Returned
O009496,C00822,P0324,30-07-2024,2,0,Upi,Cancelled
O009497,C01220,P0153,15-01-2025,3,10,Upi,Delivered
O009498,C00875,P0325,09-09-2025,3,0,Cash,Shipped
O009499,C00592,P0400,28-06-2025,4,10,Upi,Cancelled
O009500,C01505,P0264,24-02-2025,2,0,Card,Delivered
O009501,C01865,P0411,02-10-2025,2,20,Upi,Shipped
O009502,C00707,P0491,30-01-2024,1,110,Card,Cancelled
O009503,C00999,P0446,07-06-2025,2,20,Upi,Delivered
O009504,C01091,P0224,01-11-2024,3,10,Card,Returned
O009505,C00283,P0177,15-12-2024,3,110,Cash,Delivered
O009506,C00521,P0143,29-03-2024,4,110,Cash,Delivered
O009507,C00539,P0090,05-02-2025,1,10,Cash,Delivered
O009508,C01519,P0450,28-08-2025,0,10,Upi,Shipped
O009509,C01891,P0386,25-10-2024,3,0,Upi,Delivered
O009510,C00874,P0325,01-07-2024,2,0,Upi,Shipped
O009511,C00765,P0015,20-03-2024,3,0,Upi,Returned
O009512,C01283,P0459,15-11-2025,0,10,Upi,Shipped
O009513,C01641,P0484,26-06-2025,1,20,Card,Cancelled
O009514,C01155,P0160,04-01-2024,4,10,Card,Returned
O009515,C00415,P0418,04-08-2025,2,20,Upi,Delivered
O009516,C01441,P0060,23-09-2024,0,20,Upi,Cancelled
O009517,C00515,P0384,26-08-2024,0,0,Card,Delivered
O009518,C00110,P0002,02-07-2024,0,110,Upi,Delivered
O009519,C01231,P0091,29-07-2025,4,10,Upi,Delivered
O009520,C00392,P0264,26-08-2024,3,10,Card,Cancelled
O009521,C00433,P0422,13-03-2024,3,10,Cash,Delivered
O009522,C00732,P0095,25-05-2025,2,0,Card,Returned
O009523,C00038,P0121,26-10-2024,2,0,Upi,Shipped
O009524,C00117,P0255,13-07-2024,0,10,Card,Returned
O009525,C01382,P0039,27-12-2024,3,20,Upi,Shipped
O009526,C00594,P0488,15-09-2025,4,10,Upi,Cancelled
O009527,C01131,P0095,13-10-2025,0,20,Card,Cancelled
O009528,C00556,P0215,30-11-2025,3,0,Upi,Cancelled
O009529,C00272,P0261,28-03-2025,2,110,Card,Delivered
O009530,C00022,P0152,07-10-2024,4,110,Upi,Delivered
O009531,C01320,P0010,29-08-2024,2,10,Upi,Shipped
O009532,C01582,P0495,09-01-2024,3,0,Cash,Returned
O009533,C00408,P0354,18-07-2024,4,20,Upi,Shipped
O009534,C00726,P0485,14-02-2025,1,10,Upi,Cancelled
O009535,C01402,P0421,08-03-2025,1,0,Upi,Delivered
O009536,C01705,P0359,10-03-2024,1,20,Cash,Delivered
O009537,C00748,P0322,15-01-2025,0,10,Cash,Delivered
O009538,C01556,P0275,12-12-2024,2,0,Upi,Delivered
O009539,C00797,P0424,16-06-2025,2,20,Upi,Delivered
O009540,C00605,P0396,31-10-2025,3,20,Card,Shipped
O009541,C00757,P0143,23-11-2024,0,20,Cash,Delivered
O009542,C00374,P0156,28-03-2025,1,110,Upi,Cancelled
O009543,C00152,P0452,12-03-2024,4,15,Upi,Returned
O009544,C00030,P0192,18-07-2025,1,0,Cash,Delivered
O009545,C00724,P0135,26-12-2024,4,10,Upi,Delivered
O009546,C00458,P0412,21-11-2024,3,20,Cash,Delivered
O009547,C01742,P0043,27-05-2025,3,20,Cash,Shipped
O009548,C01903,P0486,05-12-2024,4,15,Upi,Delivered
O009549,C01412,P0040,22-02-2025,1,20,Upi,Cancelled
O009550,C01649,P0242,17-01-2025,3,10,Card,Cancelled
O009551,C01894,P0454,16-09-2025,4,110,Upi,Delivered
O009552,C01680,P0243,19-07-2025,1,0,Card,Cancelled
O009553,C01697,P0087,01-05-2025,2,20,Upi,Delivered
O009554,C01707,P0406,14-07-2025,2,20,Card,Shipped
O009555,C00104,P0337,30-11-2024,1,0,Upi,Cancelled
O009556,C01430,P0372,02-08-2025,0,20,Upi,Returned
O009557,C00969,P0458,03-02-2024,2,110,Upi,Delivered
O009558,C01537,P0126,29-10-2024,0,110,Upi,Delivered
O009559,C00476,P0399,26-09-2024,0,20,Upi,Shipped
O009560,C01150,P0497,17-11-2025,4,10,Cash,Cancelled
O009561,C00118,P0422,22-10-2024,4,20,Upi,Cancelled
O009562,C01419,P0270,24-10-2025,2,10,Upi,Returned
O009563,C01399,P0361,31-08-2024,1,20,Card,Delivered
O009564,C01325,P0036,18-09-2025,0,0,Card,Shipped
O009565,C01690,P0147,21-11-2024,2,20,Card,Delivered
O009566,C00874,P0002,16-03-2024,2,20,Upi,Shipped
O009567,C01874,P0256,22-11-2024,2,110,Card,Shipped
O009568,C01813,P0214,24-10-2024,1,0,Upi,Delivered
O009569,C00092,P0152,24-09-2024,2,0,Upi,Returned
O009570,C00034,P0104,12-07-2024,1,0,Upi,Cancelled
O009571,C00399,P0177,16-01-2025,3,0,Upi,Delivered
O009572,C01716,P0179,11-01-2024,2,0,Upi,Cancelled
O009573,C00335,P0116,25-12-2024,2,0,Card,Shipped
O009574,C01694,P0395,01-04-2025,2,20,Card,Delivered
O009575,C01661,P0076,20-05-2024,2,0,Cash,Delivered
O009576,C00567,P0074,06-11-2025,4,20,Card,Returned
O009577,C01742,P0107,26-06-2024,3,10,Upi,Returned
O009578,C01682,P0129,15-06-2024,1,10,Card,Delivered
O009579,C01788,P0178,20-01-2025,2,20,Cash,Returned
O009580,C01955,P0363,17-01-2024,2,10,Upi,Delivered
O009581,C01183,P0171,02-03-2024,4,15,Upi,Delivered
O009582,C00007,P0471,15-11-2025,2,20,Card,Cancelled
O009583,C00623,P0469,13-08-2025,3,20,Cash,Cancelled
O009584,C01918,P0110,18-10-2025,0,0,Upi,Cancelled
O009585,C01663,P0130,07-05-2025,4,15,Card,Shipped
O009586,C00345,P0426,12-09-2025,2,0,Upi,Delivered
O009587,C00714,P0367,03-11-2025,2,10,Card,Delivered
O009588,C00429,P0203,08-01-2025,3,110,Cash,Shipped
O009589,C01913,P0307,10-09-2025,1,20,Card,Returned
O009590,C01931,P0135,18-10-2024,2,10,Upi,Returned
O009591,C00029,P0316,26-07-2024,0,10,Cash,Shipped
O009592,C00938,P0270,12-10-2025,2,10,Upi,Delivered
O009593,C01708,P0386,09-03-2025,3,0,Upi,Delivered
O009594,C01639,P0094,04-08-2024,2,110,Card,Delivered
O009595,C00104,P0395,10-03-2024,0,0,Cash,Delivered
O009596,C01465,P0256,13-06-2024,4,20,Card,Shipped
O009597,C00043,P0106,21-01-2025,4,15,Card,Returned
O009598,C00594,P0068,29-12-2024,2,10,Card,Delivered
O009599,C00750,P0363,17-04-2025,4,110,Upi,Delivered
O009600,C01845,P0305,30-06-2025,2,0,Upi,Cancelled
O009601,C00617,P0356,05-10-2025,2,0,Cash,Shipped
O009602,C00657,P0369,20-09-2025,2,10,Cash,Delivered
O009603,C01225,P0425,17-04-2024,0,20,Upi,Cancelled
O009604,C00050,P0381,19-08-2025,1,0,Upi,Shipped
O009605,C00572,P0355,23-05-2024,4,110,Upi,Delivered
O009606,C01979,P0111,06-11-2025,2,0,Cash,Shipped
O009607,C00303,P0057,08-08-2025,0,0,Cash,Returned
O009608,C01874,P0183,26-12-2024,4,110,Upi,Delivered
O009609,C00161,P0081,02-03-2024,0,0,Upi,Returned
O009610,C00193,P0393,06-04-2024,2,0,Upi,Delivered
O009611,C00744,P0240,30-10-2024,3,10,Upi,Delivered
O009612,C00696,P0140,03-08-2024,1,10,Cash,Returned
O009613,C00038,P0372,28-10-2024,2,10,Cash,Shipped
O009614,C01485,P0405,20-09-2025,4,20,Upi,Delivered
O009615,C01696,P0240,12-04-2025,2,10,Upi,Returned
O009616,C00849,P0012,18-11-2024,4,10,Cash,Delivered
O009617,C01541,P0405,10-08-2025,4,15,Cash,Returned
O009618,C01588,P0486,19-02-2024,4,10,Cash,Delivered
O009619,C01815,P0495,04-03-2025,1,20,Upi,Delivered
O009620,C01899,P0349,19-07-2025,0,10,Card,Shipped
O009621,C00622,P0466,18-03-2025,4,15,Upi,Returned
O009622,C00992,P0159,20-06-2024,3,0,Card,Cancelled
O009623,C01945,P0374,02-01-2025,1,10,Card,Shipped
O009624,C00210,P0240,14-08-2025,2,0,Upi,Delivered
O009625,C00144,P0479,15-09-2025,0,10,Cash,Delivered
O009626,C01194,P0344,10-07-2025,2,20,Card,Cancelled
O009627,C01970,P0061,23-05-2025,0,10,Card,Delivered
O009628,C00403,P0043,14-01-2024,4,10,Upi,Returned
O009629,C00638,P0261,31-05-2025,1,10,Upi,Returned
O009630,C01538,P0044,15-12-2024,1,110,Upi,Delivered
O009631,C00040,P0172,15-07-2025,2,0,Cash,Delivered
O009632,C01515,P0247,19-11-2025,4,15,Upi,Returned
O009633,C00567,P0242,12-03-2024,4,15,Upi,Returned
O009634,C00675,P0241,15-05-2024,2,110,Cash,Cancelled
O009635,C00942,P0354,29-11-2024,2,20,Card,Cancelled
O009636,C01655,P0016,08-05-2025,4,15,Upi,Shipped
O009637,C01525,P0481,27-07-2024,2,110,Cash,Delivered
O009638,C01932,P0187,08-05-2025,3,10,Card,Cancelled
O009639,C00546,P0215,10-03-2025,1,0,Card,Returned
O009640,C00521,P0417,06-02-2024,1,0,Cash,Delivered
O009641,C00647,P0397,13-08-2025,4,10,Upi,Delivered
O009642,C00658,P0318,21-12-2024,0,0,Card,Delivered
O009643,C00869,P0206,19-01-2025,1,20,Upi,Shipped
O009644,C00898,P0281,30-03-2024,4,15,Upi,Returned
O009645,C00091,P0136,22-09-2025,2,20,Upi,Delivered
O009646,C01465,P0485,04-12-2024,4,15,Upi,Shipped
O009647,C00070,P0001,23-06-2024,2,110,Card,Delivered
O009648,C01686,P0057,20-10-2025,1,20,Cash,Shipped
O009649,C01075,P0250,20-07-2025,2,0,Upi,Shipped
O009650,C01916,P0464,02-08-2024,4,10,Card,Shipped
O009651,C00009,P0218,05-09-2024,4,15,Upi,Shipped
O009652,C00460,P0085,28-11-2025,4,15,Card,Delivered
O009653,C01504,P0315,25-11-2024,1,0,Upi,Shipped
O009654,C00402,P0215,27-10-2025,1,0,Upi,Delivered
O009655,C00324,P0469,09-02-2025,4,15,Cash,Delivered
O009656,C00488,P0365,16-07-2025,1,10,Cash,Returned
O009657,C99999,P0234,10-06-2024,0,110,Cash,Delivered
O009658,C00914,P0147,22-04-2025,2,20,Upi,Shipped
O009659,C00788,P0027,13-10-2024,1,10,Card,Returned
O009660,C00924,P0275,17-03-2025,2,20,Upi,Returned
O009661,C00105,P0009,25-02-2025,4,20,Upi,Delivered
O009662,C01271,P0070,09-06-2024,1,10,Upi,Shipped
O009663,C00044,P0019,11-12-2024,2,20,Cash,Returned
O009664,C00146,P0227,03-09-2024,2,20,Upi,Delivered
O009665,C00509,P0089,22-02-2025,2,10,Cash,Delivered
O009666,C01229,P0434,17-02-2024,0,10,Upi,Cancelled
O009667,C01924,P0338,22-03-2025,1,20,Upi,Returned
O009668,C01269,P0338,30-01-2025,1,20,Cash,Returned
O009669,C01298,P0062,31-03-2025,0,20,Upi,Delivered
O009670,C00911,P0472,15-04-2025,2,0,Cash,Cancelled
O009671,C00687,P0028,07-12-2024,2,110,Card,Returned
O009672,C01564,P0101,24-10-2025,2,0,Card,Shipped
O009673,C01252,P0439,26-06-2025,3,10,Upi,Delivered
O009674,C01978,P0290,09-07-2024,0,0,Card,Delivered
O009675,C00854,P0491,07-10-2025,2,0,Cash,Delivered
O009676,C01272,P0033,10-08-2025,0,10,Upi,Cancelled
O009677,C00016,P0329,24-11-2024,3,0,Card,Shipped
O009678,C01462,P0425,04-03-2025,2,110,Upi,Delivered
O009679,C01864,P0017,15-03-2025,4,15,Cash,Delivered
O009680,C00037,P0461,12-04-2025,2,10,Cash,Delivered
O009681,C01800,P0389,23-04-2025,4,20,Card,Cancelled
O009682,C00652,P0259,28-01-2024,0,20,Cash,Returned
O009683,C01413,P0064,05-01-2025,1,0,Upi,Cancelled
O009684,C00986,P0129,05-11-2024,2,0,Upi,Returned
O009685,C00069,P0395,11-05-2025,4,15,Upi,Returned
O009686,C01839,P0198,13-04-2025,2,110,Upi,Cancelled
O009687,C00458,P0170,12-05-2024,2,20,Card,Delivered
O009688,C00356,P0126,09-06-2025,1,0,Upi,Delivered
O009689,C01927,P0194,18-10-2024,2,0,Cash,Cancelled
O009690,C00485,P0229,27-11-2024,0,110,Upi,Shipped
O009691,C01770,P0253,13-10-2024,2,20,Cash,Returned
O009692,C01781,P0222,14-01-2025,2,20,Cash,Cancelled
O009693,C00611,P0181,12-01-2024,2,0,Cash,Delivered
O009694,C01515,P0011,16-07-2025,3,20,Card,Cancelled
O009695,C01537,P9999,06-02-2024,4,15,Upi,Shipped
O009696,C00608,P0033,31-08-2024,4,15,Cash,Shipped
O009697,C00644,P0113,06-12-2024,2,0,Card,Returned
O009698,C01811,P0199,21-03-2025,1,20,Upi,Cancelled
O009699,C00347,P0022,07-06-2025,2,10,Cash,Delivered
O009700,C01229,P0429,28-11-2024,1,10,Upi,Cancelled
O009701,C00860,P0187,11-02-2024,4,20,Upi,Cancelled
O009702,C01751,P0115,17-02-2025,2,0,Upi,Delivered
O009703,C01006,P0322,23-11-2024,1,10,Upi,Shipped
O009704,C01428,P0481,06-02-2024,2,10,Upi,Cancelled
O009705,C01769,P0466,19-05-2024,2,0,Card,Shipped
O009706,C00894,P0029,10-04-2024,0,0,Upi,Shipped
O009707,C00778,P0157,28-11-2024,3,10,Upi,Delivered
O009708,C00980,P0110,06-01-2024,2,20,Upi,Delivered
O009709,C00723,P0313,15-01-2024,4,15,Card,Shipped
O009710,C00858,P0393,13-11-2025,2,0,Upi,Shipped
O009711,C01686,P0091,25-06-2025,4,20,Upi,Shipped
O009712,C01709,P0481,12-06-2025,2,0,Cash,Cancelled
O009713,C00916,P0252,08-03-2024,3,0,Cash,Shipped
O009714,C01289,P0289,02-11-2025,4,15,Upi,Delivered
O009715,C01929,P0353,12-07-2025,4,10,Card,Cancelled
O009716,C01716,P0350,16-10-2025,3,20,Cash,Delivered
O009717,C00304,P0161,10-02-2024,4,15,Card,Returned
O009718,C00341,P0418,21-11-2024,4,110,Upi,Cancelled
O009719,C00823,P0327,29-03-2024,4,15,Cash,Shipped
O009720,C00089,P0285,06-05-2024,2,0,Cash,Delivered
O009721,C01897,P0274,25-11-2025,3,0,Upi,Returned
O009722,C01783,P0079,24-03-2025,3,20,Card,Delivered
O009723,C00991,P0409,03-11-2024,3,0,Card,Delivered
O009724,C00599,P0202,20-08-2025,4,15,Card,Cancelled
O009725,C00048,P0158,05-04-2025,4,15,Cash,Shipped
O009726,C00262,P0347,13-05-2025,2,0,Cash,Cancelled
O009727,C01549,P0284,24-04-2025,3,10,Card,Delivered
O009728,C00321,P0341,06-01-2024,1,20,Card,Delivered
O009729,C01249,P0197,28-05-2024,4,10,Upi,Delivered
O009730,C01914,P0274,15-07-2024,1,0,Upi,Delivered
O009731,C01572,P0342,29-07-2024,1,10,Cash,Delivered
O009732,C00842,P0342,28-11-2024,0,0,Card,Cancelled
O009733,C00598,P0083,06-07-2024,1,20,Upi,Returned
O009734,C00391,P0201,27-10-2025,1,10,Card,Delivered
O009735,C00980,P0275,30-06-2025,2,10,Upi,Shipped
O009736,C01733,P0488,09-05-2024,3,20,Cash,Returned
O009737,C01035,P0072,26-07-2025,3,0,Card,Shipped
O009738,C00390,P0123,20-10-2024,1,0,Card,Returned
O009739,C00242,P0077,04-10-2025,2,0,Upi,Returned
O009740,C00017,P0391,23-01-2024,1,20,Card,Shipped
O009741,C00854,P0027,20-10-2024,0,0,Cash,Cancelled
O009742,C00749,P0156,01-12-2025,3,10,Cash,Returned
O009743,C00850,P0135,15-06-2024,0,20,Upi,Delivered
O009744,C01840,P0158,25-07-2024,2,110,Cash,Cancelled
O009745,C01318,P0063,01-02-2025,3,10,Cash,Returned
O009746,C00639,P0250,18-02-2025,2,0,Upi,Delivered
O009747,C00738,P0407,25-12-2024,4,15,Upi,Delivered
O009748,C01168,P0176,06-05-2025,2,20,Card,Shipped
O009749,C01010,P0229,11-09-2025,0,20,Card,Delivered
O009750,C00580,P0241,15-02-2024,4,10,Cash,Cancelled
O009751,C01532,P0280,23-07-2025,3,10,Upi,Delivered
O009752,C01477,P0030,29-12-2024,3,20,Card,Delivered
O009753,C00726,P0282,27-11-2025,2,0,Card,Delivered
O009754,C01393,P0280,03-01-2024,4,10,Card,Delivered
O009755,C01184,P0475,19-07-2024,0,0,Card,Cancelled
O009756,C01743,P0245,02-06-2025,0,10,Card,Returned
O009757,C00554,P0140,16-06-2024,0,10,Upi,Delivered
O009758,C01048,P0018,29-06-2025,2,10,Upi,Returned
O009759,C01198,P0193,13-04-2025,4,15,Card,Returned
O009760,C01315,P0476,24-08-2024,2,20,Card,Returned
O009761,C00931,P0371,10-04-2024,3,110,Upi,Cancelled
O009762,C00010,P0478,21-10-2025,2,0,Upi,Cancelled
O009763,C00753,P0022,11-09-2025,4,20,Card,Delivered
O009764,C01131,P0183,05-11-2024,2,0,Upi,Delivered
O009765,C01584,P0485,27-10-2025,2,0,Upi,Shipped
O009766,C00929,P0258,24-08-2024,2,0,Cash,Shipped
O009767,C00519,P0432,08-02-2025,2,10,Cash,Delivered
O009768,C01340,P0355,22-05-2024,4,10,Upi,Returned
O009769,C01001,P0481,27-07-2025,2,20,Upi,Delivered
O009770,C01102,P0325,15-02-2025,2,20,Upi,Delivered
O009771,C01433,P0456,28-04-2024,0,20,Card,Returned
O009772,C01833,P0157,14-10-2024,2,20,Card,Delivered
O009773,C01856,P0088,27-11-2024,4,110,Card,Cancelled
O009774,C00111,P0201,03-08-2025,4,20,Card,Delivered
O009775,C01209,P0110,27-12-2024,3,0,Upi,Delivered
O009776,C01958,P0061,25-07-2024,1,10,Card,Returned
O009777,C00991,P0130,28-10-2024,1,110,Card,Delivered
O009778,C01264,P0166,11-09-2024,0,110,Card,Shipped
O009779,C01767,P0086,09-03-2024,2,0,Cash,Delivered
O009780,C01707,P0254,18-04-2024,2,10,Cash,Returned
O009781,C01133,P0027,27-01-2024,2,0,Cash,Shipped
O009782,C00712,P0343,15-06-2025,2,10,Upi,Returned
O009783,C00591,P0027,26-06-2024,2,0,Cash,Returned
O009784,C01620,P0192,27-04-2025,1,0,Upi,Cancelled
O009785,C00190,P0160,09-07-2024,1,10,Cash,Cancelled
O009786,C00370,P0042,19-09-2025,1,20,Upi,Cancelled
O009787,C01215,P0004,12-01-2024,3,110,Cash,Delivered
O009788,C00265,P0429,29-10-2024,2,110,Cash,Shipped
O009789,C01358,P0460,26-08-2024,3,20,Upi,Cancelled
O009790,C01966,P0255,10-08-2024,4,15,Card,Delivered
O009791,C00496,P0048,07-10-2025,2,20,Cash,Returned
O009792,C01178,P0393,04-11-2024,0,20,Cash,Delivered
O009793,C01600,P0031,29-06-2024,0,20,Upi,Shipped
O009794,C00045,P0107,21-02-2025,3,10,Upi,Delivered
O009795,C01986,P0349,16-07-2025,0,0,Card,Shipped
O009796,C01189,P0075,22-08-2024,3,0,Cash,Delivered
O009797,C01932,P0002,04-02-2025,0,0,Cash,Cancelled
O009798,C00085,P0428,12-08-2024,3,0,Upi,Shipped
O009799,C01237,P0350,13-03-2024,2,10,Card,Delivered
O009800,C00570,P0100,08-08-2025,3,0,Upi,Cancelled
O009801,C01965,P0424,31-01-2024,0,20,Card,Returned
O009802,C01138,P0314,21-11-2025,2,10,Card,Delivered
O009803,C00379,P0432,10-06-2025,2,0,Card,Delivered
O009804,C01474,P0464,25-04-2024,2,110,Upi,Shipped
O009805,C01154,P0458,25-03-2024,1,0,Upi,Shipped
O009806,C01309,P0378,20-06-2024,2,0,Card,Delivered
O009807,C01768,P0051,14-03-2024,4,20,Upi,Cancelled
O009808,C01790,P0081,05-10-2025,0,0,Upi,Shipped
O009809,C00842,P0102,06-11-2025,0,0,Upi,Delivered
O009810,C00348,P0337,06-09-2024,3,0,Upi,Delivered
O009811,C01061,P0475,02-10-2025,3,10,Card,Returned
O009812,C01557,P0415,28-10-2025,1,10,Upi,Cancelled
O009813,C00713,P0313,21-03-2024,2,10,Upi,Cancelled
O009814,C00467,P0323,26-10-2024,2,20,Cash,Delivered
O009815,C00077,P0463,01-07-2025,3,20,Cash,Delivered
O009816,C00623,P0091,17-02-2025,1,0,Upi,Returned
O009817,C01294,P0072,21-07-2024,0,0,Upi,Cancelled
O009818,C00462,P0142,22-09-2024,3,0,Card,Returned
O009819,C00411,P0420,05-05-2025,1,20,Upi,Returned
O009820,C01488,P0173,08-05-2024,1,0,Cash,Shipped
O009821,C00473,P0275,03-10-2025,2,0,Cash,Shipped
O009822,C01436,P0407,11-03-2024,3,0,Cash,Shipped
O009823,C00650,P0219,02-04-2025,1,20,Cash,Cancelled
O009824,C00341,P0322,17-01-2024,4,20,Upi,Returned
O009825,C01686,P0255,09-07-2024,2,0,Upi,Delivered
O009826,C00514,P0209,30-04-2025,0,110,Cash,Delivered
O009827,C01548,P0053,29-12-2024,4,15,Cash,Delivered
O009828,C00358,P0192,17-03-2025,2,0,Card,Shipped
O009829,C00832,P0142,12-08-2025,1,0,Upi,Delivered
O009830,C00188,P0479,01-02-2024,4,15,Card,Returned
O009831,C01437,P0142,04-11-2025,2,0,Card,Shipped
O009832,C01650,P0174,14-09-2024,2,0,Cash,Returned
O009833,C00981,P0426,19-05-2025,0,0,Upi,Delivered
O009834,C01336,P0032,26-05-2025,1,110,Upi,Returned
O009835,C01210,P0183,13-03-2024,3,10,Card,Shipped
O009836,C00387,P0476,15-08-2025,4,15,Cash,Returned
O009837,C00596,P0497,12-10-2024,3,20,Upi,Cancelled
O009838,C00603,P0200,20-12-2024,4,15,Cash,Cancelled
O009839,C00725,P0110,11-11-2025,4,110,Cash,Shipped
O009840,C01435,P0184,21-10-2024,4,15,Card,Delivered
O009841,C01086,P0494,02-08-2025,4,10,Upi,Delivered
O009842,C00201,P0248,22-06-2025,2,0,Cash,Cancelled
O009843,C00780,P0029,05-10-2024,3,20,Upi,Cancelled
O009844,C00940,P0311,09-12-2024,4,110,Upi,Delivered
O009845,C00026,P0370,10-04-2025,0,10,Upi,Shipped
O009846,C00092,P0352,26-03-2024,2,20,Upi,Cancelled
O009847,C00411,P0283,18-09-2025,0,20,Cash,Delivered
O009848,C00357,P0452,04-01-2025,4,20,Card,Delivered
O009849,C01710,P0296,18-03-2025,2,20,Upi,Returned
O009850,C00072,P0058,05-07-2025,4,110,Upi,Shipped
O009851,C00133,P0300,14-03-2024,0,10,Upi,Delivered
O009852,C00312,P0496,17-10-2024,4,15,Upi,Returned
O009853,C01632,P0366,01-11-2024,3,10,Upi,Delivered
O009854,C00499,P0394,31-10-2025,4,15,Upi,Delivered
O009855,C01936,P0194,22-01-2024,2,10,Upi,Cancelled
O009856,C00293,P0060,10-09-2024,2,0,Cash,Cancelled
O009857,C00806,P0060,19-04-2025,0,20,Cash,Delivered
O009858,C01262,P0316,16-11-2025,0,20,Cash,Delivered
O009859,C00432,P0083,15-12-2024,1,10,Card,Cancelled
O009860,C00069,P0207,30-04-2024,1,20,Cash,Delivered
O009861,C00616,P0414,03-04-2024,2,20,Upi,Delivered
O009862,C01496,P0454,27-08-2024,0,0,Upi,Returned
O009863,C01491,P0344,20-12-2024,4,20,Upi,Shipped
O009864,C01744,P0322,13-05-2024,2,0,Card,Cancelled
O009865,C00627,P0357,23-02-2024,3,0,Cash,Delivered
O009866,C00023,P0492,04-05-2024,0,10,Upi,Cancelled
O009867,C02000,P0179,12-02-2024,2,20,Card,Cancelled
O009868,C01120,P0254,30-10-2024,0,0,Upi,Delivered
O009869,C00382,P0261,30-07-2025,3,20,Upi,Shipped
O009870,C01718,P0034,10-07-2024,2,0,Upi,Cancelled
O009871,C01553,P0045,01-08-2025,2,20,Cash,Delivered
O009872,C01777,P0252,26-09-2025,0,10,Upi,Delivered
O009873,C00696,P0309,12-07-2025,3,0,Upi,Returned
O009874,C01375,P0230,06-08-2025,2,110,Cash,Cancelled
O009875,C00893,P0431,11-02-2024,3,20,Card,Shipped
O009876,C01396,P0184,05-08-2025,0,0,Upi,Returned
O009877,C00726,P0305,05-03-2025,1,20,Cash,Shipped
O009878,C01337,P0389,19-05-2024,1,10,Cash,Cancelled
O009879,C00115,P0381,18-02-2025,1,0,Cash,Shipped
O009880,C00793,P0447,19-09-2025,1,110,Cash,Cancelled
O009881,C01277,P0166,19-01-2025,4,15,Card,Delivered
O009882,C01922,P0441,06-10-2024,1,110,Cash,Delivered
O009883,C01569,P0474,08-07-2024,1,0,Upi,Returned
O009884,C00217,P0260,20-07-2024,2,110,Upi,Returned
O009885,C00103,P0042,01-08-2024,2,0,Upi,Delivered
O009886,C01539,P0332,14-09-2024,2,0,Upi,Cancelled
O009887,C00052,P0241,25-03-2024,3,10,Upi,Returned
O009888,C00854,P0273,03-01-2025,4,15,Upi,Returned
O009889,C01699,P0153,25-11-2025,2,20,Upi,Delivered
O009890,C01409,P0042,14-04-2024,4,15,Card,Delivered
O009891,C00121,P0345,12-04-2024,3,110,Card,Cancelled
O009892,C00207,P0439,05-05-2025,2,110,Card,Delivered
O009893,C01284,P0349,06-05-2025,0,0,Cash,Returned
O009894,C00065,P0099,16-10-2025,4,15,Cash,Returned
O009895,C00407,P0180,31-05-2024,3,20,Upi,Cancelled
O009896,C00607,P0436,26-08-2025,0,110,Cash,Cancelled
O009897,C00007,P0397,20-06-2025,2,10,Cash,Delivered
O009898,C01128,P0407,10-07-2025,1,10,Upi,Delivered
O009899,C01868,P0383,05-11-2024,4,110,Upi,Returned
O009900,C00747,P0425,08-11-2024,4,15,Upi,Shipped
O009901,C01138,P0256,14-06-2024,3,0,Cash,Delivered
O009902,C01596,P0358,26-09-2025,2,0,Upi,Delivered
O009903,C01027,P0124,08-06-2025,2,20,Upi,Cancelled
O009904,C00034,P0299,30-08-2024,1,20,Card,Shipped
O009905,C01513,P0230,02-04-2025,3,10,Upi,Delivered
O009906,C01876,P0148,04-08-2025,2,10,Upi,Cancelled
O009907,C01257,P0354,20-05-2025,2,20,Cash,Cancelled
O009908,C00359,P0177,14-05-2024,2,10,Cash,Shipped
O009909,C00303,P0452,09-11-2024,3,110,Upi,Delivered
O009910,C00972,P0320,15-09-2025,2,110,Upi,Shipped
O009911,C00536,P0158,21-04-2025,2,0,Card,Shipped
O009912,C01274,P0479,30-11-2025,2,0,Cash,Cancelled
O009913,C01717,P0326,09-11-2024,3,10,Upi,Delivered
O009914,C00211,P0384,04-09-2024,3,20,Upi,Shipped
O009915,C01886,P0498,29-07-2024,4,15,Card,Cancelled
O009916,C01216,P0029,26-05-2024,3,20,Upi,Returned
O009917,C01528,P0365,30-08-2024,4,15,Upi,Delivered
O009918,C01190,P0347,25-02-2024,2,20,Upi,Delivered
O009919,C00869,P0217,05-06-2025,1,10,Cash,Delivered
O009920,C00824,P0217,01-07-2025,1,10,Cash,Delivered
O009921,C01741,P0323,02-07-2025,2,0,Card,Delivered
O009922,C00293,P0349,21-06-2025,3,0,Upi,Shipped
O009923,C01654,P0043,09-01-2025,4,10,Upi,Cancelled
O009924,C00843,P0170,05-10-2024,2,10,Card,Returned
O009925,C01552,P0436,19-08-2025,2,20,Cash,Cancelled
O009926,C00857,P0430,25-05-2025,4,15,Upi,Delivered
O009927,C00926,P0450,28-07-2025,2,0,Upi,Delivered
O009928,C01132,P0129,26-11-2024,1,0,Upi,Delivered
O009929,C00620,P0431,09-01-2025,4,15,Card,Delivered
O009930,C01867,P0003,03-08-2025,2,20,Cash,Delivered
O009931,C00737,P0436,23-09-2025,2,10,Upi,Shipped
O009932,C01317,P0180,15-11-2024,2,110,Upi,Returned
O009933,C00996,P0195,27-11-2025,4,110,Cash,Shipped
O009934,C00817,P0204,01-06-2024,2,10,Upi,Returned
O009935,C01977,P0397,26-09-2024,4,110,Cash,Shipped
O009936,C00845,P0216,17-06-2025,0,110,Upi,Delivered
O009937,C00228,P0396,25-05-2024,3,0,Cash,Delivered
O009938,C00106,P0182,30-11-2024,1,110,Upi,Shipped
O009939,C01663,P0311,06-06-2024,2,20,Upi,Returned
O009940,C01082,P0149,09-04-2025,1,10,Cash,Cancelled
O009941,C00420,P0388,01-04-2025,4,10,Cash,Shipped
O009942,C00755,P0298,29-07-2024,2,0,Cash,Cancelled
O009943,C00223,P0230,12-08-2025,2,0,Upi,Delivered
O009944,C01919,P0148,30-12-2024,4,15,Card,Cancelled
O009945,C01279,P0125,05-10-2024,0,110,Cash,Delivered
O009946,C01904,P0349,17-02-2024,4,20,Upi,Shipped
O009947,C00529,P0040,03-11-2024,2,10,Upi,Returned
O009948,C00713,P0236,29-12-2024,2,10,Upi,Returned
O009949,C01273,P0171,02-09-2025,2,0,Upi,Returned
O009950,C01136,P0137,09-12-2024,1,0,Upi,Delivered
O009951,C00901,P0266,25-02-2025,2,20,Cash,Shipped
O009952,C00814,P0482,24-04-2024,2,0,Upi,Delivered
O009953,C01642,P0348,24-01-2024,1,10,Card,Returned
O009954,C01740,P0463,05-03-2024,2,10,Upi,Cancelled
O009955,C00147,P0151,01-01-2025,4,110,Upi,Cancelled
O009956,C00069,P0457,05-08-2024,4,15,Upi,Delivered
O009957,C00509,P0256,24-11-2024,3,20,Upi,Delivered
O009958,C01205,P0050,01-02-2025,3,0,Card,Returned
O009959,C00736,P0108,26-11-2024,4,15,Cash,Shipped
O009960,C00776,P0339,03-06-2024,2,0,Card,Cancelled
O009961,C00466,P0057,14-07-2025,0,20,Cash,Shipped
O009962,C01008,P0035,10-11-2025,3,0,Cash,Delivered
O009963,C01397,P0063,15-02-2025,4,15,Cash,Shipped
O009964,C00106,P0006,11-03-2025,2,20,Upi,Returned
O009965,C00377,P0274,07-02-2024,0,20,Cash,Delivered
O009966,C00795,P0043,06-03-2024,2,10,Upi,Delivered
O009967,C00600,P0459,12-10-2024,1,0,Upi,Shipped
O009968,C01531,P0160,17-01-2025,4,20,Cash,Cancelled
O009969,C00297,P0354,17-10-2024,0,110,Card,Returned
O009970,C01774,P0011,22-06-2024,3,0,Card,Cancelled
O009971,C00993,P0464,03-04-2025,4,10,Cash,Returned
O009972,C00737,P9999,08-07-2025,1,110,Card,Cancelled
O009973,C00043,P0148,03-09-2024,0,110,Upi,Cancelled
O009974,C01112,P0431,19-09-2024,2,110,Upi,Cancelled
O009975,C01780,P0099,20-01-2025,1,10,Card,Delivered
O009976,C00486,P0466,02-03-2024,1,0,Upi,Delivered
O009977,C01721,P0133,22-02-2024,2,0,Cash,Delivered
O009978,C00352,P0306,19-11-2025,4,15,Cash,Delivered
O009979,C01365,P0230,29-03-2024,0,110,Cash,Shipped
O009980,C01379,P0054,19-09-2025,2,0,Cash,Returned
O009981,C00916,P0166,01-07-2025,3,20,Card,Returned
O009982,C01551,P0400,24-11-2024,4,10,Card,Cancelled
O009983,C00373,P0353,16-04-2024,1,0,Card,Delivered
O009984,C00548,P0381,01-11-2024,1,10,Card,Returned
O009985,C00906,P0284,20-06-2025,2,20,Upi,Delivered
O009986,C00157,P0447,01-09-2024,4,20,Cash,Shipped
O009987,C00448,P0215,01-03-2025,2,0,Upi,Delivered
O009988,C01979,P0360,01-11-2025,1,10,Cash,Delivered
O009989,C00732,P0025,25-04-2025,2,0,Upi,Cancelled
O009990,C99999,P0276,13-06-2024,3,0,Upi,Returned
O009991,C01261,P0405,14-02-2025,3,0,Upi,Cancelled
O009992,C01823,P0458,23-03-2025,0,0,Cash,Delivered
O009993,C01136,P0088,09-08-2024,4,110,Upi,Returned
O009994,C01201,P0316,06-10-2025,2,110,Upi,Cancelled
O009995,C01661,P0226,26-04-2024,1,10,Cash,Cancelled
O009996,C00227,P0284,09-11-2024,4,15,Upi,Delivered
O009997,C00026,P0218,30-05-2025,2,20,Upi,Returned
O009998,C00066,P0094,23-07-2024,1,110,Upi,Shipped
O009999,C01609,P0108,06-06-2024,2,0,Upi,Shipped
O010000,C01718,P0143,19-03-2025,3,10,Upi,Returned
